country,name,grade,phone,email,website,address,profile_url
Afghanistan,Prime Global Oriental Consultants & Auditors,Ready,+93 78 709 8321,ocafghanistan@gmail.com,http://www.ocafghan.com,"House 22, Street 17, Chart e 3,",https://www.odoo.com/partners/prime-global-oriental-consultants-auditors-11933754
Afghanistan,NETLINKS,Ready,+93 72 942 1266,shoaib@netlinks.af,,"NETLINKS Plaza, Street 6, Lane 3, Phase A, Shar-e-naw",https://www.odoo.com/partners/netlinks-4654
Afghanistan,Orhan Technology Company,Ready,+93 72 953 0377,faridoon@orhan.af,https://orhan.af/,"House No 15, Street 4 Qala e Fatullah, Kabul, Afghanistan",https://www.odoo.com/partners/orhan-technology-company-21881671
Albania,TechFin,Ready,,,,,https://www.odoo.com/partners/techfin-16824655
Albania,Prisma,Ready,+355 67 202 8271,info@tetrapro.al,https://prisma.al/,"Complex Kika 2, Bld 7, Floor 2",https://www.odoo.com/partners/prisma-22461283
Albania,TriK Tech,Ready,+355 69 257 6686,contact@triktech.al,https://triktech.al,"Njesia Bashkiake Nr. 2, Rruga Kostandin Kristoforidhi, Pallati 4, Shkalla 1, Ap. 39, Tirane",https://www.odoo.com/partners/trik-tech-29993658
Albania,STRING,Ready,+355 67 205 4128,sales@string.al,https://www.string.al,"'Tish Dajia', Kompleksi 'Haxhiu', Shkalla 6,",https://www.odoo.com/partners/string-10282328
Albania,Master IT,Silver,+355 69 213 0000,info@master.al,https://www.master.al/,"Rruga Bedri Karapici, Kompleksi Tirana Golden Park",https://www.odoo.com/partners/master-it-3909575
Albania,Zero l Odoo Partner,Silver,+355 68 21 43 018,zero.al@outlook.com,https://www.zero.com.al,"Rruga "" Fadil Rada "", Pallati i Ri, Ap.3.3, Kati i 4-t.",https://www.odoo.com/partners/zero-l-odoo-partner-4282933
Algeria,SIBIC,Silver,+213 560 03 33 65,h.lounissi@sibic.dz,https://sibic.dz/,"24, Amara 02, Cheraga",https://www.odoo.com/partners/sibic-1747888
Algeria,Cetelex,Ready,+213 (0) 781 220-507,"sales@cetelex.com, fethi.miloudi@cetelex.com",https://www.cetelex.com/,"21, Rue Mohamed Tahar Semani Hydra",https://www.odoo.com/partners/cetelex-5183470
Algeria,EURL BUSINESNA,Ready,+213 770 74 56 73,contact@businesna.dz,https://businesna.dz,"Buisnesna lot 253 Cite Douzi 03,",https://www.odoo.com/partners/eurl-businesna-11362831
Algeria,SARL Insidjam COM,Gold,+213560044717,odoo@insidjam.com,http://www.insidjam.com,01 Lotissement Azzouz Abdellah,https://www.odoo.com/partners/sarl-insidjam-com-6706624
Andorra,Process Control Technology Andorra,Ready,+376323976,"nadir.ortolani@processcontrol.ad, leads_nb@processcontrol.es",,Avinguda Esteve Albert 4,https://www.odoo.com/partners/process-control-technology-andorra-24934006
Andorra,BDR GROUP SLU,Ready,+376 862 762,odooleads@bdrinformatica.com,,"Passeig Arnaldeta de Caboet, 11, 2n2a",https://www.odoo.com/partners/bdr-group-slu-22015187
Angola,TIS TECH ANGOLA - TECNOLOGIA INFOR SIST SERV LDA,Silver,+244 937 552 501,comercial@tis.ao,https://www.tis.ao/,"Condominio Belas Business Park, Edificio Cabinda, Nº 103 e 104, Talatona, Luanda",https://www.odoo.com/partners/tis-tech-angola-tecnologia-infor-sist-serv-lda-8399343
Angola,"EXPOTECH – Prestação de Serviços, Limitada",Ready,+244 940 161 934,comercial.odoo@atech.co.ao,,"Condomínio Cristal Terrace, Bloco C, 4 andar, Apt A.",https://www.odoo.com/partners/expotech-prestacao-de-servicos-limitada-24552020
Angola,Compllexus,Silver,+244922867116,arminstrong@compllexus.com,https://compllexus.com/en,Interland edificio 39-8-1-Morro Bento II,https://www.odoo.com/partners/compllexus-11093631
Angola,"Alien Group, Lda",Ready,+244 941067525,lead@alien-group.com,,Avenida Luanda Sul. Belas Business Park,https://www.odoo.com/partners/alien-group-lda-17470
Argentina,ADVISERS SAS,Ready,,,,,https://www.odoo.com/partners/advisers-sas-22941520
Argentina,Aceleradora,Ready,+54 9 11 5645-1873,info@aceleradora.la,,San Martín 439,https://www.odoo.com/partners/aceleradora-16375707
Argentina,Alamo IT Consulting S.R.L,Ready,+54 9 11 3693-5749,fdesalas@alamoar.com.ar,https://alamoar.com.ar/,TALCAHUANO 1063 Piso:1 Dpto:H,https://www.odoo.com/partners/alamo-it-consulting-s-r-l-21896069
Argentina,ALDERETE INFORMATICA,Silver,,,,,https://www.odoo.com/partners/alderete-informatica-19201163
Argentina,ABA Consulting SRL,Ready,+54 11 4089-3576,admin@abaconsulting.com.ar,https://www.abadoo.com.ar,Mexico 3722 2B,https://www.odoo.com/partners/aba-consulting-srl-23252025
Argentina,AdministraNET SAS,Ready,+54 261 625-7169,sparedes@administranet.com.ar,https://www.administranet.com.ar/,Pasaje San Cristobal 1765,https://www.odoo.com/partners/administranet-sas-24921618
Argentina,ADMITER S.A,Ready,+54 9 291 571-0810,info@multimercado.ar,https://multimercado.ar,Belgrano 533,https://www.odoo.com/partners/admiter-s-a-23897482
Argentina,Aries Consulting,Ready,+5491168591994,info@ariesconsulting.com.ar,,"Aristobulo del Valle 2937,",https://www.odoo.com/partners/aries-consulting-23408254
Argentina,AITIC Alexsim,Gold,+54 113936-6004,info@aitic.com.ar,https://www.aitic.com.ar,Av. Mariano Castex 179 4B,https://www.odoo.com/partners/aitic-alexsim-1026613
Argentina,Be OnlyOne,Ready,+54 341 6968999,info@onlyone.com.ar,https://onlyone.odoo.com/,Nazca 8927,https://www.odoo.com/partners/be-onlyone-21953122
Argentina,Alpardata S.A.S.,Silver,+54 261 685-3970,joaquin@alpardata.com.ar,https://www.alpardata.com.ar/,"La Barraca Mall, Guaymallen, Mendoza",https://www.odoo.com/partners/alpardata-s-a-s-10782602
Argentina,Axcelere,Gold,+54 911 5585.9003,hola@axcelere.com,https://www.axcelere.com/,Avenida del Libertador 7274,https://www.odoo.com/partners/axcelere-1758871
Argentina,Aureofy,Ready,+54 9 11 6883-1172,info@aureofy.com,https://www.aureofy.com.ar/,O'Higgins 1950,https://www.odoo.com/partners/aureofy-5622272
Argentina,Alchemid,Ready,+54 9 3492 21-9294,alchemid.servicios@gmail.com,https://www.alchemid.com,Jorge Newbery 405,https://www.odoo.com/partners/alchemid-14900590
Argentina,Apex Group SA,Ready,+54 9 11 5405-5929,administracion@apexgroup.ar,http://www.apexgroup.ar,Blanco Encalada 193,https://www.odoo.com/partners/apex-group-sa-7318678
Argentina,BetaSepp,Ready,+54 11 4555-1234,gtamasi@betasepp.com.ar,,14 de Julio 735,https://www.odoo.com/partners/betasepp-9098631
Argentina,Axioma IT Solutions S.R.L,Ready,+5411 4978 4822,axel.diaz@axiomait.com,http://axiomait.com,Patagones 2665 PB,https://www.odoo.com/partners/axioma-it-solutions-s-r-l-5854088
Argentina,Blackfish,Ready,+54 9 387 457-6457,info@blackfish.com.ar,http://www.blackfish.com.ar/,San Luis 1460,https://www.odoo.com/partners/blackfish-10744131
Argentina,Bromus Software,Ready,+54 9 221 682-5000,julio.brugo@bromus.com,https://www.bromus.com/,"14 N° 787, Piso 1",https://www.odoo.com/partners/bromus-software-21779911
Argentina,ADHOC,Gold,+54 9 341 252-5637,contacto@adhoc.inc,https://www.adhoc.com.ar/r/4t22,Ovidio Lagos Bis 41,https://www.odoo.com/partners/adhoc-990138
Argentina,BRAVO DIGITAL SOLUTIONS LLC,Ready,,,,,https://www.odoo.com/partners/bravo-digital-solutions-llc-20910254
Argentina,Bellnet,Ready,+54 3537 60-9004,info@bellnet.com.ar,https://www.bellnet.com.ar,Alberdi 253,https://www.odoo.com/partners/bellnet-29145424
Argentina,CCDOOIT,Ready,"+54 9 3516 41-8345,+54 9351 465-0128",Info@ccdooit.com,https://www.ccdooit.com/,AVIADOR LOCATELLI 2098,https://www.odoo.com/partners/ccdooit-22413518
Argentina,Calyx Servicios SA,Ready,+541168620901,matiastijera@pgyk.com.ar,http://www.calyxservicios.com.ar/,Av. Caseros 3515 1ºB (C1263AAE),https://www.odoo.com/partners/calyx-servicios-sa-6563467
Argentina,BIZIT GLOBAL,Ready,,,,,https://www.odoo.com/partners/bizit-global-18114691
Argentina,Be4Process,Ready,+54 011 30042251,info@be4process.com,,Mariano Moreno 491,https://www.odoo.com/partners/be4process-20371838
Argentina,Birtum,Gold,+1 650-555-0111,ventaslatam@birtum.com,https://www.birtum.com,"Av. Cordoba 487. Piso 2 Of. D, CABA",https://www.odoo.com/partners/birtum-7599441
Argentina,Damian Adolfo Giacone,Ready,,,,,https://www.odoo.com/partners/damian-adolfo-giacone-27689190
Argentina,Cliclick Technology,Ready,+54 9 11 6832-0051,cliclicktechnology@gmail.com,,"740 Alicia Moreau de Justo Piso 3 Oficina 1, Puerto Madero",https://www.odoo.com/partners/cliclick-technology-17850002
Argentina,CRUMGES S. A. S.,Ready,+54 9 261 649-4950,info@crumges.com,,Polo de empresas Cumbrar: Carril Rodríguez Peña,https://www.odoo.com/partners/crumges-s-a-s-17419239
Argentina,Blueorange Group S.R.L.,Gold,+54 9 11 7078-7090,contacto@blueorange.com.ar,http://www.blueorange.com.ar,Dr. Ramón Carillo 2133 6º Piso,https://www.odoo.com/partners/blueorange-group-s-r-l-1635129
Argentina,Cooadro,Ready,+54 9 341 354-7643,esteban@cooadro.com.ar,http://cooadro.com.ar/,Los Claveles 1796,https://www.odoo.com/partners/cooadro-23916269
Argentina,CodeApps,Ready,+54 9 11 6978-9682,gabriel@fresherp.ar,http://codeapps.ar,"Cnel Dorrego 1982, Olivos",https://www.odoo.com/partners/codeapps-28052617
Argentina,COOPERATIVA DE TRABAJO INTECOOP LTDA.,Ready,,,,,https://www.odoo.com/partners/cooperativa-de-trabajo-intecoop-ltda-27695701
Argentina,Chroma Agency,Silver,+54 11 70790150,odoo@chroma.agency,https://chroma.agency,Olavarría 1150,https://www.odoo.com/partners/chroma-agency-3377991
Argentina,CeltiX - Business Solutions,Ready,+54 9 11 3177-7785,contacto@celtix.net,https://celtixbs.odoo.com/en,Guemes 3738,https://www.odoo.com/partners/celtix-business-solutions-23341301
Argentina,Deglia,Silver,+54 351 563-4703,administracion@deglia.xyz,https://www.deglia.xyz,Prudencio Bustos,https://www.odoo.com/partners/deglia-21532339
Argentina,DESBA SAS,Ready,+54 9 11 6804-2020,info@desba.com.ar,https://www.desba.com.ar/,Alsina 1268,https://www.odoo.com/partners/desba-sas-15136290
Argentina,DBD Data Studio,Ready,+54 9 11 7061-7093,odoo@dbd.ar,,Ntra Sra del Buen Viaje 1079,https://www.odoo.com/partners/dbd-data-studio-4274774
Argentina,DITyC SRL,Ready,+54 9 299 4212988,lrbriones@dityc.com.ar,http://﻿﻿www.dityc.com.ar﻿﻿,Dr. Luis Federico Leloir 261,https://www.odoo.com/partners/dityc-srl-14057248
Argentina,DIGITALO,Ready,+54 221 508-4787,soporte@digitalo.com.ar,,Calle 37 #616 entre calles 7 y 8,https://www.odoo.com/partners/digitalo-15273080
Argentina,DISARG,Ready,+54 9 11 5458-5946,hernan.martel@disarg.com,,Quintino Bocayuva 1164 CABA,https://www.odoo.com/partners/disarg-18608050
Argentina,DooIT,Ready,-,admin@dooit.ar,,Montevideo 418 - Piso 12,https://www.odoo.com/partners/dooit-11495887
Argentina,Dynetis,Ready,+54 9 3576 46-2503,pablo.molla@dynetis.com,,Leandro N. Alem 655,https://www.odoo.com/partners/dynetis-6934713
Argentina,Devoo Group,Ready,,,,,https://www.odoo.com/partners/devoo-group-22009605
Argentina,DLS Consultores,Ready,+54 9 11 3634-8923,francisco.delaserna@gmail.com,https://dlsconsulting.odoo.com/,Av Crisólogo Larralde 4225,https://www.odoo.com/partners/dls-consultores-5828098
Argentina,Fixsur Inteligencia Aplicada,Ready,,,,,https://www.odoo.com/partners/fixsur-inteligencia-aplicada-23816012
Argentina,Ebiz,Ready,,,,,https://www.odoo.com/partners/ebiz-19042023
Argentina,Eynes SRL,Silver,+54 9 11 4528-1900,info@eynes.com.ar,https://eynes.com.ar,Lima 131,https://www.odoo.com/partners/eynes-srl-17274725
Argentina,Eunomia Group S.A.S.,Ready,+54 9 299 415-7676,juliocesarruizrueda@gmail.com,,Braida Valentin 253,https://www.odoo.com/partners/eunomia-group-s-a-s-30480552
Argentina,FADAV,Ready,+54 9 351 738-0000,ventas@fadav.odoo.com,https://fadav.odoo.com/,Colón 5760,https://www.odoo.com/partners/fadav-25600487
Argentina,Foca Software,Ready,+54 9 261 272-8068,debocloud@focasoftware.com,https://focasoftware.com/,Paso de los Andes 1874,https://www.odoo.com/partners/foca-software-24533108
Argentina,Francisco Aloisio,Ready,+54 11 6050-5438,francisco@sbfconsultoria.com,,Conesa 4141,https://www.odoo.com/partners/francisco-aloisio-13798612
Argentina,Elepe Servicios,Silver,+54 341 4853806,openerp@elepeservicios.com.ar,,Viamonte 638,https://www.odoo.com/partners/elepe-servicios-13044
Argentina,Fiber2Home S.A,Ready,+54 9 11 5041-6081,aescobar@antia.ar,,El Rincon 842,https://www.odoo.com/partners/fiber2home-s-a-27970195
Argentina,Furnarius Tech,Ready,+54 9 11 5570-5732,contacto@furnariustech.com,https://www.furnariustech.com,Av. Córdoba 966,https://www.odoo.com/partners/furnarius-tech-20158772
Argentina,GEI Consultora,Ready,+54 9 353 411-3937,gfrischling@geiconsultora.com.ar,http://geiconsultora.com.ar/,"Mexico 641, Villa Maria,",https://www.odoo.com/partners/gei-consultora-18972705
Argentina,Galarreta,Ready,,joaquin@galarreta.co,https://www.galarreta.co/,"Viamonte 1133, 4to Piso",https://www.odoo.com/partners/galarreta-22100899
Argentina,Fodimaq Srl,Ready,,,,,https://www.odoo.com/partners/fodimaq-srl-23703299
Argentina,DRG IT&O,Ready,+54 9 11 3107-7444,nldates@drgit.io,https://www.drgit.io/,CABELLO 3945,https://www.odoo.com/partners/drg-it-o-19896054
Argentina,GooApps S.A.,Ready,,,,,https://www.odoo.com/partners/gooapps-s-a-23939401
Argentina,Geonosis,Ready,,,,,https://www.odoo.com/partners/geonosis-20043889
Argentina,Exemax SAS,Ready,+54 9 11 6539-1716,contacto@exemax.com.ar,http://www.exemax.com.ar,Edificio Concord Pilar Of 301 - Los Almendros,https://www.odoo.com/partners/exemax-sas-4474298
Argentina,GESTION SOLUTIONS,Ready,+54 9 362 461-8624,a_maidana@gestionsolutions.com.ar,https://gestionsolutions.com.ar,Yolanda Elizondo 1317,https://www.odoo.com/partners/gestion-solutions-15546005
Argentina,Guillermo Druze,Ready,+54 9 264 414-6839,guillermodruze@gmail.com,,Tucumán 314 Norte,https://www.odoo.com/partners/guillermo-druze-4192487
Argentina,GiGa global,Gold,+54 9 351 612-7500,hola@gigaglobal.com.ar,http://www.gigaglobal.com.ar,San Lorenzo 501,https://www.odoo.com/partners/giga-global-2824185
Argentina,GoodComex SAS,Silver,+5492614158198,cristian.vazquez@goodcomex.com,http://goodcomex.com,Avenida Patria 560 Oficina 12,https://www.odoo.com/partners/goodcomex-sas-1656197
Argentina,Gustavo Meglioli,Ready,+54 9 264 512-4947,gustavomeglioli@gmail.com,https://gmmultiservicios.odoo.com/,"Avenida José Ignacio de la Roza Oeste, 1226",https://www.odoo.com/partners/gustavo-meglioli-9431128
Argentina,Indigo Consulting SA,Ready,+54 9 11 6766-2604,al@indigoconsulting.com.ar,,Av Alicia Moreau de Justo 1848,https://www.odoo.com/partners/indigo-consulting-sa-26341450
Argentina,Grupo Powerbyte,Silver,+54 9 11 3918-0809,ventas@powerbyte.com.ar,https://www.powerbyte.ar/,Domicilio Maipu 939,https://www.odoo.com/partners/grupo-powerbyte-14612967
Argentina,Hexium Software,Ready,+54 9 261 248-6994,info@hexium.com.ar,http://hexium.com.ar,"Almirante Brown 1096, Godoy Cruz",https://www.odoo.com/partners/hexium-software-17098796
Argentina,Grupo DEIS,Ready,+54 9 11 59441000,dvera@grupodeis.net,http://www.grupodeis.net/,Franklin 1081 8°C,https://www.odoo.com/partners/grupo-deis-22579596
Argentina,HeyTuna.cloud,Ready,+15500000000,info@heytuna.cloud,http://heytuna.cloud,"avenida libertador 5595, capital federal",https://www.odoo.com/partners/heytuna-cloud-22128880
Argentina,GROWER ID SRL,Silver,+54 9 11 3608-9270,pablot@growerid.com.ar,https://www.growerid.com.ar/,ALTOLAGUIRRE 1427,https://www.odoo.com/partners/grower-id-srl-17367805
Argentina,Idus Software,Ready,+54 9 261 760-7761,comercial@idussoftware.com,https://idussoftware.com/,"Cerro Aconcagua 2515, Lujan de cuyo",https://www.odoo.com/partners/idus-software-23386447
Argentina,Grupo Orange SRL,Ready,+54 387 464-0626,mtg@grupoorange.com.ar,,Martin Cornejo 427,https://www.odoo.com/partners/grupo-orange-srl-20399975
Argentina,INTERWORKING TECHNOLOGIES S.A.S.,Ready,+54 351 741-6825,contacto@intertec.com.ar,,Av. Pueyrredón 1585,https://www.odoo.com/partners/interworking-technologies-s-a-s-24702643
Argentina,Grupo Inveria,Ready,+54 297 494-6255,ggarcia@inveria.com.ar,https://www.inveria.com.ar/,Colon 3130 - Oficina 1A,https://www.odoo.com/partners/grupo-inveria-22878356
Argentina,Inside Informatica,Silver,+54 11 5263-8178,odoo@insideinformatica.com.ar,https://www.insideinformatica.com.ar,Av Lope de Vega 3131,https://www.odoo.com/partners/inside-informatica-14730689
Argentina,IT HVM GLOBAL- ARGENTINA,Ready,,,,,https://www.odoo.com/partners/it-hvm-global-argentina-19667524
Argentina,iTalk,Ready,+54 341 318-8105,gmuhlmann@italk.com.ar,,La yerra 2546,https://www.odoo.com/partners/italk-25919791
Argentina,iTiT,Ready,,,,,https://www.odoo.com/partners/itit-29085423
Argentina,Jauke,Ready,+54 9 11 7886-3853,info@jauke.io,,"Av. Luis María Campos 843, Piso 3, Dpto. D",https://www.odoo.com/partners/jauke-29368517
Argentina,IT4NEXT SAS,Ready,+54 11 6499-8286,admin@it4next.com,http://it4next.com,San Martin 536 PB,https://www.odoo.com/partners/it4next-sas-15208139
Argentina,Ingenio Consultoría Industrial,Ready,,,,,https://www.odoo.com/partners/ingenio-consultoria-industrial-24307554
Argentina,JAC | Business Technology Partner,Ready,,,,,https://www.odoo.com/partners/jac-business-technology-partner-27583744
Argentina,INDX,Ready,+54 9 11 5736-3674,info@indx.la,http://www.indx.la,"Italia 471, Vicente Lopez, Buenos Aires, Argentina",https://www.odoo.com/partners/indx-14281090
Argentina,Labtory,Ready,+54 9 341 676-0023,diego.gismondi@labtory.biz,http://labtory.com.ar,"Entre Rios 729, Piso 6 Of. 1.",https://www.odoo.com/partners/labtory-14653542
Argentina,Ingenio Solutions,Ready,+54 9 3456 50-8201,contacto@ingeniosolutions.com.ar,https://ingeniosolutions.com.ar/,Av. Hipólito Yrigoyen 3280,https://www.odoo.com/partners/ingenio-solutions-13761187
Argentina,Linware S.A.,Ready,+54 9 11 6009-2019,info@linware.com.ar,http://www.linware.com.ar,"José Manuel Isasa 1926, Córdoba, Argentina",https://www.odoo.com/partners/linware-s-a-23494055
Argentina,Jemer,Ready,+1 (786) 442-1768,odoo@jemer.co,https://jemer.co,Pampayasta 2219,https://www.odoo.com/partners/jemer-14685162
Argentina,Logian,Ready,+541131191844,info@logian.dev,,Belaustegui 2754,https://www.odoo.com/partners/logian-21258511
Argentina,M200 S.A.,Ready,+54 9 11 2839-2864,info@noobitarsrl-erp.odoo.com,http://m200la.com,"Gral. Manuel A. Rodríguez 2436, C1416 CNB, Buenos Aires, Argentina",https://www.odoo.com/partners/m200-s-a-6471807
Argentina,Macondo Tech SRL,Ready,,,,,https://www.odoo.com/partners/macondo-tech-srl-25561433
Argentina,Lomasoft,Ready,+54 11 5577-0083,marcelo@lomasoft.com.ar,https://lomasoft.com.ar/,Diego Gibson 785,https://www.odoo.com/partners/lomasoft-9722404
Argentina,ITBS Business Solutions,Silver,+54 11 3985-0010,contacto@it-bs.com.ar,https://www.it-bs.com.ar,"Distrito Quartier, Plaza Building. Av. Pres. Ramon Castillo 320. Edificio Sur, Piso 6, Of. B, E, F.",https://www.odoo.com/partners/itbs-business-solutions-523
Argentina,Mara-Tech,Ready,+54 9 298 430-5069,gonzalo.marquez@gemege.com.ar,https://www.mara-tech.com.ar/,Río Negro 2159 - General Roca - Rio Negro (8332),https://www.odoo.com/partners/mara-tech-22226856
Argentina,Mach Consulting SRL,Ready,,,,,https://www.odoo.com/partners/mach-consulting-srl-3900404
Argentina,MG INTELLIGENCE SRL,Gold,+54 11 6613-5566,gflores@mgintelligence.com,https://www.mgintelligence.com,Francisco Berra 3058 P1 OF2,https://www.odoo.com/partners/mg-intelligence-srl-13441990
Argentina,Mindtech,Ready,+54 9 11 3489-6222,informacion@mindtech.ar,,Valenzuela 155,https://www.odoo.com/partners/mindtech-22272280
Argentina,Mirgor AI,Ready,,,,,https://www.odoo.com/partners/mirgor-ai-23803116
Argentina,Modus Retis Consulting,Ready,+5491153879840,m.barrio@modusretis.com,,Aviador Jose Maria Carosella 1242,https://www.odoo.com/partners/modus-retis-consulting-29733121
Argentina,MS Manufacturing Solutions SRL,Ready,1140340559,javier.masci@gmail.com,,El Salvador 4838 2 E,https://www.odoo.com/partners/ms-manufacturing-solutions-srl-23662231
Argentina,NITworks,Ready,+54 9 11 3924-3159,contacto@nitworks.net,,"Saavedra 1079, Lomas de zamora",https://www.odoo.com/partners/nitworks-24996031
Argentina,Maximiliano Sokoloff,Ready,,,,,https://www.odoo.com/partners/maximiliano-sokoloff-5849560
Argentina,Morning Value,Ready,+54 9 11 3217-7450,lmartinez@morningvalue.com,http://﻿﻿morningvalue.com/,Av. Rivadavia 6105,https://www.odoo.com/partners/morning-value-19914574
Argentina,Moogah,Ready,+54 9 11 3790-2000,martin@moogah.com,http://www.moogah.com,Alsina 760 1B,https://www.odoo.com/partners/moogah-943141
Argentina,Mountrix,Ready,+54 299 535-8237,odoo@mountrix.com,https://www.mountrix.com/,Gral. Villegas 1111,https://www.odoo.com/partners/mountrix-12352699
Argentina,NORIA DIGITAL S.A.S.,Ready,+54 11 4948-2355,mercedes@aquanoria.com,https://noria.digital/,"Talcahuano 1221, 7 A, CABA",https://www.odoo.com/partners/noria-digital-s-a-s-24685576
Argentina,Mastercore Sinapsys Global Argentina,Silver,+5491124605949,partner@mastercore.us,https://www.mastercore.us,"Moreno 1808, Piso 1",https://www.odoo.com/partners/mastercore-sinapsys-global-argentina-5902462
Argentina,Nuetel SRL,Ready,+54 11 5276-2600,info@nuetel.com.ar,,Pres. Luis saenz peña 464 of 6,https://www.odoo.com/partners/nuetel-srl-2107858
Argentina,Nybble Group,Silver,+54 11 67178243,sebastian.piscicelli@nybblegroup.com,https://www.nybblegroup.com/odoo?utm_medium=odooargentina&amp;utm_source=odoo&amp;utm_campaign=contactanos,"Holmberg 4156, Piso 1",https://www.odoo.com/partners/nybble-group-1923556
Argentina,Orillard Consulting,Ready,+54 9 11 2475-5687,eugenio.santillan.ar@gmail.com,https://orillard.netlify.app/,"Lamarca, Emilio 5233",https://www.odoo.com/partners/orillard-consulting-23569335
Argentina,Novatech Solutions S.A.,Silver,+5449412163,mdellano@novatech.com.ar,https://novatech.com.ar/,"Uspallata 2776, C1437 CABA",https://www.odoo.com/partners/novatech-solutions-s-a-2122191
Argentina,ORZ OFFROAD S.A.S.,Ready,+54 9 11 5635-8515,consultas@orz-it.com.ar,,Carlos Antonio Lopez 3672 B91. (1419),https://www.odoo.com/partners/orz-offroad-s-a-s-30300795
Argentina,Oncompetence SpA,Ready,+54 9 351 599-2722,monica@oncompetence.com,http://www.oncompetence.com,Córdoba Argentina,https://www.odoo.com/partners/oncompetence-spa-7115303
Argentina,Outsource Argentina SAS,Ready,+54 387 4033280,info@outsourcearg.com,https://www.outsourcearg.com/,Porto Corp - San Lorenzo Chico. Salta,https://www.odoo.com/partners/outsource-argentina-sas-5046024
Argentina,NOVA GROUP TECHNOLOGY S.A.S.,Ready,+54 11 6607-4171,odoo@go2future.com,https://novagrouptech.com/,"DEHEZA 3189 CABA, Bueno",https://www.odoo.com/partners/nova-group-technology-s-a-s-19548368
Argentina,PATMOS DESARROLLOS,Ready,+54 9 11 5099-9958,israel@patmos.io,,DUMONT SANTOS 2549,https://www.odoo.com/partners/patmos-desarrollos-23944192
Argentina,Persiscal Consulting,Ready,+54 9 11 5618-0848,jrame@persiscalconsulting.com,http://www.persiscal.com/,"Conde 2580, Planta Baja",https://www.odoo.com/partners/persiscal-consulting-1191041
Argentina,PORÃ,Ready,,,,,https://www.odoo.com/partners/pora-23368073
Argentina,Pulse AI,Ready,+541176549639,info@pulseai.ar,,Escalada 76,https://www.odoo.com/partners/pulse-ai-29461607
Argentina,QIP SRL,Ready,+54 9 351 380-2365,aferrante@qip.com.ar,https://qip.com.ar,Thames 1319 - Capital Federal,https://www.odoo.com/partners/qip-srl-20841620
Argentina,PMS ARGENTINA S.A.,Ready,,,,,https://www.odoo.com/partners/pms-argentina-s-a-21759115
Argentina,Quay,Ready,+54 11 2059-2165,info@quay.com.ar,https://quay.com.ar,Gendarmeria Nacional 1633,https://www.odoo.com/partners/quay-12468590
Argentina,Quilsoft,Silver,+54 11 7078-0612,argentina@quilsoft.com,https://www.quilsoft.com/?medium_id=61,Av. Chiclana 3345 1er piso,https://www.odoo.com/partners/quilsoft-1651768
Argentina,ROIT - Tech Solutions,Ready,+54 351 313-5455,ventas@roit-ts.com,http://roit-ts.com,Herrera y Guzmán 770,https://www.odoo.com/partners/roit-tech-solutions-24405239
Argentina,SaviaTech,Ready,,,,,https://www.odoo.com/partners/saviatech-22419441
Argentina,SIGMA INTEGRAL,Ready,+54 11 3072-2675,dt@sigmaintegral.com.ar,https://www.sigmaintegral.com.ar,Florencio Varela 563,https://www.odoo.com/partners/sigma-integral-23846292
Argentina,Olpa Group,Ready,+54 9 351 761-8460,info@olpagroup.com,,Av Colon 5050,https://www.odoo.com/partners/olpa-group-19510487
Argentina,OLACAMPI,Ready,,,,,https://www.odoo.com/partners/olacampi-20218782
Argentina,Oficina de Soluciones,Ready,+54 9 11 6565-9680,info@oficinadesoluciones.com,https://oficinadesoluciones.com,Av. Libertador 7208,https://www.odoo.com/partners/oficina-de-soluciones-14571555
Argentina,SEVEN IT SOLUTIONS SRL,Ready,,,,,https://www.odoo.com/partners/seven-it-solutions-srl-18771174
Argentina,Sistemas de Hudson,Ready,+54 11 3287-4555,info@sdh.ar,https://sdh.ar,57 N 1795 Hudson,https://www.odoo.com/partners/sistemas-de-hudson-13441117
Argentina,OSM Soft,Ready,+54 9 11 3252-8334,hola@osm-soft.io,https://www.osm-soft.io/,Tte. Gral. Juan Domingo Peron 1642,https://www.odoo.com/partners/osm-soft-2615203
Argentina,Soporte de Sistemas,Ready,+54 9 11 5763-3921,contacto@soportedesistemas.com.ar,https://www.soportedesistemas.com.ar/,Av Vicente Lopez 1042,https://www.odoo.com/partners/soporte-de-sistemas-15730622
Argentina,Sort Boks SRL,Ready,+54 9 266 494-6750,jlobos@sort-boks.com,http://www.sort-boks.com,"MITRE 3969, CIUDAD AUTONOMA DE BUENOS AIRES, REPUBLICA ARGENTINA.",https://www.odoo.com/partners/sort-boks-srl-18007586
Argentina,Snappler SRL,Ready,,info@snappler.com.ar,,,https://www.odoo.com/partners/snappler-srl-19114910
Argentina,ORIGAMI SOFTWARE SAS,Gold,+54 9 261 417-4425,sales@origami-soft.com,https://www.origami-soft.com/,"Avatar Work, 4to. Piso, Oficina 11",https://www.odoo.com/partners/origami-software-sas-5801444
Argentina,SUMUS,Ready,+543813911608,contacto@sumus.ar,http://www.sumus.ar,"Mendoza 2598, Planta Alta",https://www.odoo.com/partners/sumus-28748404
Argentina,SoftHouse,Silver,+54 9 351-3350245,info@softhouse.ar,https://softhouse.ar/,Juan del campillo 932,https://www.odoo.com/partners/softhouse-16161969
Argentina,TaoTec S.A.,Ready,+54 9 351 342-2015,rodrigo@taotec.com.ar,http://TaoTec.com.ar,Faustino Allende 43,https://www.odoo.com/partners/taotec-s-a-32351092
Argentina,Surlink,Ready,,,,,https://www.odoo.com/partners/surlink-22418667
Argentina,SYLOPER SRL,Ready,+54 9 341 228-7403,info@syloper.com,https://www.syloper.com/landing-odoo/,"Lamadrid 470, Rosario, Santa Fe",https://www.odoo.com/partners/syloper-srl-11498392
Argentina,TECNICANET,Ready,+54 9 11 5235-3010,iniciativasodoo@tecnicanet.com,https://www.tecnicanet.com,Av. San Martin 7386,https://www.odoo.com/partners/tecnicanet-5817355
Argentina,SWL Consulting,Ready,+54 9 11 3303-8126,sales@swlconsulting.com,,"Don Bosco 52, Departamento 22, San Isidro",https://www.odoo.com/partners/swl-consulting-27950792
Argentina,TICSTRATEGY S.A.S,Gold,+57 315 5324278,ventas@doodes.co,https://www.doodes.co/contactus,"25 de Mayo 667, 6to C",https://www.odoo.com/partners/ticstrategy-s-a-s-20335658
Argentina,Recursos activos srl,Ready,+54 11 6604-1599,ddoval@activasoluciones.com.ar,http://activasoluciones.com.ar,Avenida niceto vega 5819 1 ro b,https://www.odoo.com/partners/recursos-activos-srl-11375465
Argentina,TRAYCHI S.A.S.,Ready,+34 667 28 42 44,ana.curacaram@traychi.ar,,Pje. San Lorenzo N°81,https://www.odoo.com/partners/traychi-s-a-s-27741627
Argentina,Tecopens Consulting,Ready,+54 9 381 680-2681,equipos@tecopensconsulting.com,https://tecopens.odoo.com/en,Las Heras 880 - San Miguel de Tucumán - Tucuman - Argentina,https://www.odoo.com/partners/tecopens-consulting-25016482
Argentina,ThinkHub,Ready,,,,,https://www.odoo.com/partners/thinkhub-17533619
Argentina,The Automation Studio SAS,Ready,+54 351 631-5533,framos2009@gmail.com,https://www.imetrics.com.ar,Julio A Roca 598,https://www.odoo.com/partners/the-automation-studio-sas-23702058
Argentina,Wippie,Ready,+54 9 341 601-7490,ssensabastiano@wippie.io,,"Av. Hipólito Yrigoyen 146, Córdoba, Argentina",https://www.odoo.com/partners/wippie-23059626
Argentina,Witdata,Silver,+54 9 11 6869-8165,gmesiano@witdata.com.ar,http://witdata.com.ar,Esquiro 5461,https://www.odoo.com/partners/witdata-10314795
Argentina,Vangrow S.A.S.,Ready,+54 9 3576 459999,info@vangrow.ar,https://www.vangrow.ar,Bartolomé Mitre 1345,https://www.odoo.com/partners/vangrow-s-a-s-4920905
Argentina,Wansoft Tech,Ready,+54 351 311-4177,gad@wansoft.tech,https://ags.net.ar/aboutus,De las Breas 8780,https://www.odoo.com/partners/wansoft-tech-10493916
Argentina,WitWot,Ready,,,,,https://www.odoo.com/partners/witwot-17404068
Argentina,Yaguven CG,Ready,+54 9 260 439-6841,info@yaguven.com,http://www.yaguven.com,Ituzaingo 958 - Nueva Córdoba,https://www.odoo.com/partners/yaguven-cg-15218497
Argentina,Yügo SAS,Gold,+54 9 11 7100-6160,lucas@hitofusion.com,,Pico 3340,https://www.odoo.com/partners/yugo-sas-24338942
Argentina,Zinapsia,Ready,+5463592604,ventas@zinapsia.com,http://www.zinapsia.com,"Av. San Juan 3429, piso 7, departamento A,",https://www.odoo.com/partners/zinapsia-20846176
Argentina,Yugoo,Ready,+54 9 379 425-6427,info@yugoo.com.ar,,Gdor Lagraña 271,https://www.odoo.com/partners/yugoo-23664508
Argentina,Ricardo Javier Audi Falu,Ready,+54 381 632-8735,info@hessix.com.ar,,RP 338 km 29,https://www.odoo.com/partners/ricardo-javier-audi-falu-19288078
Argentina,VEITPRO,Ready,+54 9 11 2254-9710,odoo@veitpro.com,,San Martín 1089,https://www.odoo.com/partners/veitpro-17971928
Argentina,Waiki Consultores en Sistemas,Ready,+54 9 299502-1110,info@waiki.com.ar,https://waiki.com.ar,25 de Mayo 71,https://www.odoo.com/partners/waiki-consultores-en-sistemas-13247044
Argentina,VN Studios,Ready,+54 9 11 2634-7026,odooarg@vnstudios.com,http://vnstudios.com,Thames 2215 3A,https://www.odoo.com/partners/vn-studios-23571466
Argentina,Redjar,Ready,+54 9 11 7367-9714,comercial@redjar.com.ar,https://redjar.com.ar/,Av. Pellegrini 2446,https://www.odoo.com/partners/redjar-23467119
Argentina,VIPPINN,Silver,+543516244203,feaguirre@vippinn.com,http://www.vippinn.com,Humberto Primo 630 Piso 4 Of. H46,https://www.odoo.com/partners/vippinn-12924733
Argentina,Vantax,Ready,+54 9 341 366-3258,contactoweb@vantax.com.ar,https://vantax.com.ar,Bv Oroño 335,https://www.odoo.com/partners/vantax-22083664
Armenia,NORKSYS LLC,Ready,+374 55 507330,info@norksys.com,https://www.norksys.com/en,"RA, YEREVAN, GRIBOEDOV AVENUE, 25/27",https://www.odoo.com/partners/norksys-llc-10922295
Armenia,DigitAi LLC,Ready,,,,,https://www.odoo.com/partners/digitai-llc-22390761
Aruba,Caribbean Data Challengers,Ready,+2977307300,toon@cdcaruba.com,https://www.cdcaruba.com/,Alto Vista 59C,https://www.odoo.com/partners/caribbean-data-challengers-1377705
Aruba,CATC Group,Ready,+297 527 5500,info@catcgroup.com,http://catcgroup.com,J.E. Irausquin Blvd 20-A,https://www.odoo.com/partners/catc-group-23224495
Aruba,ITP Caribbean NV Aruba,Ready,+297 582 4492,J.Segers@itpinternational.com,https://www.itpinternational.com/,Rumbastraat 7,https://www.odoo.com/partners/itp-caribbean-nv-aruba-16001542
Aruba,INSIGHT ACCOUNTING AND TAX SOLUTIONS VBA,Ready,+297 583 7700,info@insight-accounting.net,https://www.insight-accounting.net/,Wayaca 199 Unit 6,https://www.odoo.com/partners/insight-accounting-and-tax-solutions-vba-13109333
Aruba,Odoo Experts Caribbean,Ready,,,,,https://www.odoo.com/partners/odoo-experts-caribbean-26097920
Aruba,VCC International NV,Silver,+297 583 7072,info@vcc-int.com,http://www.vcc-int.com,Bloemond 7C Paradera,https://www.odoo.com/partners/vcc-international-nv-10381971
Australia,DOPILOT,Ready,,,,,https://www.odoo.com/partners/dopilot-24695878
Australia,AUBOROS,Silver,+61 468 542 115,contact@auboros.com,http://Auboros.com,1103/1 Ocean Street,https://www.odoo.com/partners/auboros-12648683
Australia,Dapth Pty Ltd,Ready,+61 478 846 908,wedu@dapth.com,https://dapth.com/,"220 St Georges Terrace, Perth, Western Australia",https://www.odoo.com/partners/dapth-pty-ltd-10235536
Australia,Auspicate,Ready,+61 406 705 072,info@auspicate.com.au,https://www.auspicate.com.au/,"Suite 193, Leisure 3, Level 2, Blackburn Square,",https://www.odoo.com/partners/auspicate-23393436
Australia,Core One Pty Ltd,Ready,,info@coreone.systems,,,https://www.odoo.com/partners/core-one-pty-ltd-21105316
Australia,CORVIO PTY LTD,Ready,+61 7 3059 9909,jacob@corvio.au,https://www.corvio.au/r/p1,26 Roselea St,https://www.odoo.com/partners/corvio-pty-ltd-27890961
Australia,Centenary Solutions Pty Ltd,Ready,+61 8 7715 0037,sales@centenarysolutions.com.au,https://www.centenarysolutions.com.au/website/info,13 Calula Drive,https://www.odoo.com/partners/centenary-solutions-pty-ltd-17655672
Australia,Atliis 360,Silver,+61 (08) 6288 4890,accounts@atliis.com,https://www.atliis360.com,"L1, 646 Newcastle Street",https://www.odoo.com/partners/atliis-360-6158346
Australia,Automated Retail Services Pty Ltd,Ready,+61400028988,bruce@datavis-io.com,,Unit 7 8-9 Gabrielle Court BAYSWATER NORTH VIC 3153,https://www.odoo.com/partners/automated-retail-services-pty-ltd-13101860
Australia,Dimension3 System Pty Ltd,Silver,+61 1300 921 530,lon@d-3system.com.au,http://www.d-3system.com.au/,"Level 19, 10 Eagle Street,",https://www.odoo.com/partners/dimension3-system-pty-ltd-11322232
Australia,Envertis (Div of Vision & Solutions Pty Ltd),Gold,+61412386668,hemant@envertis.com.au,http://www.envertis.com,"Suite 506, 8 Help Street",https://www.odoo.com/partners/envertis-div-of-vision-solutions-pty-ltd-1136565
Australia,Gravitai Australia,Ready,+61 458 884 666,hello@au.gravitai.com,,4000 Brisbane QLD,https://www.odoo.com/partners/gravitai-australia-19503176
Australia,EXERT SOLUTIONS PTY LTD,Ready,,,,,https://www.odoo.com/partners/exert-solutions-pty-ltd-23119109
Australia,Inspired Software Pty Ltd,Ready,1300 723 313,accounts@inspiredsoftware.com.au; steve@inspiredsoftware.com.au; info@inspiredsoftware.com.au,http://www.inspiredsoftware.com.au,2/47 Cassola Place,https://www.odoo.com/partners/inspired-software-pty-ltd-61482
Australia,Exo Digital Pty Ltd,Ready,+61 1300 929 992,accounts@exodigital.com.au,http://www.exodigital.com.au,"Level 2, 696 Bourke Street",https://www.odoo.com/partners/exo-digital-pty-ltd-14327620
Australia,Ioppolo & Associates,Silver,+61 1300 836 968,admin@ioppolo.com.au,http://www.ioppolo.com.au,"Suite 6, 12/20 Railway Road",https://www.odoo.com/partners/ioppolo-associates-194420
Australia,LEADER TAX & BUSINESS ADVISER PTY LTD,Ready,,,,,https://www.odoo.com/partners/leader-tax-business-adviser-pty-ltd-24193989
Australia,Havi Technology,Ready,1300696366,info@havi.com.au,https://havi.com.au/r/Pep,"Level 21, 133 Castlereagh Street",https://www.odoo.com/partners/havi-technology-565083
Australia,NEXEVOLVE PTY LTD,Silver,+61 478 784 199,accounts@nexevolve.com,http://www.nexevolve.com,8 Parramatta Sq,https://www.odoo.com/partners/nexevolve-pty-ltd-28611512
Australia,Orcadea,Silver,+61432565153,info@orcadea.com.au,http://www.orcadea.com.au,"Level 3, 1060 Hay Street",https://www.odoo.com/partners/orcadea-19273406
Australia,Portcities Australia,Silver,+61 3 9783 1379,au@portcities.net,https://portcities.net/r/OcV,3 Albert Coates Ln,https://www.odoo.com/partners/portcities-australia-2194479
Australia,MoonSun PTY LTD,Ready,+61 1300 636 600,CEO@moonsun.au,https://www.MoonSun.au,"Tower 1 - Level 8, 1341 Dandenong Road , Chadstone",https://www.odoo.com/partners/moonsun-pty-ltd-7215113
Australia,Lantern Corporation Pty Ltd,Ready,,,,,https://www.odoo.com/partners/lantern-corporation-pty-ltd-17218986
Australia,ITMS GROUP AUSTRALIA,Ready,+61 1300 596 240,sven.saric@itmsgroup.com.au,https://www.itmsgroup.com.au,4209 Gold Coast QLD,https://www.odoo.com/partners/itms-group-australia-6516936
Australia,NQ Integrated Solutions,Ready,+61 431 815 351,admin@nqintegratedsolutions.com.au,https://www.nqintegratedsolutions.com.au/,1/7 Gurney Street,https://www.odoo.com/partners/nq-integrated-solutions-18685354
Australia,SOLWING PTY LTD,Ready,,info@solwing.com.au,,,https://www.odoo.com/partners/solwing-pty-ltd-22260078
Australia,SALTGRAIN PTY LTD,Ready,+61 419 421 909,enquiries@saltgrain.com.au,https://saltgrain.com.au/,"Level 4, 822 George St",https://www.odoo.com/partners/saltgrain-pty-ltd-25016498
Australia,syceed,Ready,+61 8 6262 2089,info@syceed.com,https://www.syceed.com,PO Box 3009 BASSENDEAN DC,https://www.odoo.com/partners/syceed-16348535
Australia,Techplus Digital Solutions PTY Ltd,Ready,,,,,https://www.odoo.com/partners/techplus-digital-solutions-pty-ltd-25793003
Australia,"UCO Business, part of the UCO Group Pty Ltd",Ready,0411467796,graeme@uco.com.au,http://www.uco.com.au,Unit 8 / 133 burswood road,https://www.odoo.com/partners/uco-business-part-of-the-uco-group-pty-ltd-31568571
Australia,Teragon Systems,Ready,+61 426 501 710,support@teragon.com.au,https://www.teragon.com.au/,PO Box 207 Surrey Downs,https://www.odoo.com/partners/teragon-systems-12076141
Australia,Summer Technology Pty Ltd,Silver,+61 417 496 503,tatallah@summertech.com.au,http://www.summertech.com.au/,"2 Gilda Crt, Suites 2 & 3",https://www.odoo.com/partners/summer-technology-pty-ltd-4848523
Australia,WMSSoft Pty Ltd,Silver,sales@wmssoft.com.au,sales@wmssoft.com.au,https://www.wmssoft.com.au,"Building 4, 195 Wellington Rd",https://www.odoo.com/partners/wmssoft-pty-ltd-1161013
Australia,Quality Innovative Technologies Pty Ltd,Ready,+61 425 246 889,info@qitech.com.au,https://www.qitech.com.au/index.html,"260 Lower Dandenong Rd, Mordialloc",https://www.odoo.com/partners/quality-innovative-technologies-pty-ltd-28211587
Australia,WAO Group,Gold,+61 2 8860 9525,jeri@waoconnect.com,https://www.waogroup.com.au/,"Level 5, Nexus Building, 4 Columbia Court",https://www.odoo.com/partners/wao-group-4192861
Australia,WilldooIT,Silver,+61 3 9135 1900,info@willdooit.com,http://www.willdooit.com,10/435 Williamstown Road,https://www.odoo.com/partners/willdooit-951662
Austria,CS&IE Data Consulting GmbH,Ready,,,,,https://www.odoo.com/partners/cs-ie-data-consulting-gmbh-29860672
Austria,Celeris Consulting e.U.,Ready,,,,,https://www.odoo.com/partners/celeris-consulting-e-u-24628288
Austria,braintec Österreich,Gold,+43 720 273939,info@braintec.com,https://braintec.com,THE ICON VIENNA,https://www.odoo.com/partners/braintec-osterreich-4462895
Austria,DigitEasy GmbH,Silver,,,,,https://www.odoo.com/partners/digiteasy-gmbh-24499219
Austria,COMM-WAY GmbH,Ready,,info@comm-way.com,,,https://www.odoo.com/partners/comm-way-gmbh-24829428
Austria,Datenpol gmbh,Gold,+43 732 997 035 0,stefan.wailand@datenpol.at,https://www.datenpol.at,Stifterstraße 31,https://www.odoo.com/partners/datenpol-gmbh-13257
Austria,fidenum - Arnold Knor,Ready,+43 664 3013284,office@fidenum.at,http://www.fidenum.at,Obere Hauptstraße 165,https://www.odoo.com/partners/fidenum-arnold-knor-20630879
Austria,E&P Solutions OG,Ready,,,,,https://www.odoo.com/partners/e-p-solutions-og-20241952
Austria,Drydock ERP Österreich,Ready,,,,,https://www.odoo.com/partners/drydock-erp-osterreich-32497124
Austria,Cloudunify FlexCo,Gold,+43 662 276727,info@cloudunify.at,https://cloudunify.at/,Innsbrucker Bundesstraße 126,https://www.odoo.com/partners/cloudunify-flexco-11683819
Austria,ERP data GmbH,Ready,+43662261088,office@erp-data.at,https://www.erp-data.at/,Hammerauer Straße 90/2,https://www.odoo.com/partners/erp-data-gmbh-5257956
Austria,Callino Software Engineering - Wolfgang Pichler,Ready,+43 7236 263263,office@callino.at,http://www.callino.at,Fischerlehner Straße 41B/DG/1.11,https://www.odoo.com/partners/callino-software-engineering-wolfgang-pichler-1365435
Austria,HAPE Mountain Software GmbH,Ready,,,,,https://www.odoo.com/partners/hape-mountain-software-gmbh-3518180
Austria,ACIS GmbH,Silver,+43 664 2268190,harald.konnerth@acis.at,https://acis.at,Industriezeile 35,https://www.odoo.com/partners/acis-gmbh-11762955
Austria,axtesys GmbH,Silver,+43 660 210 2643,rainer.saga@axtesys.at,,Burggasse 3,https://www.odoo.com/partners/axtesys-gmbh-9621607
Austria,IT-Center & Kubid GmbH,Ready,,,,,https://www.odoo.com/partners/it-center-kubid-gmbh-27158649
Austria,MONOBUNT GmbH,Ready,,,,,https://www.odoo.com/partners/monobunt-gmbh-14314567
Austria,Implema e.U. - Matthias Ellmerer,Ready,,,,,https://www.odoo.com/partners/implema-e-u-matthias-ellmerer-16687012
Austria,Kaiser Digital GmbH,Silver,,,,,https://www.odoo.com/partners/kaiser-digital-gmbh-19386174
Austria,MHAS Holding GmbH,Ready,+43 676 83565601,office@mhas-holding.com,,Döblinger Hauptstraße 77A/11,https://www.odoo.com/partners/mhas-holding-gmbh-13242894
Austria,MuK IT GmbH,Ready,+43 677 62338017,office@mukit.at,https://mukit.at/,Ziehrerplatz 2/1,https://www.odoo.com/partners/muk-it-gmbh-1339803
Austria,Sodexis Austria,Ready,,,,,https://www.odoo.com/partners/sodexis-austria-13706139
Austria,SIWA Online GmbH,Ready,+43 7236 26 669,office@siwa.at,http://siwa.at,Softwarepark 37,https://www.odoo.com/partners/siwa-online-gmbh-4474535
Austria,OBS Solutions Österreich,Ready,+43 1 92801320047,austria@obs-solutions.com,http://www.obs-solutions.com,DC Tower 30. Etage,https://www.odoo.com/partners/obs-solutions-osterreich-9800528
Austria,WESEO Digital Service GmbH,Ready,,maximilian.bassler@weseo.at,,,https://www.odoo.com/partners/weseo-digital-service-gmbh-28146316
Austria,SUPPLiot GmbH,Ready,+43 1 7740392450,hello@suppliot.eu,http://www.suppliot.eu,Guntherstraße 6,https://www.odoo.com/partners/suppliot-gmbh-2590246
Austria,SCRIMO GmbH,Silver,+43732931650,office@scrimo.com,http://www.scrimo.com/,Doktor-Hermann-Thurner-Straße 3,https://www.odoo.com/partners/scrimo-gmbh-747976
Austria,Weboffice IT Service und Marketing GmbH & Co KG,Gold,+43 59 8990,martin.galler@weboffice.co.at,http://weboffice.at,Am Kögel 1/4,https://www.odoo.com/partners/weboffice-it-service-und-marketing-gmbh-co-kg-2934549
Austria,MULTIOSS GmbH,Ready,+43732358007,info@multioss.com,http://multioss.com,Industriezeile 35,https://www.odoo.com/partners/multioss-gmbh-9297597
Austria,Solvate Informationstechnologie GmbH,Ready,+43 316 2320590,Support@Solvate.at,http://www.solvate.at,Lagergasse 23/2,https://www.odoo.com/partners/solvate-informationstechnologie-gmbh-11569852
Azerbaijan,Arter LLC,Silver,+994 50 201 95 44,sales@arter.az,http://www.arter.az,Y. V. Chamanzaminli 119C,https://www.odoo.com/partners/arter-llc-21081482
Azerbaijan,Blasquared,Ready,+994 70 220 50 15,hello@blasquared.com,http://blasquared.com,Azerbaijan,https://www.odoo.com/partners/blasquared-18880380
Azerbaijan,Odify,Gold,+994 51 514 51 11,ziya.gafarli@odify.net,https://www.odify.net/en,"Nasimi district, Gulu Guliyev 35, 35A, flat 1",https://www.odoo.com/partners/odify-13934208
Azerbaijan,Rasard Teknoloji (AZ),Ready,+90 554 364 54 27,odoo@rasard.com,https://www.rasard.com/en_GB,Baku,https://www.odoo.com/partners/rasard-teknoloji-az-29062036
Azerbaijan,BlackDots MMC,Ready,+994 51 205 11 15,e.guliyev@blackdots.az,http://blackdots.az,AZURE BUSINESS CENTER Ave Nobel 15,https://www.odoo.com/partners/blackdots-mmc-24602293
Azerbaijan,ERPGO,Ready,+994102124102,contact@erpgo.az,https://erpgo.az/,44 Jafar Jabbarli,https://www.odoo.com/partners/erpgo-3651930
Bahamas,Evolve Solutions,Ready,+1 242-803-6888,elizee@evolvebah.com,http://www.evolvebah.com,#6 Oak Court,https://www.odoo.com/partners/evolve-solutions-26059856
Bahamas,CSB Tech,Ready,+1 242-825-8207,hello@csbtech.dev,https://www.csbtech.dev/,72 Collins Ave,https://www.odoo.com/partners/csb-tech-25524960
Bahrain,Advantari Digital Solutions W.L.L,Ready,+973 77933555,info@advantari.com,https://advantari.com/,"Office 22, Building 1400C, Road 115, Hidd, 101.",https://www.odoo.com/partners/advantari-digital-solutions-w-l-l-22712939
Bahrain,Fakhroo Information Technology Services W.L.L,Ready,+973 3921 9697,info@fakhroo.net,http://www.fakhroo.net,1234,https://www.odoo.com/partners/fakhroo-information-technology-services-w-l-l-21328237
Bahrain,ideas Technology W.L.L,Silver,+973 3777 4888,jaleel@ideasholding.com,https://ideasholding.com/,"Office 51, 5th Flr, Zamil Suites,",https://www.odoo.com/partners/ideas-technology-w-l-l-217957
Bahrain,Code Experts,Ready,+973 1722 4488,hello@code-experts.co,http://www.code-experts.co,Manama,https://www.odoo.com/partners/code-experts-10570065
Bahrain,Biztech Computer,Silver,+973 1333 1037,zaffar@biztechbh.biz,https://biztechbh.biz/,Road 410,https://www.odoo.com/partners/biztech-computer-12515774
Bahrain,Amwal,Ready,+973 33662290,odoo@amwal.solutions,http://amwal.solutions,Diplomatic Area,https://www.odoo.com/partners/amwal-26697669
Bahrain,Iconic Advisory,Ready,+973 77037777,Info@iconic.bh,,"Office 34, GIG Building, Street 4609, Block 346",https://www.odoo.com/partners/iconic-advisory-10695992
Bahrain,Openinside Co. W.L.L.,Gold,+973 7741 7777,info@open-inside.com,http://www.open-inside.com,2811,https://www.odoo.com/partners/openinside-co-w-l-l-20686
Bahrain,WCG Technology Solutions WLL,Silver,+973 33096709,hello@wcgtechsolutions.com,https://www.wcgtechsolutions.com/,"Office: 5199, Building: 2004, Road 1527, Hidd 0115 Muharraq Governorate",https://www.odoo.com/partners/wcg-technology-solutions-wll-12602262
Bahrain,Systera programing solutions,Ready,+973 36317117,hello@systera.bh,,Tubli,https://www.odoo.com/partners/systera-programing-solutions-21516222
Bahrain,Mast Information Technology,Gold,+973 3999 9549,hassan@mast-it.com,http://www.mast-it.com,"PO Box 32015, Building 57, Block 711,",https://www.odoo.com/partners/mast-information-technology-4701724
Bahrain,Abdulaal IT Solutions,Silver,+97377090922,info@abdulaalit.com,https://abdulaalit.com/,"Office 31 & 32, Building 947, Road 3620, Block 436",https://www.odoo.com/partners/abdulaal-it-solutions-1172044
Bahrain,Trust Circle Accounting & Consulting,Ready,+973 3306 0090,Ha@trust-circle.com,https://www.trust-circle.com/,5124,https://www.odoo.com/partners/trust-circle-accounting-consulting-18082718
Bangladesh,ATI Limited,Ready,+880 1716-291680,odoo@atilimited.net,http://atilimited.net,"ATI Center, House-07, Gareeb-e-Nawaz Avenue,",https://www.odoo.com/partners/ati-limited-16042863
Bangladesh,Be Data Solutions Limited,Ready,+880 1938-833222,sadi.hossain@bedatasolutions.com,,"18/3 (3rd Floor), Ring Road, Block F, Mohammadpur",https://www.odoo.com/partners/be-data-solutions-limited-15671045
Bangladesh,iXora Solution,Ready,+880 1711-205126,golam.zilani@ixorasolution.com,http://ixorasolution.com,"7th Floor, Jahangir Tower, House: M5, Dhaka 1206",https://www.odoo.com/partners/ixora-solution-13303749
Bangladesh,Brain Station 23,Silver,+8801755444807,odoo@brainstation-23.com,https://brainstation-23.com,"8th floor, Plot#2, Amtoli, Bir Uttam AK Khandakar Rd Mohakhali Commercial Area,",https://www.odoo.com/partners/brain-station-23-1191772
Bangladesh,Kendroo Ltd,Ready,+880 1896274310,iftekar@kendroo.io,http://www.kendroo.io,826 East Shewrapara,https://www.odoo.com/partners/kendroo-ltd-17278320
Bangladesh,Eitekh ERP Limited,Ready,+880 1671-123585,rashed.iqbal@eitekh.com,http://www.eitekh.com,"Road: 21, B 123, Mohakhali DOHS",https://www.odoo.com/partners/eitekh-erp-limited-15268924
Bangladesh,Invento Software Limited,Ready,+8801713178224,ashfaq@invento.com.bd,http://invento.com.bd,"House no: 460 (Lift 5) , Road no: 31, New DOHS Mohakhali",https://www.odoo.com/partners/invento-software-limited-2877829
Bangladesh,TulipTech Ltd.,Ready,+880 1878-514460,odoo@tulip-tech.com,https://tulip-tech.com/,"Level 6, Holland Centre, Pragati Sarani, Middle Badda",https://www.odoo.com/partners/tuliptech-ltd-17392534
Bangladesh,Metamorphosis Ltd.,Silver,+880 1911-310993,ceo@metamorphosis.com.bd,https://metamorphosis.com.bd/,"Apt 1 B, House 860-861, Avenue 3, Road 12, Mirpur DOHS",https://www.odoo.com/partners/metamorphosis-ltd-1132898
Bangladesh,Sysnova Information Systems Limited,Ready,+880 1729-297066,mahtabul.islam@sysnova.com,http://sysnova.com,"Ahmad and Kazi Tower, House-35, Road-02,Dhanmondi, Dhaka-1205",https://www.odoo.com/partners/sysnova-information-systems-limited-8118735
Bangladesh,Mindscape Communication,Ready,+880 1715-998291,dhrubo@entermindscape.com,https://www.entermindscape.com/,"Level 5, Hs-52, Rd-2, Banani, Dhaka-1213, Bangladesh",https://www.odoo.com/partners/mindscape-communication-13519997
Bangladesh,Binary Quest Limited,Ready,+8801708521594,matiar@binaryquest.com,https://binaryquest.com,"242, New Circular Road (1st Floor), Malibagh,",https://www.odoo.com/partners/binary-quest-limited-469436
Bangladesh,BJIT Limited,Ready,+880 1329-681956,digital.marketing@bjitgroup.com,http://bjitgroup.com,"H-2275, 2279, Panchkula, Satarkul, Badda",https://www.odoo.com/partners/bjit-limited-13754731
Bangladesh,ZENCORE SOLUTIONS LIMITED,Silver,+880 1550-723635,shafiq@zencoreltd.com,https://zencoreltd.com/,"Plot-59,61, Lotus Kamal Tower-02, Level-6",https://www.odoo.com/partners/zencore-solutions-limited-30563154
Bangladesh,Softeko.co,Ready,+880 1327-403953,ceo@softeko.co,https://www.softeko.co/,Navana Newbury Place,https://www.odoo.com/partners/softeko-co-17444831
Bangladesh,Mir Info Systems,Ready,+880 1938-855500,hello@mirinfosys.com,https://mirinfosys.com/,"House-147B, Road-22, Mohakhali DOHS",https://www.odoo.com/partners/mir-info-systems-10584132
Bangladesh,Xsellence Bangladesh Limited,Silver,+880 1841-552900,shahadat@xsellencebdltd.com,https://www.xsellencebdltd.com/,"House:15(6th & 7th Floor) Road: 06 Block: E Banasree, Rampura, Dhaka",https://www.odoo.com/partners/xsellence-bangladesh-limited-11429089
Barbados,Caribyte Inc.,Ready,+1 246-435-2222,sales@caribyte.com,https://www.caribyte.com,My Lords Hill,https://www.odoo.com/partners/caribyte-inc-19481421
Barbados,Retail Caribbean Ltd,Ready,+1 246-436-7611,gillian@retailcaribbean.com,,Glendor House River Road St. Michael,https://www.odoo.com/partners/retail-caribbean-ltd-7158046
Barbados,CDG Group SRL,Ready,2462437371,cdggroupsrl@gmail.com,,Johnson Road,https://www.odoo.com/partners/cdg-group-srl-13181434
Belgium,Actief IT Services (BV),Ready,,,,,https://www.odoo.com/partners/actief-it-services-bv-13003226
Belgium,Alpha ERP Solutions,Ready,+32 50 15 38 10,info@alpha-erp.be,,Strandloperslaan 21,https://www.odoo.com/partners/alpha-erp-solutions-16439981
Belgium,Ardenne Digital Solutions,Ready,,,,,https://www.odoo.com/partners/ardenne-digital-solutions-20050463
Belgium,BeyondERP BV,Ready,,info@beyonderp.be; william@beyonderp.be;rob@beyonderp.be;sander@beyonderp.be,https://www.beyonderp.be/,Maria Claessensplein 6,https://www.odoo.com/partners/beyonderp-bv-13798978
Belgium,Beone,Silver,+32 485 16 09 96,david@beone.be,https://beone.be,Rue de Trazegnies 218,https://www.odoo.com/partners/beone-5468587
Belgium,Accomodata BV,Silver,+32 51 62 33 06,info@2mprove.be,https://www.accomodata.be,Westlaan 470,https://www.odoo.com/partners/accomodata-bv-4989224
Belgium,ABAKUS IT-SOLUTIONS,Silver,+32 87 59 35 50,sales@abakusitsolutions.eu,http://www.abakusitsolutions.eu,Eupen Trade Center,https://www.odoo.com/partners/abakus-it-solutions-470111
Belgium,Bridge-IT Solutions,Ready,,,,,https://www.odoo.com/partners/bridge-it-solutions-8045103
Belgium,Agitech Brussels,Silver,+32 2 616 41 06,sam@agitech.io,https://www.agitech.io,Clos Luciens Outers 11,https://www.odoo.com/partners/agitech-brussels-6875693
Belgium,Abstractive BV,Silver,+32 477 89 90 84,hello@abstractive.be,https://www.abstractive.be,Kerkstraat 74,https://www.odoo.com/partners/abstractive-bv-4777311
Belgium,Bsideyou SRL,Ready,+32 499 56 70 72,jeremie@bsideyou.be,https://www.bsideyou.be/,"Rue de la Colline, 586",https://www.odoo.com/partners/bsideyou-srl-22731399
Belgium,Cabinet Comptable et Fiscal Déduq Fisc,Ready,+32 64 21 62 14,compta@deduqfisc.be,http://deduq-fisc.business.site,Rue Emile Vandervelde 44,https://www.odoo.com/partners/cabinet-comptable-et-fiscal-deduq-fisc-12994174
Belgium,Awit,Ready,+32 43 78 41 38,contact@awit-consulting.com,https://www.awit-consulting.com/,"Rue de Tournai, 30",https://www.odoo.com/partners/awit-13086312
Belgium,Caizen SRL,Ready,,,,,https://www.odoo.com/partners/caizen-srl-10655026
Belgium,BV Zeus IT,Silver,+32 471 59 17 27,steve@zeusit.eu,http://www.zeusit.eu,Noorderlaan 76,https://www.odoo.com/partners/bv-zeus-it-8614950
Belgium,Appalach - Groupe Brainstorming,Silver,+32 495 57 08 70,rn@appalach.be,http://www.appalach.be,Rue de l'Avancée Numérique 1,https://www.odoo.com/partners/appalach-groupe-brainstorming-2011856
Belgium,Callista,Gold,+32 3 369 90 29,info@callista.be,http://www.callista.be,Kwade Weide 20,https://www.odoo.com/partners/callista-785992
Belgium,Burniaux Consulting SRL,Silver,+32 491 73 65 92,contact@burniauxconsulting.com,https://www.burniauxconsulting.com/,"Rue Champs des Oiseaux, 5",https://www.odoo.com/partners/burniaux-consulting-srl-9632277
Belgium,Conversal,Ready,+32 53 22 23 33,steven@conversal.be,http://conversal.be,Boekhoutstraat 121,https://www.odoo.com/partners/conversal-20058361
Belgium,Corock,Ready,,,,,https://www.odoo.com/partners/corock-13069210
Belgium,Coachall BV,Ready,+32 11 49 56 45,info@coachall.be,https://www.coachall.be/,Sint-Truidersteenweg 60,https://www.odoo.com/partners/coachall-bv-6948019
Belgium,Clubit BV,Ready,+32 3 376 06 60,sales@clubit.be,https://www.clubit.be/,Steenbakkerijen 74/8,https://www.odoo.com/partners/clubit-bv-5747846
Belgium,Connectic,Silver,,,,,https://www.odoo.com/partners/connectic-7746487
Belgium,Cloudware NV,Gold,+3256980865,suzanne@cloudware.be,,Transfostraat 34 301,https://www.odoo.com/partners/cloudware-nv-16637852
Belgium,DCBO BVBA,Silver,+32 474 79 08 19,frederic@dcbo.be,http://www.dcbo.be,Herentalseweg 3,https://www.odoo.com/partners/dcbo-bvba-566168
Belgium,Acsone,Gold,+32 2 8883120,info@acsone.eu,https://www.acsone.eu,Waterloo Atrium,https://www.odoo.com/partners/acsone-13425
Belgium,Delmay Cyril,Ready,+32 499 61 39 99,cyrildelmay@gmail.com,,Rue Petit Avin 13,https://www.odoo.com/partners/delmay-cyril-26335339
Belgium,Centric Belgium,Silver,+32 50 83 33 33,luc.van.put@centric.eu,https://centric.eu/be/nl/oplossingen/erp-solutions/,Siemenslaan 12,https://www.odoo.com/partners/centric-belgium-11696399
Belgium,Data Forge BV.,Ready,+32 497 10 44 16,stephanie@data-forge.be,,Waregemseweg 32,https://www.odoo.com/partners/data-forge-bv-14775002
Belgium,deltix,Ready,,,,,https://www.odoo.com/partners/deltix-13852952
Belgium,Debugged,Ready,+32 497 485774,pieter@debugged.be,http://debugged.be,Drapstraat 29a,https://www.odoo.com/partners/debugged-8578017
Belgium,Deloitte Consulting & Advisory,Silver,,kdesseyn@deloitte.com,https://www.deloitte.com/be/en/alliances/odoo.html,Raymonde De Larochelaan 19A,https://www.odoo.com/partners/deloitte-consulting-advisory-4068752
Belgium,digica,Ready,,,,,https://www.odoo.com/partners/digica-24549409
Belgium,Digifiers,Silver,+32 484 72 50 64,david@digifiers.be,https://www.digifiers.be/,Dok-Noord,https://www.odoo.com/partners/digifiers-23600139
Belgium,e-nitiative.be,Ready,+32 2 558 30 45,gert@e-nitiative.be,https://e-nitiative.be/,Rue Emile Féronstraat 168,https://www.odoo.com/partners/e-nitiative-be-11813017
Belgium,Diginav BV,Ready,,,,,https://www.odoo.com/partners/diginav-bv-5588272
Belgium,Digimedio BV,Silver,+32 492 25 25 78,tony.crols@digimedio.be,https://www.digimedio.be/,Putten 6,https://www.odoo.com/partners/digimedio-bv-3518196
Belgium,Digitalife SRL,Ready,,,,,https://www.odoo.com/partners/digitalife-srl-3656352
Belgium,dear digital,Gold,+32 494 48 85 95,niels@deardigital.com,https://www.deardigital.com,Sint-Annaplein 33,https://www.odoo.com/partners/dear-digital-25750815
Belgium,DPHI sprl,Gold,+32 4 242 47 70,philippe.decresson@dphi.be,http://www.dphi.be,Boucle de la Famenne 109,https://www.odoo.com/partners/dphi-sprl-554730
Belgium,Eureco,Silver,+32 478 82 81 80,peter.celis@eureco.be,https://www.eureco.be,Mechelsesteenweg 183A,https://www.odoo.com/partners/eureco-5118115
Belgium,Droggol BV,Silver,+32 59 46 44 44,odoo@droggol.be,https://www.droggol.be,Gistelsesteenweg 586,https://www.odoo.com/partners/droggol-bv-1016930
Belgium,fks bv,Ready,+32 11 21 49 11,eric.smets@fks.be,http://www.fks.be/,Grote baan 79,https://www.odoo.com/partners/fks-bv-7443
Belgium,Dynaplo,Ready,,,,,https://www.odoo.com/partners/dynaplo-22038572
Belgium,Dynapps NV,Gold,+32 3 547 03 30,admin@dynapps.be,https://www.dynapps.eu/be-nl?ref=eu-redirect,Ottergemsesteenweg 439/8,https://www.odoo.com/partners/dynapps-nv-4155
Belgium,EVATO BV,Silver,+32 3 369 40 10,hallo@evato.be,https://evato.be/,Louis Segersstraat 22,https://www.odoo.com/partners/evato-bv-2182652
Belgium,Endoo,Gold,09 224 08 00,hello@endoo.be,https://www.endoo.be/nl,Ottergemsesteenweg-Zuid 808 b PB 48,https://www.odoo.com/partners/endoo-23380169
Belgium,Fulcra,Ready,+32498400035,odoo@fulcra.be,http://www.fulcra.be,Akkerstraat 4,https://www.odoo.com/partners/fulcra-23566047
Belgium,Flydoo,Ready,+32 478 58 20 02,info@flydoo.eu,,Avenue Baron Albert d'Huart 7,https://www.odoo.com/partners/flydoo-25913481
Belgium,Get IT done,Ready,,,,,https://www.odoo.com/partners/get-it-done-7408305
Belgium,Grant Thornton Belgium,Ready,+32 477 19 50 14,bpstools@be.gt.com,https://www.grantthornton.be,"Uitbreidingstraat 72, 7",https://www.odoo.com/partners/grant-thornton-belgium-16768700
Belgium,Eezee-it SA,Gold,+32 10 87 00 24,info@eezee-it.com -,http://www.eezee-it.com/,Avenue Edison 20,https://www.odoo.com/partners/eezee-it-sa-5534211
Belgium,Frivv Consult & Events,Ready,,,,,https://www.odoo.com/partners/frivv-consult-events-20116216
Belgium,Flipside,Ready,,,,,https://www.odoo.com/partners/flipside-27557947
Belgium,Hivelab,Ready,,,,,https://www.odoo.com/partners/hivelab-11922376
Belgium,Guidoo SRL,Silver,+32 499 80 03 64,am@guidoo.be,https://www.guidoo.be/,Boulevard de France 9,https://www.odoo.com/partners/guidoo-srl-13367120
Belgium,Hexamin,Ready,+32 475 71 98 10,contact@hexamin.com,,Avenue Paul Hymans 119,https://www.odoo.com/partners/hexamin-28026913
Belgium,Guy de la Vallée Poussin,Ready,+32 474 39 04 68,guy.delavallee@datawall.be,https://datawall.be/,Rue Eugène Falmagne 37,https://www.odoo.com/partners/guy-de-la-vallee-poussin-22797828
Belgium,ICTCG s.a.,Ready,,odoo@ictcg.com,,Avenue Louise 523,https://www.odoo.com/partners/ictcg-s-a-16872611
Belgium,Hoopoe-solutions,Ready,,,,,https://www.odoo.com/partners/hoopoe-solutions-24766506
Belgium,HYPE,Ready,+32 16 41 42 59,hello@hype.be,,Diestsepoort 1,https://www.odoo.com/partners/hype-22383901
Belgium,Haulogy.net,Ready,0032 498 90 52 83,haulogy_accounting@haulogy.net,http://www.haulogy.net/,"rue des Archers, 58",https://www.odoo.com/partners/haulogy-net--514
Belgium,Ignitia SRL,Ready,,,,,https://www.odoo.com/partners/ignitia-srl-14531542
Belgium,Inovanti Consulting,Ready,,,,,https://www.odoo.com/partners/inovanti-consulting-825999
Belgium,Information Way,Ready,,,,,https://www.odoo.com/partners/information-way-15681013
Belgium,Insight 91,Ready,,,,,https://www.odoo.com/partners/insight-91-23980185
Belgium,Make it Fit,Ready,,,,,https://www.odoo.com/partners/make-it-fit-13283006
Belgium,La Niche,Ready,+32 475 64 06 74,caniche@laniche.com,,Rue Joseph Saintraint 10,https://www.odoo.com/partners/la-niche-30125273
Belgium,Konu BV,Ready,+32 56 90 88 15,hello@konu.be,http://konu.be,Spinnerijstraat 103/2,https://www.odoo.com/partners/konu-bv-9982471
Belgium,"KPMG Tax, Legal & Accountancy BV",Silver,+32 2 708 48 29,bbinst@kpmg.com; swauman@kpmg.com,https://home.kpmg/be/en/home/services/tax/accountants/kpmg-accountancy-hub.html,Luchthaven Brussel Nationaal 1K,https://www.odoo.com/partners/kpmg-tax-legal-accountancy-bv-5919666
Belgium,Libaro,Ready,+32478279483,jennis@libaro.be,,Vaartdijkstraat 19,https://www.odoo.com/partners/libaro-24210576
Belgium,Intuitis,Ready,,,,,https://www.odoo.com/partners/intuitis-17012
Belgium,inoïa sc,Ready,,frederic.vuegen@inoia.be,https://www.inoia.be,"Rue Ernest Solvay, 49 6211",https://www.odoo.com/partners/inoia-sc-13556275
Belgium,"Movan Accountancy, Dries Vandenbroucke",Ready,,,,,https://www.odoo.com/partners/movan-accountancy-dries-vandenbroucke-15617436
Belgium,Idealis Consulting,Gold,+32 2 896 94 90,sales@idealisconsulting.com,http://www.idealisconsulting.com,Emile Francqui 7,https://www.odoo.com/partners/idealis-consulting--295
Belgium,Metrum Belgium,Silver,+32 474 68 10 86,info@metrum.lu,,"Avenue de Broqueville, 12",https://www.odoo.com/partners/metrum-belgium-16595587
Belgium,NameTech Solutions BV,Ready,+32 466 38 71 38,info@nametech.be,https://nametech.be/,Excelsiorlaan 44,https://www.odoo.com/partners/nametech-solutions-bv-27090371
Belgium,Nb24,Ready,,,,,https://www.odoo.com/partners/nb24-27753070
Belgium,Marling Partners SRL,Ready,+32 467606468,info@marling.be,https://www.marling.be,Avenue du Domaine 163,https://www.odoo.com/partners/marling-partners-srl-6683459
Belgium,Nexu,Ready,,,,,https://www.odoo.com/partners/nexu-23547
Belgium,Offimac,Ready,+32 11 85 01 30,niels.kelchtermans@offimac.com,http://offimac.com,Heerstraat 86,https://www.odoo.com/partners/offimac-13106693
Belgium,Nalios International,Gold,+32 472 39 05 68,gva@nalios.be,https://www.nalios.com/nl_BE/nalios-flandre-odoo-services,Lammerstraat 13,https://www.odoo.com/partners/nalios-international-12935748
Belgium,Olyxo,Ready,+32 485 36 75 60,arne.de.geeter0@gmail.com,,Kruisbergstraat 16,https://www.odoo.com/partners/olyxo-12841030
Belgium,OBS Solutions,Gold,+32 3 332 03 53,belgium@obs-solutions.com,https://odoo-bedrijf-software.odoo.com/,Schaliënstraat 5,https://www.odoo.com/partners/obs-solutions-5471399
Belgium,Omni Tech Solutions,Ready,,,,,https://www.odoo.com/partners/omni-tech-solutions-13363367
Belgium,Noviat,Ready,+32 2 808 86 38,info@noviat.com; manager@noviat.com,http://www.noviat.com,"Avenue de Rusatira, 1",https://www.odoo.com/partners/noviat--450
Belgium,Niboo SRL,Gold,+33 9 71 07 02 11,pde@niboo.com,https://www.niboo.com,FLEX-O,https://www.odoo.com/partners/niboo-srl-332882
Belgium,Net Skill Group SPRL,Ready,+32 472 01 21 40,baudouin@netskill.be,https://netskill.be,"Avenue Reine Astrid, 92",https://www.odoo.com/partners/net-skill-group-sprl-16200
Belgium,NSI IT Software & Services S.A,Silver,,sales-odoo@nsi-sa.be,https://www.groupensi.com/,rue Carlos Gallaix 242,https://www.odoo.com/partners/nsi-it-software-services-s-a-2442116
Belgium,OnniTI BV,Ready,,david@codevid.be,https://www.onniti.com/,Leuvensesteenweg 325,https://www.odoo.com/partners/onniti-bv-17832772
Belgium,Prism Technology,Ready,,,,,https://www.odoo.com/partners/prism-technology-25025505
Belgium,Position Meta,Ready,+32495304676,info@positionmeta.be,https://www.position-meta.be,Chaussée de Marche 482,https://www.odoo.com/partners/position-meta-11290218
Belgium,Return,Ready,,,,,https://www.odoo.com/partners/return-27750311
Belgium,Oopo SRL,Ready,,,,,https://www.odoo.com/partners/oopo-srl-13767023
Belgium,Raffaele Bernardi,Ready,+32 475 70 14 70,r.bernardi@bernardi.be,,"rue Albert 1er, 62",https://www.odoo.com/partners/raffaele-bernardi-15888436
Belgium,Oxalyo,Ready,+32 2 887 31 95,contact@oxalyo.net,https://www.oxalyo.net,Rue Antoine de Saint-Exupéry 2,https://www.odoo.com/partners/oxalyo-3890946
Belgium,SBB Bedrijfsdiensten BV,Ready,+32 16 24 51 55,odoo@sbb.be,http://sbb.be,Diestsevest 32 bus 1A,https://www.odoo.com/partners/sbb-bedrijfsdiensten-bv-21511398
Belgium,Sigmagency SRL,Silver,+32 479 13 30 46,groisin@sigmagency.be,https://sigmagency.be,Rue Emile Francqui 6,https://www.odoo.com/partners/sigmagency-srl-7493463
Belgium,San Torii,Ready,+32 85 35 99 75,info@san-torii.be,https://www.san-torii.be,Rue Les Fonds 32,https://www.odoo.com/partners/san-torii-9622461
Belgium,Software Buro,Silver,,,,,https://www.odoo.com/partners/software-buro-6488168
Belgium,Sofatech,Gold,+32 51 69 91 21,sales@sofatech.be,https://www.sofatech.be,Houtskoolstraat 14,https://www.odoo.com/partners/sofatech-10830707
Belgium,Obycron,Gold,+32 498 10 59 41,contact@obycron.be,https://www.obycron.be/,Bellevue 1,https://www.odoo.com/partners/obycron-23973897
Belgium,ScrollIt BV,Ready,+32 494 91 53 37,bart.waterlot@scrollit.be,https://www.scrollit.be/,Nieuwstraat 61,https://www.odoo.com/partners/scrollit-bv-16641103
Belgium,SRL SOUS LES REMPARTS,Ready,,,,,https://www.odoo.com/partners/srl-sous-les-remparts-16658049
Belgium,SustainERP BV,Silver,+32 78 48 86 86,hello@sustainerp.com,http://www.sustainerp.com,Collegestraat 5,https://www.odoo.com/partners/sustainerp-bv-15912464
Belgium,Synvio BV,Silver,,,,,https://www.odoo.com/partners/synvio-bv-11162504
Belgium,SoWhat! Studio,Silver,+32 484 89 76 14,info@sowhat.studio,https://www.sowhat.studio,"Rue des Blés d'Or, 6A",https://www.odoo.com/partners/sowhat-studio-18728655
Belgium,Synapsis-Group,Ready,,,,,https://www.odoo.com/partners/synapsis-group-13079408
Belgium,Squidco BV,Ready,+32 9 393 46 72,info@squidco.be,,Brugstraat 147,https://www.odoo.com/partners/squidco-bv-14120891
Belgium,Umami Management,Ready,,,,,https://www.odoo.com/partners/umami-management-1011520
Belgium,TaxPulse SRL,Ready,+32 474 62 92 12,,,"Rue de Marchienne, 101",https://www.odoo.com/partners/taxpulse-srl-26541081
Belgium,Tricore,Silver,+32 11 49 37 81,info@tricore.be,https://www.tricore.be,Kuringersteenweg 304/b4,https://www.odoo.com/partners/tricore-5287617
Belgium,Syslink,Ready,,,,,https://www.odoo.com/partners/syslink-12510102
Belgium,The O-Team,Ready,,,,,https://www.odoo.com/partners/the-o-team-16027287
Belgium,Somko BV,Gold,+056/23 37 20,info@somko.be,http://www.somko.be,"Kwadestraat 153, bus 5",https://www.odoo.com/partners/somko-bv-4254310
Belgium,Vanmarcke Software BV,Ready,+3258330300,info@vanmarcke-software.be,https://vanmarcke-software.be/,Sint-Idesbaldusstraat 29,https://www.odoo.com/partners/vanmarcke-software-bv-14303196
Belgium,TPX Consulting Group BV,Ready,,,,,https://www.odoo.com/partners/tpx-consulting-group-bv-24257356
Belgium,Walto,Silver,+32 473 85 14 16,geoffroy.ralet@walto.be,https://www.walto.be/,Avenue du Printemps 31,https://www.odoo.com/partners/walto-1711571
Belgium,VS Digital,Silver,+32 489 39 07 00,digital@vs-consulting-company.com,https://www.vs-consulting-company.com/,Avenue Louise 480,https://www.odoo.com/partners/vs-digital-27007418
Belgium,Vervio,Ready,+32 472 87 31 78,info@vervio.be,,Kleinhoefstraat 5,https://www.odoo.com/partners/vervio-23859543
Belgium,Varoconsult,Ready,+32498870366,roeland@varoconsult.be,http://www.varoconsult.be,Votvinkenstraat 11,https://www.odoo.com/partners/varoconsult-3224311
Belgium,WESTELINCK,Ready,52478606,chris@acc-west.be,,HOOIRT,https://www.odoo.com/partners/westelinck-22927717
Belgium,tsc - The Service Company SRL,Gold,+32 2 315 25 41,hello@tsc-experts.com,https://www.tsc-experts.com/,"Chaussée de Louvain, 47",https://www.odoo.com/partners/tsc-the-service-company-srl-2332308
Belgium,Vincent Lion Consulting SPRL,Ready,+32475902751,vlc-admin@vlc.be,https://www.vlc.be,Avenue Coghen 202 /7,https://www.odoo.com/partners/vincent-lion-consulting-sprl-5685877
Belgium,Wappli,Ready,+32 471 82 59 51,jerome@wappli.be,https://www.wappli.be,Rue de la Cabocherie 1,https://www.odoo.com/partners/wappli-22434368
Belgium,Wecodx,Ready,,,,,https://www.odoo.com/partners/wecodx-18868084
Belgium,Yucca Power,Ready,,,,,https://www.odoo.com/partners/yucca-power-29043098
Belgium,ZENOR SOLUTIONS,Ready,,,,,https://www.odoo.com/partners/zenor-solutions-19993441
Belgium,WICE,Ready,+32 16 46 86 40,accounting@wice.be,https://www.wice.eu/,Zielenberg 1,https://www.odoo.com/partners/wice-5020336
Belgium,Squareflow S.A.,Gold,+32 2 897 87 78,alexandre.carrera@squareflow.be,https://www.squareflow.be/,Avenue Herrmann-Debroux 40,https://www.odoo.com/partners/squareflow-s-a-4296072
Belgium,Wininfo,Ready,+32 87 31 31 34,odoo@wininfo.be,https://wininfo.be,Rue du Centre 15,https://www.odoo.com/partners/wininfo-14359412
Belize,Syllo Innovations Ltd.,Ready,+501 610-1982,eturner@sylloinnovations.com,http://www.sylloinnovations.com,1153 Oyster Drive,https://www.odoo.com/partners/syllo-innovations-ltd-18631409
Belize,"Piensom S.A., serving clients in Belize",Ready,+17868230322,belize@piensom.com,http://piensom.com,Guatemala,https://www.odoo.com/partners/piensom-s-a-serving-clients-in-belize-16755104
Belize,ClearCommerce Limited,Ready,+501 223-3768,tmyvett@clearcommerce.bz,https://clearcommerce.bz/index.html,Mile 3 Philip Goldson Highway,https://www.odoo.com/partners/clearcommerce-limited-9253869
Belize,ESQ Global Solutions Inc,Ready,+1 561-846-0088,info@esqglobal.net,http://esqglobal.net,8 Daly St,https://www.odoo.com/partners/esq-global-solutions-inc-29471293
Belize,501 Enterprise,Ready,+501 615-4588,cevelyn@501enterprise.com,http://501enterprise.com,38 Turneffe Avenue,https://www.odoo.com/partners/501-enterprise-12531762
Belize,Tech Forge,Ready,+501 629-5585,odoo@techforge.bz,https://techforge.bz/,Perdomo Blvd. Cerro lindo,https://www.odoo.com/partners/tech-forge-30007874
Benin,IT-NUM,Ready,,commercial@it-num.com,,,https://www.odoo.com/partners/it-num-6368389
Benin,DIGITALYZE IT BJ,Ready,+2290155813434,christian@digitalyze-it.com,https://www.digitalyze-it.com,"Îlot: 4873, Parcelle: xc, Maison: Gisèle ADJIBI",https://www.odoo.com/partners/digitalyze-it-bj-23354929
Benin,ATS-AFRIQUE,Ready,+229 96 60 82 29,patrick.douti@ats-afrique.com,https://ats-afrique.com/,"CARREFOUR LA ROCHE, IMMEUBLE SAGE AKPAKPA HABITAT",https://www.odoo.com/partners/ats-afrique-4966451
Benin,VEONE BENIN,Ready,,,,,https://www.odoo.com/partners/veone-benin-17414147
Benin,ADELABS,Ready,,,,,https://www.odoo.com/partners/adelabs-26834954
Benin,NETPRO CONSEIL,Silver,+229 96 09 11 86,h.oke@ncbenin.com,,"Etoile, Ancien Imeuble de UPIB 3ième Etage",https://www.odoo.com/partners/netpro-conseil-14397303
Benin,BRINURE COTONOU,Ready,,,,,https://www.odoo.com/partners/brinure-cotonou-26004492
Bhutan,DrukSmart Private Limited,Ready,+975 17 60 48 75,dawazam@druksmart.com,https://druk-smart.com/,Changbangdu,https://www.odoo.com/partners/druksmart-private-limited-7775532
Bolivia,DATEC Ltda,Ready,+591 76849797,msoto@datec.com.bo,,Calle Velasco 213 Bolivia,https://www.odoo.com/partners/datec-ltda-7930208
Bolivia,DEVELOPMENT & OPERATIONAL SOLUTIONS S.A.C.,Ready,+51 990 527 789,edward.urrunaga@dyso.com.pe,https://dyso.com.pe/,Santa Cruz Bolivia Barrio convifac norte Calle 8 nro. 4250,https://www.odoo.com/partners/development-operational-solutions-s-a-c-10399548
Bolivia,Desarrollando Tecnología Eficiente DTE S.R.L,Ready,+591 77048360,lgarcia@dte.com.bo,http://www.dte.com.bo,Parque industrial PI39,https://www.odoo.com/partners/desarrollando-tecnologia-eficiente-dte-s-r-l-13599624
Bolivia,Components optimal 4 SRL,Ready,+591 75007070,rtoledo@co4.com.bo,,Calle José Mercado Aguado #578,https://www.odoo.com/partners/components-optimal-4-srl-32508937
Bolivia,Alpha Systems S.R.L.,Ready,+591 71734627,roberto.levy@alphasys.com.bo,https://www.alphasys.com.bo/es_BO,Av. 6 de Agosto #2455,https://www.odoo.com/partners/alpha-systems-s-r-l-11386069
Bolivia,BELRO Ltda.,Silver,+591 79547194,"info@belro.net, daniel.j.beltran.r@gmail.com",https://www.belro.net/en,"Auquisamaña, Calle E, Nro 3",https://www.odoo.com/partners/belro-ltda-13891501
Bolivia,Bizora SRL,Ready,,,,,https://www.odoo.com/partners/bizora-srl-25147693
Bolivia,Bautista & Gutiérrez S.R.L.,Ready,+59170024779,info.odoo@bgsrl.net,http://www.bgsrl.net,"Condominio Torres Ingavi, torre 2; calle ingavi nro 436",https://www.odoo.com/partners/bautista-gutierrez-s-r-l-6953234
Bolivia,APPEX,Silver,+591 75557771,contacto@appex.lat,http://www.appexbo.com,"Av. Barrientos esq. Caigua, Barrio Urbari",https://www.odoo.com/partners/appex-9631135
Bolivia,Onixia SRL,Ready,+591 62652228,info@onixia.com.bo,https://www.onixia.com.bo,Calle Maria Quiroga Vargas entre Guido Villagomes y Senobio Gallardo,https://www.odoo.com/partners/onixia-srl-13194935
Bolivia,Kyohei Ltda.,Ready,+591 68216546,simon.capriles@kyohei.bo,,"C. Pedro Salazar N° 384, Zona Sopocachi",https://www.odoo.com/partners/kyohei-ltda-2320567
Bolivia,BANTIC Software SRL,Ready,+59178106214,mauricio.banegas@banticsoftware.com,https://www.banticsoftware.com/,"Calle Barron, Nro 140. Edificio Alejandra Piso 2, of 204",https://www.odoo.com/partners/bantic-software-srl-1068758
Bolivia,IteraSoft,Ready,+591 78453090,info@iterasoft.io,https://www.iterasoft.io/,Calle Tarija 620,https://www.odoo.com/partners/iterasoft-11748098
Bolivia,Quotec S.R.L.,Ready,+591 72040607,alcides.quintanilla@quotec-bo.net,,Calle José Cardón #18 entre Ecuador y Saavedra final Belisario Salinas.,https://www.odoo.com/partners/quotec-s-r-l-7883458
Bolivia,Poiesis Consulting,Ready,+591 72016653,mariane.beltran@poiesisconsulting.com,https://www.poiesisconsulting.com,Av. 20 de Octubre esq. Aspiazu,https://www.odoo.com/partners/poiesis-consulting-400568
Bolivia,Largotek S.R.L.,Ready,+59170664148,jlgarvia@largotek.com,https://www.largotek.com/en,Calle Carmelo Rodriguez 3010,https://www.odoo.com/partners/largotek-s-r-l-3274441
Bolivia,Ribentek Tecnología y Publicidad S.R.L,Ready,+591 78081947,ebendek@ribentek.com,,Urbanización Cañoto Calle 9 # 40.,https://www.odoo.com/partners/ribentek-tecnologia-y-publicidad-s-r-l-19197032
Bolivia,SINCPRO S.R.L.,Ready,+591 69443041,informacion@sincpro.com.bo,https://developers.sincpro.com.bo/,Calle Mayor Rocha entre Av. Ayacucho y Junin #161,https://www.odoo.com/partners/sincpro-s-r-l-17974406
Bolivia,Versatil SRL,Ready,78900092,ventas@versatil.com.bo,https://www.versatil.com.bo,"Calle 39, Nro 150, Zona Chasquipampa",https://www.odoo.com/partners/versatil-srl-10718831
Bonaire Sint Eustatius And Saba,Odoo Experts Caribbean,Ready,,,,,https://www.odoo.com/partners/odoo-experts-caribbean-26097952
Bonaire Sint Eustatius And Saba,CARIBBEAN ACCOUNTING AND TAX CONSULTANTS BONAIRE N.V.,Ready,+599 717 6530,info@catcbonaire.com,http://catcbonaire.com,Kaya Irlanda 15,https://www.odoo.com/partners/caribbean-accounting-and-tax-consultants-bonaire-n-v-22422594
Bosnia And Herzegovina,Inovado D.O.O.,Ready,+387 35 831 289,odoo@inovado.ba,http://www.inovado.ba,Donja Lohinja bb,https://www.odoo.com/partners/inovado-d-o-o-20226988
Bosnia And Herzegovina,Wolfinne d.o.o.,Ready,"+387 66 219-269, +436677790684",bojan@wolfinne.com,,Niševići b.b.,https://www.odoo.com/partners/wolfinne-d-o-o-17908197
Botswana,Hexaract Network Experts Pty Ltd,Ready,,,,,https://www.odoo.com/partners/hexaract-network-experts-pty-ltd-29179661
Botswana,Cube Route,Silver,+267 75 671 075,info@cuberoute.co.bw,https://cuberoute.co.bw/,"Unit 3, Setlhoa Showrooms, Plot 75748",https://www.odoo.com/partners/cube-route-1655594
Brazil,APF TECNOLOGIA E CONSULTORIA EM INFORMATICA LTDA,Ready,+55 16 99119-5553,pedigone@cronossuite.com,,"Rua Capitão Zeca de Paula, 428",https://www.odoo.com/partners/apf-tecnologia-e-consultoria-em-informatica-ltda-19475791
Brazil,2DOO,Ready,+55 41 99920-0211,orlando@2doo.com.br,https://www.2doo.com.br/,"Rua Bom Jesus, 212",https://www.odoo.com/partners/2doo-23634502
Brazil,A3x Group,Ready,+55 47 99166-6763,comercial@a3xgroup.com,,R ALCI TEIXEIRA. 178 - GALPAO77,https://www.odoo.com/partners/a3x-group-23019525
Brazil,Code and Soul,Ready,,,,,https://www.odoo.com/partners/code-and-soul-17270074
Brazil,Asisto Tecnologia,Ready,,,,,https://www.odoo.com/partners/asisto-tecnologia-24607191
Brazil,AGILITY SOLUCOES LTDA,Ready,+55 11 91007-4948,renan@agilityti.com.br,,Av. AMADOR BUENO DA VEIGA 1230,https://www.odoo.com/partners/agility-solucoes-ltda-31548345
Brazil,ALLSS Soluções em Sistemas LTDA,Ready,(11) 3475-0175,info.odoo@allss.com.br,https://allss.com.br,"Av. Yojiro Takaoka, 4384 - Sala 701",https://www.odoo.com/partners/allss-solucoes-em-sistemas-ltda-3743176
Brazil,COSTA APPS SOFTWARE LTDA,Ready,+55 51 98537-5620,contato@costaapps.com.br,,"Estrada das três meninas, 2000",https://www.odoo.com/partners/costa-apps-software-ltda-29868765
Brazil,CMJ Sistemas Ltda.,Ready,,,,,https://www.odoo.com/partners/cmj-sistemas-ltda-23705461
Brazil,Deepstrat Serviços LTDA,Ready,+55 11 93618-9612,vagner@deepstrat.com.br,,"Alameda Tangará, 500, Casa 68",https://www.odoo.com/partners/deepstrat-servicos-ltda-32619675
Brazil,Brave IT Serviços,Ready,+55 11 98154-1462,juan.rodriguez@braveitcompany.com,,Avenida Ibijau,https://www.odoo.com/partners/brave-it-servicos-14812923
Brazil,CIEL IT S/A,Ready,+55 (11) 4134-0475,odoo@ciel-it.com,https://www.ciel-it.com,"Alameda Rio Negro, 503 - Alphaville",https://www.odoo.com/partners/ciel-it-s-a-1148128
Brazil,DanySoft,Ready,,,,,https://www.odoo.com/partners/danysoft-21383641
Brazil,Edoo.me,Ready,+55 11 3013 4000 / +55 11 97826-2489,contato@edoo.me,http://www.edoo.me,"Rua Fradique Coutinho, 1139",https://www.odoo.com/partners/edoo-me-2141215
Brazil,FCA COMERCIO E SERVICOS DE INFORMATICA LTDA,Ready,(11) 2391-2300,comercial@fcati.com.br,http://fcati.com.br,Av. Marechal Juarez Távora,https://www.odoo.com/partners/fca-comercio-e-servicos-de-informatica-ltda-22460905
Brazil,Grupo Visão,Ready,+55 14 99748-2354,emerson@visaocompany.com.br,,"Avenida Professor Raphael Laurindo, 728",https://www.odoo.com/partners/grupo-visao-26874638
Brazil,ILIOS SISTEMAS LTDA,Silver,+554441417515,comercial@iliossistemas.com,,"Av. Brasil, 4493 - Zona 01, Maringá - PR",https://www.odoo.com/partners/ilios-sistemas-ltda-13773597
Brazil,Duuu! Cast,Ready,+55 11941354777,odoocast.alexandre@gmail.com,,AV PAULISTA 1106,https://www.odoo.com/partners/duuu-cast-25882457
Brazil,GROWTECH TECNOLOGIA DA INFORMAÇÃO,Ready,+55 48 99169-5886,contato@growscale.com.br,http://growscale.com.br,"Av. Luiz Boiteux Piazza, 1302",https://www.odoo.com/partners/growtech-tecnologia-da-informacao-29674493
Brazil,Innovatech Soluções em TI,Ready,,,,,https://www.odoo.com/partners/innovatech-solucoes-em-ti-23804230
Brazil,Have Consultoria e Treinamento,Silver,+55 11 93716-0880,contato@haveconsultoria.com.br,,"Avenida Paulista, 1636",https://www.odoo.com/partners/have-consultoria-e-treinamento-17287622
Brazil,IT Brasil,Ready,+55 11 4861-8060,contato@itbrasil.com.br,https://www.itbrasil.com.br/,"Av. das Nações Unidas, 12901 - Brooklin",https://www.odoo.com/partners/it-brasil-2258110
Brazil,Disoft Solutions S/A,Ready,+55 11 98199-9959,leadsodoo@disoft.com.br,https://www.disoft.com.br/,"Rua Francisco Leitão, 469 – 7ºAndar – Pinheiros – São Paulo – SP :",https://www.odoo.com/partners/disoft-solutions-s-a-2691119
Brazil,Melt Engenharia,Ready,+55 71 99213-1816,luiz@meltservice.com.br,,"TRAVESSA JOÃO CARDOSO, 19",https://www.odoo.com/partners/melt-engenharia-24770831
Brazil,KM DESENVOLVIMENTOS DE SISTEMAS E SOLUCOES INTELIGENTES LTDA,Ready,+55 35 99134-2326,marcio.rincon@dropcode.com.br,http://sigep.inf.br,Rua COMENDADOR CUSTODIO RIBEIRO 137,https://www.odoo.com/partners/km-desenvolvimentos-de-sistemas-e-solucoes-inteligentes-ltda-27817226
Brazil,Libert,Ready,+55 15 99665-0335,admin@libert.ia.br,,AV SANTOS DUMONT 97 SALA 10,https://www.odoo.com/partners/libert-30505401
Brazil,MULTI MIND CONSULTORIA LTDA,Ready,+55 11 99994-0408,siegmar@multimind.net.br,,Colégio Florence 112-11,https://www.odoo.com/partners/multi-mind-consultoria-ltda-20820924
Brazil,Leandro Domiciano dos Santos,Ready,+55 11 94523-9149,contact@4smeconsulting.com.br,,"Av Paulista, 1106 - Sala 1 - 16o.Andar",https://www.odoo.com/partners/leandro-domiciano-dos-santos-20709463
Brazil,Ocakit,Ready,,,,,https://www.odoo.com/partners/ocakit-16241809
Brazil,NYTRO LTDA,Ready,+55 41 99643-1413,comercial@nytro.com.br,http://nytro.com.br,"Rua Bom Jesus, 212",https://www.odoo.com/partners/nytro-ltda-26867663
Brazil,Loureiro & Associados,Ready,+55 11 99914-5679,mauro@loureiro.com.br,,"Rua Henrique Silva de Sa, 42",https://www.odoo.com/partners/loureiro-associados-966350
Brazil,NETSAC BRAINWAVE TECNOLOGIA DA INFORMACAO LTDA,Silver,+55 11 2122-0234,comercial@netsac.net,,"Av. Vereador Narciso Yague Guimarães, 1145 - 706 Office",https://www.odoo.com/partners/netsac-brainwave-tecnologia-da-informacao-ltda-15299407
Brazil,ODOX TECNOLOGIA LTDA,Silver,+55 41 991253828,joao.marius@odoxtecnologia.com.br,http://odoxtecnologia.com.br,"Rua Visconde do Rio Branco, 1541",https://www.odoo.com/partners/odox-tecnologia-ltda-12731111
Brazil,OUTVIEW SOLUÇÕES EM TECNOLOGIA,Ready,+55 27 98151-7377,manoel@outview.com.br,,"AV. NOSSA SENHORA DA PENHA, 1495",https://www.odoo.com/partners/outview-solucoes-em-tecnologia-13068008
Brazil,Polartis Tecnologia da Informação Ltda,Ready,+55 11 95571-0032,contato@polartis.com.br,,"Av Francisco Nobre 1031, Sala 18",https://www.odoo.com/partners/polartis-tecnologia-da-informacao-ltda-12884371
Brazil,Propeller Professional Services LTD.,Ready,+55 11 5304-2007,odoo@propellerps.com,https://propellerps.com/,"Av. Paulista, 2073 - Consolação",https://www.odoo.com/partners/propeller-professional-services-ltd-25690783
Brazil,RA KHEPRI LTDA,Ready,+55 11 97158-0203,falecom@rakhepri.com,,"RUA GENOEPHA OLIVO PALARO, 33",https://www.odoo.com/partners/ra-khepri-ltda-26308148
Brazil,Mobilize Brasil,Ready,0000000000000,leads@mobilizesolutions.com.br,https://www.mobilizesolutions.com.br,"Av. Paulista, 1374 - 12º Andar",https://www.odoo.com/partners/mobilize-brasil-14503818
Brazil,QUANTUM PRODUCTS,Ready,,,,,https://www.odoo.com/partners/quantum-products-19828989
Brazil,Ouro Tecnologia,Ready,+55 31 995781001,rodrigo.carneiro@encomendy.com.br,,"Rua Paraíba, 1352, sala 604",https://www.odoo.com/partners/ouro-tecnologia-22424227
Brazil,MULTTIPLUS TECHNOLOGIES - SOLUCOES EM TECNOLOGIA LTDA,Ready,+55 47 3025-7826,financeiro@multtiplus.com.br,,Rua MONSENHOR CELSO 243,https://www.odoo.com/partners/multtiplus-technologies-solucoes-em-tecnologia-ltda-13058981
Brazil,REDOO,Ready,+55 11 3522-6200,maristela@redoo.com.br,,ALAMEDA TERRACOTA 215 - CONJ 1215,https://www.odoo.com/partners/redoo-18106789
Brazil,Otimi,Ready,+55 11 3192-8900,comercial@otimi.com.br,http://www.otimi.com.br,"Rua Apeninos, 429",https://www.odoo.com/partners/otimi-26986725
Brazil,Softhill,Ready,+55 11 97368-0180,jhonny.jackson@softhill.com.br,,Avenida São Paulo,https://www.odoo.com/partners/softhill-12381008
Brazil,Tactium,Ready,+55 85 40050500,vendas@tactium.com.br,https://tactium.com.br,"Rua Dona Leopoldina, 1242",https://www.odoo.com/partners/tactium-29634521
Brazil,TAUGA BUSINESS SOLUTIONS INFORMATICA LTDA,Ready,+55 (16) 996-10-1046,contato@tauga.com.br,,Rua Angelo Carniel 119,https://www.odoo.com/partners/tauga-business-solutions-informatica-ltda-29959415
Brazil,SULIVAM SERVICOS DE TECNOLOGIA DA INFORMACAO LTDA,Ready,,,,,https://www.odoo.com/partners/sulivam-servicos-de-tecnologia-da-informacao-ltda-26561259
Brazil,Vital e Kuibida Ltda,Ready,+55 43 99681-5110,giliardi@projetandoideias.com,,"Rua Minas Gerais, 267, Bairro Santa Luzia",https://www.odoo.com/partners/vital-e-kuibida-ltda-23136042
Brazil,Xmarts Brasil,Silver,+55 11 3042-2800,brasil@xmarts.com,http://www.xmarts.com,"RUA SANTOS DUMONT, N 1307",https://www.odoo.com/partners/xmarts-brasil-12995187
Brazil,VSM - Digital Solutions,Ready,,,,,https://www.odoo.com/partners/vsm-digital-solutions-14886290
Brazil,TRIAD 360 TECNOLOGIA LTDA,Ready,+55 19 99111-1369,triad@triad360.com.br,https://www.triad360.com.br/,"Rua Dr. Luiz Migliano, 1986",https://www.odoo.com/partners/triad-360-tecnologia-ltda-29770784
Brunei Darussalam,AK Tech United Sdn Bhd,Ready,+673 8860299,bizdev@aktechunited.com,,"Regus Office, 8th Floor, PGGMB Building, Kianggeh Rd, Bandar Seri Begawan",https://www.odoo.com/partners/ak-tech-united-sdn-bhd-19784518
Bulgaria,Polimex Holding Ltd.,Ready,,,,,https://www.odoo.com/partners/polimex-holding-ltd-11141992
Bulgaria,Industria Technology Ltd,Ready,,,,,https://www.odoo.com/partners/industria-technology-ltd-17512994
Bulgaria,BL Consulting LTD,Silver,+359 88 856 3496,byordanov@bl-consulting.net,https://www.bl-consulting.net,jk.Vrabnica 1 bl502,https://www.odoo.com/partners/bl-consulting-ltd-20534
Bulgaria,Callista Software Solutions Ltd,Ready,+359 2 496 4405,info@callista.bg,http://www.callista.bg,Blvd. 6-ti Septemvri 152,https://www.odoo.com/partners/callista-software-solutions-ltd-10051196
Bulgaria,Brantech Co.,Ready,,,,,https://www.odoo.com/partners/brantech-co-21024193
Bulgaria,ITC Consult Ltd,Ready,+359 88 689 9160,odoo@itc-consult.net,http://itc-consult.net,str. Gladston 42,https://www.odoo.com/partners/itc-consult-ltd-14105176
Burkina Faso,IT PROJET SARL,Ready,,,,,https://www.odoo.com/partners/it-projet-sarl-32483434
Burkina Faso,BOX AFRICA BURKINA FASO,Ready,,,,,https://www.odoo.com/partners/box-africa-burkina-faso-31300430
Burkina Faso,HSN Consult,Ready,,,,,https://www.odoo.com/partners/hsn-consult-285256
Burundi,MFG Technologies,Ready,+257 68 39 98 98,darlaineshemeza@mfgtech.ca,,"33 Rue Mugamba Rohero 2 , Bujumbura Burundi",https://www.odoo.com/partners/mfg-technologies-22790346
Burundi,AKAZI CONSULTING s.a.,Ready,+257 22 22 09 36,sekarimunda@yahoo.fr,,"16, Avenue MUHABO, MUTANGA NORD, BUJUMBURA",https://www.odoo.com/partners/akazi-consulting-s-a-24353360
Cambodia,"SOMA GROUP CO.,LTD",Ready,+855 12 932 805,vathv@somagroup.com.kh,,"#15 Street 347, boeungkak 1, toul kork",https://www.odoo.com/partners/soma-group-co-ltd-2558639
Cambodia,"DGTALIZE PARTNERS CO., LTD.",Ready,+855 92 521 501,gm@dgtalizepartners.com,,"18D, Street 584, Boeng Kak Pir,",https://www.odoo.com/partners/dgtalize-partners-co-ltd-14584234
Cambodia,"Fine Technology Co., Ltd",Ready,+855 89 611 168,info@finetech.pro,https://finetech.pro/,"House/Building No.50, St. No. P03, 4, Chrang Chamreh Ti Muoy",https://www.odoo.com/partners/fine-technology-co-ltd-28447922
Cambodia,Falinwa Cambodia,Ready,+855 99 783 321,cambodia@falinwa.com,https://www.falinwa.com/,"Building F, Aquation Office Park #540 Koh Pich Street, Diamond Island",https://www.odoo.com/partners/falinwa-cambodia-22619861
Cambodia,"First Cambodia Co., Ltd",Ready,+855 23 961 111,support@firstcambodia.com.kh,http://www.firstcambodia.com.kh,"#86AB, St. 13/118,",https://www.odoo.com/partners/first-cambodia-co-ltd-6064607
Cambodia,"Sunfix Consulting Co.,Ltd",Ready,+855 77 222 618,info@sunfixconsulting.com,https://sunfixconsulting.com/,"#147BE0 St 146, Sangkat Tek Lork 2, Khan Toul Kork",https://www.odoo.com/partners/sunfix-consulting-co-ltd-18615509
Cambodia,"E.R.P COMPAZ CO., LTD",Ready,+855 10 741 281,info@erpcompaz.com,https://www.erpcompaz.com,"Building TK Roundabout #6 3rd Floor, Street 289, Phumi 12, Sangkat Beongkok2,Khan Toul Kork",https://www.odoo.com/partners/e-r-p-compaz-co-ltd-4826609
Cambodia,"Oneworld Information Technology Co., Ltd",Ready,,,,,https://www.odoo.com/partners/oneworld-information-technology-co-ltd-28818906
Cameroon,HORIZON CONSULTING GROUP,Ready,,,,,https://www.odoo.com/partners/horizon-consulting-group-23418994
Cameroon,ForALL Technologies,Ready,,,,,https://www.odoo.com/partners/forall-technologies-26230103
Cameroon,MV DIGITAL LIMITED,Ready,,,,,https://www.odoo.com/partners/mv-digital-limited-5915874
Cameroon,LF COMPANY,Ready,,,,,https://www.odoo.com/partners/lf-company-32034278
Cameroon,JGME Consulting,Ready,+44 7395 185243,infos_odoo@jgmeconsulting.com; gilbert.alegue@jgmeconsulting.com,https://www.jgmeconsulting.com/,"Rue Bebey Eyidi, Face Garage Flora",https://www.odoo.com/partners/jgme-consulting-7157272
Cameroon,ABCD/SUGUM,Silver,+237 672027929,abcd@allbconsulting.com,,"Bonamoussadi, à Côté du supermarché Bao",https://www.odoo.com/partners/abcd-sugum-9921238
Cameroon,PJT SERVICES SARL (PHILJOHN TECH),Ready,+237 6 93 79 94 06,philjohntech@gmail.com,https://philjohntech.com,Immeuble Afriland - Denver,https://www.odoo.com/partners/pjt-services-sarl-philjohn-tech-1927074
Cameroon,ST Digital,Silver,+237 6 58 06 74 21,jeanmartin@st.digital,https://st.digital/en,2ème Etage Immeuble Entrelec Bali 75,https://www.odoo.com/partners/st-digital-6648273
Canada,Bage.ca INC,Ready,,,,,https://www.odoo.com/partners/bage-ca-inc-10299473
Canada,Arkimetrix Analytics Ltd.,Ready,,,,,https://www.odoo.com/partners/arkimetrix-analytics-ltd-11881667
Canada,ASP Global ERP Inc.,Ready,8194312638,leombugua@alliedscientificpro.com,https://www.aspglobalerp.com/en,815 boulevard de la carriere bureau 203,https://www.odoo.com/partners/asp-global-erp-inc-9628738
Canada,Amigo Computing Incorporated,Ready,+1 604-692-6446,juan@myamigo.ca,https://www.myamigo.ca/,4370 Dominion Street,https://www.odoo.com/partners/amigo-computing-incorporated-20134419
Canada,Attintell Solutions Inc.,Ready,,,,,https://www.odoo.com/partners/attintell-solutions-inc-21365586
Canada,AAZ Solutions,Ready,+1 514-919-9118,gpotvin@aaz-solutions.com,https://www.aaz-solutions.com/en_CA/odoo,83 Rue des Quatre Vents,https://www.odoo.com/partners/aaz-solutions-11606722
Canada,Bemade Inc.,Ready,+1 418-454-1752,it@bemade.org,,"255, Moncalm N.",https://www.odoo.com/partners/bemade-inc-7738678
Canada,"Aphid Consulting, Inc.",Silver,+1 778-503-1260,shane@aphidconsulting.ca,https://www.aphidconsulting.ca/contactus,#185-911 Yates Street,https://www.odoo.com/partners/aphid-consulting-inc-1574980
Canada,Bay Forward Inc.,Ready,,,,,https://www.odoo.com/partners/bay-forward-inc-10526090
Canada,BK Touch,Ready,,,,,https://www.odoo.com/partners/bk-touch-24691602
Canada,Big Bang ERP,Ready,,,,,https://www.odoo.com/partners/big-bang-erp-18361845
Canada,Arche TI,Gold,(833) 767-6366,info@archeti.com,http://Archeti.com,505 Rue Bélanger #202,https://www.odoo.com/partners/arche-ti-818719
Canada,BEQ & WISE,Ready,+1 514-660-2861,david.beza@beqandwise.com,https://www.beqandwise.com/,"Montreal, QC 911111",https://www.odoo.com/partners/beq-wise-22392029
Canada,Blue Sky Consulting Inc,Ready,,,,,https://www.odoo.com/partners/blue-sky-consulting-inc-13339198
Canada,Bista Solutions Canada,Gold,+1 858-401-2332,shahid@bistasolutions.com,http://www.bistasolutions.com/,2000 Av. McGill College #640,https://www.odoo.com/partners/bista-solutions-canada-847944
Canada,Blackware Technologies Inc.,Ready,+18882285755,facturation@blackwaretech.com,http://blackwaretech.com/,"801 Grande Allée Ouest, Bureau 300",https://www.odoo.com/partners/blackware-technologies-inc-1060966
Canada,AltaCom,Ready,+1 855-755-ODOO (6366),deol@altacom.ca,http://www.altacom.ca,"3730 108 Ave NE, Suite 1241",https://www.odoo.com/partners/altacom-10971834
Canada,Connected Gateway,Ready,+1 416-845-1769,eihab@connectedgateway.com,http://connectedgateway.com,536 Bradwell Chase,https://www.odoo.com/partners/connected-gateway-1130631
Canada,DANZ Consulting Inc.,Ready,+44 7541 016343,shaharyar@danzmci.com,https://danzmci.com/,2068 Mississauga Road,https://www.odoo.com/partners/danz-consulting-inc-24793752
Canada,Colibria Solution,Ready,+1 438 355 1807,info@colibriasolution.com,,5031 Rue Chambord,https://www.odoo.com/partners/colibria-solution-18129017
Canada,Cloud Lion,Gold,+1 418-401-1234,info@cloudlion.org,https://cloudlion.org/,1190b Rue De Courchevel,https://www.odoo.com/partners/cloud-lion-19166447
Canada,Captivea Canada,Silver,+1 (514) 447-9789,salesca@captivea.odoo.com,https://www.captivea.com/,6000 Boul. de Rome,https://www.odoo.com/partners/captivea-canada-10652459
Canada,Enquisitiv Solutions INC.,Ready,+1 647-804-8430,test@enquisitiv.com,https://www.Enquisitiv.com,7030 Woodbine Ave,https://www.odoo.com/partners/enquisitiv-solutions-inc-13799885
Canada,Eckinox,Ready,+1 418-321-9012,info@eckinox.ca,http://eckinox.ca,400 rue Sacré-Cœur O,https://www.odoo.com/partners/eckinox-15698864
Canada,Calibre Consulting Corp.,Ready,+1 403-980-8880,marketing@calibreconsulting.ca,http://calibreconsulting.ca,"1925 18 Ave NE, Calgary, AB T2E 7T8, Canada",https://www.odoo.com/partners/calibre-consulting-corp-15758154
Canada,ERP Happy,Ready,+15146915641,info@erphappy.com,http://www.erphappy.com,109-2727 rue saint-patrick,https://www.odoo.com/partners/erp-happy-1004869
Canada,ERP Equations,Ready,,,,,https://www.odoo.com/partners/erp-equations-16906165
Canada,EDWARD IA Canada Inc.,Ready,+1 819-339-2737,yvan.caron@edward-ia.ca,https://www.edward-ia.ca/,2106 rue Bellefeuille,https://www.odoo.com/partners/edward-ia-canada-inc-24050868
Canada,GRRYPE Solutions,Ready,,,,,https://www.odoo.com/partners/grrype-solutions-29362173
Canada,Go-Xceler8: Talent & Tech Solutions,Ready,+1 236-867-6126,padraig.kehoe@go-xceler8.com,https://www.go-xceler8.com/,8160 Lansdowne Rd,https://www.odoo.com/partners/go-xceler8-talent-tech-solutions-16537948
Canada,Habilelabs,Ready,,,,,https://www.odoo.com/partners/habilelabs-24772302
Canada,Homestead Growers,Ready,+1 519-574-9802,ed.pumpt@gmail.com,,3276 First Avenue,https://www.odoo.com/partners/homestead-growers-31126077
Canada,Erp cloud llc,Ready,+1 438 875 3474,Ali.atwi@erpxcloud.com,https://www.erpcloudllc.com,203 briston pvt,https://www.odoo.com/partners/erp-cloud-llc-2065104
Canada,E3K SOLUTIONS INC,Gold,+1 514-316-6650,info@e3k.co,http://www.e3k.co,"1000 rue du Lux, Suite 401",https://www.odoo.com/partners/e3k-solutions-inc-264615
Canada,Historia Studio,Ready,+1 780-850-0314,business@historia.studio,,2230 Trumpeter Way,https://www.odoo.com/partners/historia-studio-10743016
Canada,i2T2,Ready,+1 902 201 5010,info@i2t2-group.com,http://www.i2T2-group.com,"23 Brook Street,",https://www.odoo.com/partners/i2t2-4980809
Canada,CyberPublicity,Ready,+1 514-688-2161,bparadis@cyberpublicity.com,,625 Boul. René-Lévesque O 9th Floor,https://www.odoo.com/partners/cyberpublicity-20846268
Canada,Jivaso,Ready,,,,,https://www.odoo.com/partners/jivaso-11376030
Canada,IT Podium Inc.,Ready,+1 514-220-8613,mihaela.olariu@itpodium.ca,http://www.itpodium.ca/en/our-services,2410 Rue Robitaille,https://www.odoo.com/partners/it-podium-inc-16095522
Canada,Ingeniu,Silver,+1 833-464-3648,ventes@ingeniusolutions.com,http://ingeniusolutions.com,"3901 Av. Bannantyne, bureau 208",https://www.odoo.com/partners/ingeniu-2816327
Canada,Kadima Group,Ready,514-979-7445,phil@kadimagroup.ca,https://kadimagroup.ca/odoo-erp-montreal/,"8180 Devonshire, suite 202",https://www.odoo.com/partners/kadima-group-3392119
Canada,Kodershop North America,Silver,+1 416 885 0778,info@kodershop.com,https://kodershop.com,"3250 Bloor Street West, Suite 600",https://www.odoo.com/partners/kodershop-north-america-10218995
Canada,KerningCode Inc,Silver,+1 514-701-6084,ab@kerningcode.com,https://www.kerningcode.com/,1250 Boulevard René-Lévesque O Suite 2200,https://www.odoo.com/partners/kerningcode-inc-12371393
Canada,LabH Technology Solutions,Ready,+1 647-467-6880,rohit.bhandurge@gmail.com,,"Toronto, ON M4B 1B6",https://www.odoo.com/partners/labh-technology-solutions-18482232
Canada,Kuantiik,Silver,+1 (514) 225-7041,info@kuantiik.com,,3580 Isabelle,https://www.odoo.com/partners/kuantiik-4185003
Canada,ML Solutions,Ready,+1 514-616-3496,ml@ml-solutions.ca,https://www.ml-solutions.ca/,591 Rue Ethel,https://www.odoo.com/partners/ml-solutions-16372412
Canada,MFG Technologies,Ready,+18773771634,alainnormand@mfgtech.ca,https://www.mfgtech.ca/fr/accueilfr,2 Chem. de la Bourgade,https://www.odoo.com/partners/mfg-technologies-2656804
Canada,Lindner Management Systems Inc.,Ready,+1 778-697-6353,guilherme@lmsi.ca,https://lmsi.ca/,"638 11 Ave SW, Suite 200",https://www.odoo.com/partners/lindner-management-systems-inc-9922357
Canada,Novastrat,Ready,+1 514-503-6330,info@novastrat.ca,https://novastrat.odoo.com/en,"1514, boulevard Marie-Victorin",https://www.odoo.com/partners/novastrat-21413846
Canada,Lotus Beta Analytics,Ready,,,,,https://www.odoo.com/partners/lotus-beta-analytics-5306737
Canada,NuProcess,Ready,,,,,https://www.odoo.com/partners/nuprocess-12446545
Canada,Nalios Québec,Ready,+1 418-228-6366,leads-qc@nalios.odoo.com,https://nalios.odoo.com/,"500, 155e Rue, St-Georges",https://www.odoo.com/partners/nalios-quebec-23241318
Canada,N2 - NitrooConnect INC,Ready,,,,,https://www.odoo.com/partners/n2-nitrooconnect-inc-23524034
Canada,Open Source Integrators Inc,Ready,+1 905-766-4389,info@opensourceintegrators.com,https://opensourceintegrators.com/odoo,5838 Gant Crescent,https://www.odoo.com/partners/open-source-integrators-inc-9600938
Canada,PKF ANTARES,Ready,403-903-3976,ab.akbar@pkfantares.com,https://pkfantares.com,602 12 Ave SW #700,https://www.odoo.com/partners/pkf-antares-12258542
Canada,Oriqual Solutions Inc.,Ready,+1 226-540-0196,info@oriqual.co,https://www.oriqual.co/,4388 Rue Saint-Denis,https://www.odoo.com/partners/oriqual-solutions-inc-18961229
Canada,Powered By B,Ready,,,,,https://www.odoo.com/partners/powered-by-b-22858378
Canada,MapleHorn Consulting Inc.,Ready,+1 647-323-9824,info@maplehornconsulting.com,https://www.maplehornconsulting.com/,20 Whiteleas Ave,https://www.odoo.com/partners/maplehorn-consulting-inc-28097618
Canada,NSI Canada,Silver,,,,,https://www.odoo.com/partners/nsi-canada-19125146
Canada,Recursive Journey LTD.,Ready,587-612-5540,info@recursivejourney.com,https://recursivejourney.com,38 Walgrove Way SE,https://www.odoo.com/partners/recursive-journey-ltd-16005493
Canada,Pi Tech Group,Ready,,,,,https://www.odoo.com/partners/pi-tech-group-29074830
Canada,QORELIS SOLUTIONS inc.,Silver,+1 514 447 9192,info@qorelis.com,https://www.qorelis.com/,2624-800 rue du Square-Victoria,https://www.odoo.com/partners/qorelis-solutions-inc-16104647
Canada,QBuild Software,Ready,+1 905 479 7811 *272,peter.tomes@qbuildsoftware.com,https://www.qbuildsoftware.com/cadlink/,210 Telson Rd,https://www.odoo.com/partners/qbuild-software-17389238
Canada,OERP Canada,Gold,1.833.ERP.ODOO,info@oerp.ca,https://www.oerp.ca/r/OdD,1120-3280 Bloor St. West,https://www.odoo.com/partners/oerp-canada-121744
Canada,PROXITEK Inc.,Ready,+15818993000,info@proxitek.ca,https://www.proxitek.ca/,120 Rue Garneau,https://www.odoo.com/partners/proxitek-inc-21962522
Canada,SelectStar Solutions Ltd,Ready,,,,,https://www.odoo.com/partners/selectstar-solutions-ltd-27773147
Canada,Solutions Simplivia,Ready,+1 514-883-8686,info@simplivia.ca,https://www.simplivia.ca,3645 rue pierre de beaumarchais,https://www.odoo.com/partners/solutions-simplivia-18475826
Canada,Odovia Integration,Gold,+1 514-968-5968,brieuc@odovia.com,,2065 Rue Parthenais local 400A,https://www.odoo.com/partners/odovia-integration-11304128
Canada,Solvync,Ready,,,,,https://www.odoo.com/partners/solvync-28211344
Canada,Smartstream ERP Solutions Ltd.,Ready,+1 403-801-0090,ashish@smartstreamerp.com,https://smartstreamerp.com,"1935 32 Ave NE, Calgary",https://www.odoo.com/partners/smartstream-erp-solutions-ltd-21839004
Canada,Smart Information Technologies Ltd Canada,Silver,+1 604 305 1616,info@smart-ltd.ca,https://smart-ltd.ca,233 West 1st Street,https://www.odoo.com/partners/smart-information-technologies-ltd-canada-1826267
Canada,SMEWORX Consulting Inc.,Ready,+1 403-402-4869,cassie@smeworx.ca,https://www.smeworx.ca/,330 5 Ave SW Suite 1800,https://www.odoo.com/partners/smeworx-consulting-inc-17275774
Canada,Silver Touch Technologies Canada Limited,Silver,+16478292482,adarsh@silvertouch.com,https://www.silvertouch.ca,"55 Albert Street,",https://www.odoo.com/partners/silver-touch-technologies-canada-limited-11542599
Canada,Stratega CPA LLP,Ready,+1 514-277-8173,info@strategacpa.com,https://strategacpa.com/,6525 Boul Decarie,https://www.odoo.com/partners/stratega-cpa-llp-23424955
Canada,Strategies Beyond Limits,Ready,+1 416-999-4410,info@sbladvisory.com,http://sbladvisory.com,675 Riverbend Dr,https://www.odoo.com/partners/strategies-beyond-limits-26928388
Canada,SynerTech,Ready,,,,,https://www.odoo.com/partners/synertech-16417098
Canada,Stackfee,Ready,+1 514-833-6651,harley.mcphee@stackfee.com,https://www.stackfee.com/odoo-erp-solutions,190 Rue Murray,https://www.odoo.com/partners/stackfee-23704550
Canada,Swiftpick Delivery Inc.,Ready,+1 289-889-2147,odoo@swiftpickdelivery.com,,2717 Sunridge Way NE,https://www.odoo.com/partners/swiftpick-delivery-inc-22508428
Canada,Threevo Solutions Inc,Ready,8259756920,info@threevo.ca,https://www.threevo.ca,10 Ave SW,https://www.odoo.com/partners/threevo-solutions-inc-3721177
Canada,Sunwapta Solutions,Ready,,,,,https://www.odoo.com/partners/sunwapta-solutions-30727118
Canada,Technucom Inc,Ready,+1 514-297-4900,renato@technucom.com,http://www.technucom.com,"305, rue Bellechasse, Suite 403",https://www.odoo.com/partners/technucom-inc-9793983
Canada,Syncoria,Gold,+1 (416) 628-5522,odoo@syncoria.com,https://www.syncoria.com/,"1200 Bay Street, Suite-202",https://www.odoo.com/partners/syncoria-1480761
Canada,Technicor Ltd,Ready,,,,,https://www.odoo.com/partners/technicor-ltd-23337930
Canada,Toews Consulting Inc.,Silver,+1 204-384-7640,contact@toews.consulting,https://toews.consulting/,"201 South Railway, Unit 3",https://www.odoo.com/partners/toews-consulting-inc-5178874
Canada,UJAU Pay,Ready,,,,,https://www.odoo.com/partners/ujau-pay-27500779
Canada,Usman Syed,Ready,+1 647-444-6335,usman.syed@thinknextnorth.com,http://www.thinknextnorth.com,2010 Winston Park Drive,https://www.odoo.com/partners/usman-syed-15316658
Canada,Trewac Forge,Ready,,,,,https://www.odoo.com/partners/trewac-forge-14128573
Canada,Thinksoft,Ready,1.888.512.1991,info@thinksoft.ca,http://www.thinksoft.ca/,#304 2435 90B Street,https://www.odoo.com/partners/thinksoft-10208
Canada,Yellow Basket Ltd,Ready,+1 281-895-3739,odoosupport@yellowbasket.io,https://www.yellowbasket.io/,"1430, 150 - 9 Avenue SW",https://www.odoo.com/partners/yellow-basket-ltd-16241439
Canada,Stream Lean Industry 4.0 (Canada),Ready,+212 661-838790,yassine.amermiz@streamleanindustry.ca,https://www.streamleanindustry.com/en,IQ offices 140 Yonge Street Suite 200,https://www.odoo.com/partners/stream-lean-industry-4-0-canada-16592260
Canada,Xappert Inc,Ready,7788787695,info@xappert.ca,https://www.xappert.ca/,8497 Young Road,https://www.odoo.com/partners/xappert-inc-24795494
Canada,Vibing Technologies Limited,Ready,+16472864005,prashant@vibingtechnologies.ca,https://vibingtech.com/about-us,"130 King Street West, Suite 1900",https://www.odoo.com/partners/vibing-technologies-limited-8129160
Canada,Webisoft Inc,Ready,+1 438-833-4738,william@webisoft.com,http://www.webisoft.com,460 rue Sainte-Catherine O bureau 305,https://www.odoo.com/partners/webisoft-inc-24161963
Canada,VGenio,Ready,+1 416-475-9315,pranjan@vgenio.com,https://www.vgenio.com/,55 Village Centre Place,https://www.odoo.com/partners/vgenio-28895410
Canada,ThinkTech Digital Inc.,Ready,+1 587-816-4385,erp.sales@thethinktech.com,https://thethinktech.com/,150 9 Ave SW,https://www.odoo.com/partners/thinktech-digital-inc-16387744
Chad,Ultra-Tech Business solutions,Ready,+235 85333933 / 65999970,contact@ultratech-bs.com,https://www.ultratech-bs.com/,Qrt. Bololo 2eme Arrondissement,https://www.odoo.com/partners/ultra-tech-business-solutions-24481256
Chile,ADHOC Chile,Ready,+56 2 2227 9927,tev@adhoc.inc,https://www.adhoc.inc/r/AJG,Av. Apoquindo 6410,https://www.odoo.com/partners/adhoc-chile-4723812
Chile,"ASESORIAS, SERVICIOS Y TELECOMUNICACIONES LIMITADA",Ready,,,,,https://www.odoo.com/partners/asesorias-servicios-y-telecomunicaciones-limitada-20800371
Chile,ASTROLYNX SpA,Ready,+56 9 7759 0708,info@astrolynx.cl,,Javiera carrera 7353,https://www.odoo.com/partners/astrolynx-spa-17159020
Chile,Alfa Data SPA,Ready,,,,,https://www.odoo.com/partners/alfa-data-spa-16285567
Chile,BELUCKY CONSULTORÍA Y SERVICIOS INFORMÁTICOS SpA,Silver,+56 9 9190 2933,contacto@belucky.cl,http://www.belucky.cl,"Av. Apoquindo #6410, Oficina 212, Las Condes",https://www.odoo.com/partners/belucky-consultoria-y-servicios-informaticos-spa-4540771
Chile,BCN CONSULTORES LIMITADA,Gold,+56 9 6270 3828,jescalona@bcncons.com,http://www.bcncons.com,AV. Providencia 1208,https://www.odoo.com/partners/bcn-consultores-limitada-9184625
Chile,AcruxLab SpA,Ready,+56 9 7976 4016,info@acruxlab.com,https://acruxlab.com,"Nueva L-1 940, La Herradura",https://www.odoo.com/partners/acruxlab-spa-4083133
Chile,CM Corp,Silver,+56953849912,camilo@cmcorp.cl,http://www.cmcorp.cl,"Apoquindo 6410, of. 605",https://www.odoo.com/partners/cm-corp-8397859
Chile,AUSTRAL LOGIC ALL BUSINESS SPA,Ready,+56940146956,info@australlab.cl,,Los Laureles 075 Piso 2,https://www.odoo.com/partners/austral-logic-all-business-spa-17421227
Chile,Blanco Martín & Asociados SpA,Silver,+56 2 2965 1178,odoocl@bmya.cl,https://www.bmya.cl,Apoquindo 6410 Of 212,https://www.odoo.com/partners/blanco-martin-asociados-spa-1177075
Chile,Indasoge SpA,Ready,+56 9 6168 4232,juanpablo.levy@indasoge.com,http://www.indasoge.com,"Marchant Pereira 150, Providencia",https://www.odoo.com/partners/indasoge-spa-1587939
Chile,Evo Edge SpA,Ready,+56 9 9895 2043,cristian@evoedge.cl,http://www.evoedge.cl,"Av. Apoquindo 6410 Oficina 212 piso 2, Las Condes",https://www.odoo.com/partners/evo-edge-spa-11878502
Chile,Consulnet,Silver,+1 305-686-9561,contacto@odoosistema.com,https://consulnet.io,av manquehue sur 520 oficina 205,https://www.odoo.com/partners/consulnet-2643706
Chile,Corporación PROANDSYS SPA,Ready,+56 9 4204 3892,info@proandsys.net joel.navas@proandsys.net,http://www.odooconsultores.cl,"Napoleon 3233, Las Condes",https://www.odoo.com/partners/corporacion-proandsys-spa-1562766
Chile,Giraffos,Ready,+56 9 7528 7377,contacto@giraffos.com,https://www.giraffos.com,Ave. Irarrazaval 2401 Of 1108,https://www.odoo.com/partners/giraffos-1973015
Chile,INMOBILIARIA E INVERSIONES INTERHAUS SPA,Ready,,,,,https://www.odoo.com/partners/inmobiliaria-e-inversiones-interhaus-spa-32345679
Chile,IOSBOX Spa,Ready,,,,,https://www.odoo.com/partners/iosbox-spa-22444479
Chile,Elite Solutions,Ready,+56 9 3010 4519,soporte@elitesolutions.cl,https://www.elitesolutions.cl/,Avenida Pedro de Valdivia 0921,https://www.odoo.com/partners/elite-solutions-11336836
Chile,Keep Pushing Business,Gold,+56 9 31974203,contacto@kpbsolutions.io,https://kpbsolutions.io,"El Canelo 2715, oficina 402",https://www.odoo.com/partners/keep-pushing-business-14854557
Chile,Konos,Gold,+56 64 227 0781,ventas@konos.cl,http://www.konos.cl,"Cerro Colorado 5870, Of 205. Las Condes",https://www.odoo.com/partners/konos-1078949
Chile,Standardtech,Ready,,,,,https://www.odoo.com/partners/standardtech-13940305
Chile,NetGlobal,Ready,+56 9 8467 5227,rodolfo.ledezma@netglobal.cl,,Manquehue sur 520,https://www.odoo.com/partners/netglobal-16937162
Chile,Takenologies SpA,Ready,,,,,https://www.odoo.com/partners/takenologies-spa-25043775
Chile,SISTEMAS Y SERVICIOS VANDA LIMITADA,Ready,,,,,https://www.odoo.com/partners/sistemas-y-servicios-vanda-limitada-17456781
Chile,ING Métrica SpA,Ready,+56928374712,aromero@ingmetrica.cl,https://www.ingmetrica.cl/,"Alhue 8897, La Cisterna",https://www.odoo.com/partners/ing-metrica-spa-12014684
Chile,Loyalle Consulting Limitada,Ready,+56 9 3126 6159,comercial@grupoloyalle.cl,http://www.grupoloyalle.cl,"La capitania 80, oficina 108",https://www.odoo.com/partners/loyalle-consulting-limitada-15424242
Chile,"TECNOLOGIA, INFORMATICA Y MARKETING SPA",Ready,+56990789045,njelincic@timark.cl,,"Avenida los litres 1400 casa 54, lo barnechea",https://www.odoo.com/partners/tecnologia-informatica-y-marketing-spa-23116573
Chile,THE PROJECT COMPANY LIMITADA,Ready,+56990159060,alejandro.gallardo@tpco.cl,http://www.tpco.cl,"Ahumada N 312, Of. 238",https://www.odoo.com/partners/the-project-company-limitada-1272379
Chile,Visión Empresarial en Datos SPA,Silver,+56 9 9879 7160,mdiaz@vedata.cl,,Avenida Apoquindo 6410,https://www.odoo.com/partners/vision-empresarial-en-datos-spa-10211885
Chile,Mobilize,Ready,+56962364161,leads@mobilize.cl,http://www.mobilize.cl/,Av. Pajaritos 3195,https://www.odoo.com/partners/mobilize-1759950
Chile,OpenDrive Ltda,Silver,+56 9 6858 1204,portiz@opendrive.cl,,Julio Prado 1920,https://www.odoo.com/partners/opendrive-ltda-190103
China,Beijing Shinetech China Software Inc.,Ready,+86 188 1006 3811,weihy@shinetechsoftware.com,http://www.shinetechchina.com.cn/,"Beijing Shinetech China Software Inc. Room 1780, ShengFu Building maizidian Street No. 37, Chao yang District",https://www.odoo.com/partners/beijing-shinetech-china-software-inc-418141
China,"Suzhou Yuanding Information Technology Co.,Ltd.",Ready,051269361217,liuct@chinamaker.net,http://www.chinamaker.net,"Address: 4th Floor, Building B6, No. 99 Ren'ai Road, Suzhou Industrial Park",https://www.odoo.com/partners/suzhou-yuanding-information-technology-co-ltd-27174848
China,DevReaction,Ready,+8618616302311,contact@devreaction.com,https://www.devreaction.com,333 Linping Road,https://www.odoo.com/partners/devreaction-59832
China,Keyrus China Limited,Ready,+86 21 6886 0352,robbie.shen@keyrus.com,https://www.keyrus.sh.cn/cn/zh/home,Unit 2308 Qiangsheng Building No. 145 PuJian Road Pudong District,https://www.odoo.com/partners/keyrus-china-limited-28953370
Colombia,Crearme Ingeniería S.A.S.,Ready,+57 304 2385453,jfgil@crearme.com,https://www.crearme.com,"Av 4 Norte # 26N - 47, Piso 1",https://www.odoo.com/partners/crearme-ingenieria-s-a-s-1204487
Colombia,Coondev,Silver,3134377339,julian.bocanegra@coondev.com,https://www.coondev.com/,Cra 5 26a -50 Of 405,https://www.odoo.com/partners/coondev-4914287
Colombia,ALIADOO,Ready,+573003549005,ventas@ofidoo.com,http://www.ofidoo.com,Cr 15 #50-02,https://www.odoo.com/partners/aliadoo-1569620
Colombia,Emast S.A.S,Ready,+57 321 7607103,juan.espinosa@emast.co,,Dirección calle 23 # 41-70 int 809,https://www.odoo.com/partners/emast-s-a-s-17301748
Colombia,Andirent,Ready,+57 3102185334,cfo@andirent.co,,av boyaca #95 -51 Bodega 15,https://www.odoo.com/partners/andirent-6616898
Colombia,Firefly software consulting S.A.S,Silver,+57 3242671803,comercial@firefly-e.com,https://www.firefly-e.com/,CR 13 # 90-17,https://www.odoo.com/partners/firefly-software-consulting-s-a-s-1726998
Colombia,Fábrica de Innovación S.A.S,Ready,+57 317 3751042,juan.quiceno@fabricadeinnovacion.com,https://www.fabricadeinnovacion.com,La estrella Antioquia,https://www.odoo.com/partners/fabrica-de-innovacion-s-a-s-3420396
Colombia,Codyd SAS.,Ready,+57 3218024599,soporte@codyd.com.co,http://codyd.co/,Calle 65A # 23B - 68 L3,https://www.odoo.com/partners/codyd-sas-4196147
Colombia,DOOIT SAS,Gold,+57 317 6650019,hola@dooit.com.co,https://www.dooit.com.co/,Cr 65,https://www.odoo.com/partners/dooit-sas-9295725
Colombia,1-800CLOUD SAS,Ready,+57 313 8148888,alexander.saravia@1-800cloud.com,http://www.1-800cloud.com,Carrera 67 # 167-61 Of.416,https://www.odoo.com/partners/1-800cloud-sas-6169040
Colombia,GI-Grupo Interfase,Ready,+57 312 5944940,imartinez@grupointerfase.com.co,https://grupointerfase.com.co/,CALLE 26A # 13 – 97 OF. 605,https://www.odoo.com/partners/gi-grupo-interfase-16289166
Colombia,"I.A.S Ingeniería, Aplicaciones y Software S.A.S",Ready,+57 300 6182791,dgomez@ias.com.co,http://www.ias.com.co,"Carrera 82 C No 30 A 120, Centro Comercial Los Molinos. Oficina 1409",https://www.odoo.com/partners/i-a-s-ingenieria-aplicaciones-y-software-s-a-s-522883
Colombia,INFINITY SOLUTIONS TECHNOLOGY S.A.S,Ready,+57 302 8522449,david.hernandez@insotech.it,https://www.insotech.it,DG 54 19 20,https://www.odoo.com/partners/infinity-solutions-technology-s-a-s-22842238
Colombia,GREAT BOOST INC SAS,Ready,,,,,https://www.odoo.com/partners/great-boost-inc-sas-26438492
Colombia,GRUPO MILLENNIUM SAS,Ready,+57 3185948826,lilianas@gmlsoftware.com,https://gmlsoftware.com/,Cra 35 N 53-62,https://www.odoo.com/partners/grupo-millennium-sas-17304619
Colombia,Integrated Systems Developers SAS,Ready,+57 305 4309656,sistemas@intsyd.co,http://www.intsyd.com/,AV 3N #49N-62,https://www.odoo.com/partners/integrated-systems-developers-sas-5135537
Colombia,Interconsulting S.A.,Ready,+57 604 349 46 20,gerencia@interconsulting.com.co,,Carrera 49 No. 64-39,https://www.odoo.com/partners/interconsulting-s-a-24798
Colombia,INFOPRO S.A.S,Ready,+57 316 4487181,info@proactivo.digital,https://proactivo.digital/#aliados,CALLE 46 # 78 A - 57,https://www.odoo.com/partners/infopro-s-a-s-12040448
Colombia,Modoo Simple,Silver,+57 316 5245901,mario.pelaez@modosimple.co,https://www.modosimple.co/,Vereda Montañita- Parcelacion Pamplemusa,https://www.odoo.com/partners/modoo-simple-3692015
Colombia,Navegasoft S.A.S,Ready,+57 300 9291290,info@navegasoft.com,http://www.navegasoft.com,https://www.odoo.com/odoo/res.partner/5131897,https://www.odoo.com/partners/navegasoft-s-a-s-5131897
Colombia,Odopro SAS,Ready,+57 318 5586280,pbeltran@odooproerp.com,https://odoproerp.odoo.com/,Calle 78 B # 120 A - 55,https://www.odoo.com/partners/odopro-sas-16323594
Colombia,OWL 360 S.A.S,Ready,,,,,https://www.odoo.com/partners/owl-360-s-a-s-22325729
Colombia,MI ERP,Gold,+57 3011814999,info@mi-erp.app,https://mi-erp.app,"CRA 21 # 14-28 TORRE ANVAMAR OFICINA 2206, BARRIO ALAMOS",https://www.odoo.com/partners/mi-erp-13747557
Colombia,PARAMO DIGITAL,Ready,,,,,https://www.odoo.com/partners/paramo-digital-23580780
Colombia,PIXALES SAS,Ready,+57 320 4900584,info@pixales.net,https://www.pixales.net,Carrera 25 3 B 81 INT 160,https://www.odoo.com/partners/pixales-sas-8489590
Colombia,ODONE. S.A.S.,Gold,+57 302 4676430. +57 302 7448708,gerencia@odone.com.co,http://www.odone.com.co,"Calle 99 # 9A - 54 Local 10, Bogota - HQ Equidad",https://www.odoo.com/partners/odone-s-a-s-11883383
Colombia,Metoodo SAS,Ready,,,,,https://www.odoo.com/partners/metoodo-sas-20042285
Colombia,Para Ti.co SAS,Gold,+57 301 6687140,gerencia@parati.com.co,https://www.parati.com.co/en,Calle 60 Norte #2 AN 85,https://www.odoo.com/partners/para-ti-co-sas-4767148
Colombia,PETI Soluciones Productivas,Gold,+57 315 4960740,gerencia@peti.com.co,https://peti.com.co/,"calle 14 21 82, Envigado - Antioquia",https://www.odoo.com/partners/peti-soluciones-productivas-1943971
Colombia,TEAM PROFESIONAL S.A.S.,Ready,,,,,https://www.odoo.com/partners/team-profesional-s-a-s-27445262
Colombia,TAMPA SOFTWARE DOTACIONES Y SUMINSITROS SAS,Silver,+57 301 9006120,marcela.vargas@tampasoluciones.com.co,https://tampasoluciones.odoo.com/,CALLE 79 60 42,https://www.odoo.com/partners/tampa-software-dotaciones-y-suminsitros-sas-17665002
Colombia,Progsum,Gold,+57 322 6086311,info@progsum.com,http://www.progsum.com,Cra 43B #16-41,https://www.odoo.com/partners/progsum-11173420
Colombia,SYSMAN SAS,Ready,+57 320 9446138,drhernandez@sysman.com.co,https://sysman.com.co/odoo,Calle 100 No. 19 A -50,https://www.odoo.com/partners/sysman-sas-5327245
Colombia,VITE24.COM S.A.S.,Ready,+56 9 4716 6852,servicio@vite24.com,,CR 80 B 17 - 152,https://www.odoo.com/partners/vite24-com-s-a-s-26560191
Colombia,Tu Manager Digital,Ready,+57 321 3566100,contacto@tumanagerdigital.com,https://www.tumanagerdigital.com/,Cra. 49c #75- 47,https://www.odoo.com/partners/tu-manager-digital-16006917
Colombia,Sinova SAS,Gold,+57 300 3855232,corporativo@sinova.co,,Cr 12 No 90 - 20,https://www.odoo.com/partners/sinova-sas-7143946
Colombia,Zue SAS,Silver,+57 311 2143481,comercial@zue.com.co,http://www.zue.com.co,Calle 25D No.34 A -08,https://www.odoo.com/partners/zue-sas-2727075
Colombia,Pragmatic,Gold,+57 3014349446,ventas@pragmatic.com.co,https://www.pragmatic.com.co/,Cra 103B # 152-51 Oficina 05-06 Torre 1,https://www.odoo.com/partners/pragmatic-1766247
Congo,GINOV Congo,Ready,+242 05 564 0383,gilles.bikorobieko@ginov.io,,2 rue Mongo Bissafi Quartier Mpita Pointe-Noire,https://www.odoo.com/partners/ginov-congo-19616750
Congo,NGZ Consulting,Ready,,,,,https://www.odoo.com/partners/ngz-consulting-10499961
Congo,Cabinet Des Techniques Apliquées,Ready,,,,,https://www.odoo.com/partners/cabinet-des-techniques-apliquees-24148423
Congo,Horizon for Services Congo,Silver,,,,,https://www.odoo.com/partners/horizon-for-services-congo-2139828
Costa Rica,Atrix Consulting,Ready,,,,,https://www.odoo.com/partners/atrix-consulting-25336756
Costa Rica,Bugendai SRL,Ready,+506 8835-5000,daniela@bugendaicr.com,http://www.bugendaicr.com,San Jose,https://www.odoo.com/partners/bugendai-srl-28628687
Costa Rica,Bsmarttech,Ready,+506 8860 0392,mduran@bsmarttech.net,,Montes de Oca Residencial Pinar Casa 79,https://www.odoo.com/partners/bsmarttech-5716316
Costa Rica,ABChainD Systems - 3101955330 S.A.,Ready,,,,,https://www.odoo.com/partners/abchaind-systems-3101955330-s-a-1104670
Costa Rica,CONETECH,Ready,+506 8849 8149 / +506 8888 0598,info@conetechcr.com,https://www.conetechcr.com/,"El Alto de Guadalupe, Res. Odilie, Casa 16.",https://www.odoo.com/partners/conetech-10523279
Costa Rica,CGS-CPA y Consultores S.A,Ready,+506 46009377,vgarciabarrenechea@cpacr.com,https://www.cgsconsultores.com/,"Escazú, San Rafael, Plaza Tempo lobby A piso 4",https://www.odoo.com/partners/cgs-cpa-y-consultores-s-a-11708578
Costa Rica,Atendotech Limitada,Ready,,,,,https://www.odoo.com/partners/atendotech-limitada-18670916
Costa Rica,Castro LI,Ready,+506 7207 0373,info@castrolicr.com,https://www.castrolicr.com,"San José, Costa Rica",https://www.odoo.com/partners/castro-li-21915418
Costa Rica,CONTASIRU ASESORES S.R.L,Ready,+506 7060 0510,contabilidad@sirufinanciero.com,,Torres de Granadilla C301,https://www.odoo.com/partners/contasiru-asesores-s-r-l-14823332
Costa Rica,Corpsol,Ready,,,,,https://www.odoo.com/partners/corpsol-27739870
Costa Rica,Boostech LTDA,Ready,+506 8820 8215,transformacion@boostechcr.com,,"Curridabat, Granadilla",https://www.odoo.com/partners/boostech-ltda-4140416
Costa Rica,Creative Technology S.A.,Ready,+506 71396899,jzuniga@tecnologiacreativa.cc,,San José CR,https://www.odoo.com/partners/creative-technology-s-a-5074095
Costa Rica,DATAR SA (ADA Robotics),Ready,+506 89127857,adriana.lizano@adarobotics.com,https://adarobotics.com,WeWork Escazú Village,https://www.odoo.com/partners/datar-sa-ada-robotics-5917886
Costa Rica,Evolución Digital,Ready,,laura@evodi.net,,,https://www.odoo.com/partners/evolucion-digital-13573075
Costa Rica,"Edifac, S.A.",Ready,+506 8843 9900,gerencia@edifaccr.com,http://edifaccr.com,"Calle 35 Avenidas 24-26a, Barrio Montealegre, Zapote",https://www.odoo.com/partners/edifac-s-a-11049102
Costa Rica,FINESTRA,Ready,+50625260303,soporte@americadg.com,https://cognitekcr.odoo.com/odoo,Del centro comercial la paco 200 oeste,https://www.odoo.com/partners/finestra-22227336
Costa Rica,Everest Technology ERP,Ready,+506 8874 2901,everest.crsrl@gmail.com,,"Ciudad Quesada, 500 metros Norte de la Estación de Servicios",https://www.odoo.com/partners/everest-technology-erp-25219399
Costa Rica,Congero Technology,Ready,+506 8428 5937,alexander.salazar@congerotechnology.com,https://www.congerotechnology.com,"Centro Corporativo Plaza Roble, Edificio Las Terrazas 5to piso",https://www.odoo.com/partners/congero-technology-4035559
Costa Rica,Fibos Technologies,Ready,+506 7131 1129,dalhyn.carrillo@sifersoft.com,https://sifersoft.com,2 km Oeste de la Escuela,https://www.odoo.com/partners/fibos-technologies-4435641
Costa Rica,Grupo Corporativo NBF SA,Ready,+506 8681 9610,navila@grupocorp-nbf.com,,"San Antonio, Coronado, San Jose",https://www.odoo.com/partners/grupo-corporativo-nbf-sa-12257180
Costa Rica,HEVRA SOLUTIONS,Ready,,,,,https://www.odoo.com/partners/hevra-solutions-25570404
Costa Rica,Kimuk,Ready,,,,,https://www.odoo.com/partners/kimuk-30001606
Costa Rica,Grupo OLA,Silver,+506 71083168,equiros@grupoola.net,https://grupoola.odoo.com,"Santo Domingo, casa 3a",https://www.odoo.com/partners/grupo-ola-1690891
Costa Rica,LeoGuillen,Ready,+506 8997 3585,leo@leoguillen.com,https://leoguillen.odoo.com/en,Cale la rueda 71 G,https://www.odoo.com/partners/leoguillen-11646765
Costa Rica,Nativo Software SA,Silver,+506 4001 5120,pablo.arroyo@nativo.la,https://nativo.la,"Ave 0, Calle 1. Piso 2 Edificio Arroyo, Ciudad Quesada",https://www.odoo.com/partners/nativo-software-sa-4921707
Costa Rica,Digital Information Strategy S.A. (Delfix),Silver,+506 40013192,ventas@delfixcr.com,http://www.delfixcr.com/,Digital Information Strategy S.A.,https://www.odoo.com/partners/digital-information-strategy-s-a-delfix-738273
Costa Rica,Logics Sphere S.A.,Ready,+506 8926 9458,ventas@logicssphere.net,https://www.logicssphere.net/services,"Heredia, Ulloa, OfiBodegas Barreal Bodega #6",https://www.odoo.com/partners/logics-sphere-s-a-16861187
Costa Rica,Grupo Multivalores S.A.,Ready,+506 6100 0235,diego.gutierrez@multivalores.cr,http://www.multivalores.cr,Centro Comercial Trejos Montealegre,https://www.odoo.com/partners/grupo-multivalores-s-a-13701237
Costa Rica,Servicios Contables e Informáticos SECOI SRL,Ready,+506 7186 8496,info@secoicr.com,,"Jiménez, Juan Viñas, 350 metros al Norte del Liceo Hernán Vargas",https://www.odoo.com/partners/servicios-contables-e-informaticos-secoi-srl-16735350
Costa Rica,NIMETRIX COSTA RICA INC SOCIEDAD ANÓNIMA,Silver,+506 7044 4576,costarica@nimetrix.com,https://www.nimetrixcostarica.com,"SAN FRANCISCO, FRENTE A LA SALIDA SUR DEL CENTRO COMERCIAL OXIGENO",https://www.odoo.com/partners/nimetrix-costa-rica-inc-sociedad-anonima-11509257
Costa Rica,OAD Partners,Ready,+50687221642,orojas@oadpartners.com,,La Fortuna,https://www.odoo.com/partners/oad-partners-7063135
Costa Rica,QWERTY Software Solutions,Silver,+506 7292 7036,amora@qwerty.co.cr,http://﻿qwerty.co.cr/,"Barva San Roque, Residencial Puente de Piedra Casa 88b",https://www.odoo.com/partners/qwerty-software-solutions-17186730
Costa Rica,SNG Consultores,Ready,+506 8827 0028,diego@sngstore.com,https://sngsrl.odoo.com,Pavas,https://www.odoo.com/partners/sng-consultores-1212707
Costa Rica,PROINTEC S.A.,Silver,+506 8893-9749,jrichmond@prointeccr.com,http://www.prointeccr.com,Avenida 20,https://www.odoo.com/partners/prointec-s-a-2190645
Costa Rica,Singulary,Ready,,,,,https://www.odoo.com/partners/singulary-19399364
Costa Rica,Nugleo,Silver,+506 8387 9645,odoo@nugleo.com,https://www.nugleo.com,Avenida 52 A s/n,https://www.odoo.com/partners/nugleo-5411226
Costa Rica,SOFTCON DE COSTA RICA SRL,Ready,+506 7076 9377,jalfaror26@hotmail.com,http://www.softcon.co.cr,Calle Chaves,https://www.odoo.com/partners/softcon-de-costa-rica-srl-28627004
Costa Rica,Tierra Curativa Limitada,Ready,+506 8960 5666,cr@tclotus-systems.com,http://www.tclotus-systems.com,"Finca Curcuma, 800 m oeste Centro San J",https://www.odoo.com/partners/tierra-curativa-limitada-22666410
Costa Rica,Navios Corp S.A.,Ready,+506 7232-1551,info@navioscorp.com,https://www.navioscorp.com/,"Calle 10, Avenida 11, Barrio México",https://www.odoo.com/partners/navios-corp-s-a-2114483
Costa Rica,TECNOLOGIA VERSATIL SOCIEDAD ANONIMA,Ready,+506 8705 0954,cmonge@tecmosacr.com,https://www.tecmosacr.com/,San Jose,https://www.odoo.com/partners/tecnologia-versatil-sociedad-anonima-993804
Costa Rica,Tri Tech Robotics Sociedad Anonima,Ready,,,,,https://www.odoo.com/partners/tri-tech-robotics-sociedad-anonima-26214266
Costa Rica,TI Recursos de Costa Rica S.A.,Silver,+506 2575 1434,jsolano@tirecursos.com,http://www.tirecursos.com,Florencio del Catillo,https://www.odoo.com/partners/ti-recursos-de-costa-rica-s-a-562108
Costa Rica,Triias Latam,Silver,+50664872121,ventas@triiaslatam.com,https://www.triiaslatam.com/r/nJq,Palmares Centro,https://www.odoo.com/partners/triias-latam-870606
Costa Rica,TALENTIXS SOCIEDAD ANONIMA,Gold,+506 8330 0358,luis.ramirez@talentixs.com,https://talentixs.com,"C. 118B, San José, San Rafael, Trejos Montealegre, 10203",https://www.odoo.com/partners/talentixs-sociedad-anonima-14146977
Costa Rica,Zuma Solutions,Ready,+506 6122 3475,edgar@zumasolutions.io,https://www.zumasolutions.io/,"Condominio Isabella del Carmen N.23, Mata de Plátano",https://www.odoo.com/partners/zuma-solutions-31384161
Costa Rica,Vauxoo Costa Rica,Silver,+50640002677,ventas@vauxoo.com,https://www.vauxoo.com/,"Edificio Sigma, Oficentro Republic Edificio A, 2do Piso C.P. Montes de Oca",https://www.odoo.com/partners/vauxoo-costa-rica-2362863
Cote D Ivoire,BDO Digital,Ready,+225 01 60 31 2899,support@bdo-fwa.com,http://www.keryatec.com,Rue des jardins 2 Plateaux Vallons,https://www.odoo.com/partners/bdo-digital-921253
Cote D Ivoire,BLUEX Consulting,Ready,,,,,https://www.odoo.com/partners/bluex-consulting-16708971
Cote D Ivoire,eSecureX,Ready,,,,,https://www.odoo.com/partners/esecurex-11123062
Cote D Ivoire,Cybastion,Ready,,,,,https://www.odoo.com/partners/cybastion-16508134
Cote D Ivoire,Box Africa S.A.R.L.U.,Ready,,,,,https://www.odoo.com/partners/box-africa-s-a-r-l-u-3231933
Cote D Ivoire,Koura Technologies,Ready,,,,,https://www.odoo.com/partners/koura-technologies-1272017
Cote D Ivoire,Digifaz,Ready,,,,,https://www.odoo.com/partners/digifaz-5715763
Cote D Ivoire,ConsulTech,Ready,+225 27 2243 4537,odoo@consultech.ci,https://consultech.ci/,"Route d'Abatta, Cité du Port, Entrée Principale, PADA N°206",https://www.odoo.com/partners/consultech-773923
Cote D Ivoire,NEURONES TECHNOLOGIES SA,Ready,+2250701515357,dtraore@neuronestech.com,,"Angré, 8ème Tranche, Abidjan",https://www.odoo.com/partners/neurones-technologies-sa-1569227
Cote D Ivoire,VEONE,Gold,+225 20 0 04640,sales@veone.net,http://www.veone.net/,"Cocody Riviéra Bonoumin Lot 302 Ilot 23, I 80",https://www.odoo.com/partners/veone-5100
Cote D Ivoire,VERINET,Ready,,,,,https://www.odoo.com/partners/verinet-18617350
Cote D Ivoire,Qanthom Technologies,Silver,+225 07 08 39 0290,am@qanthom-tech.com,https://qanthom.odoo.com/,"Immeuble STRATOR Cité SIPIM, Port Bouet Abidjan",https://www.odoo.com/partners/qanthom-technologies-30707709
Cote D Ivoire,Progistack,Gold,+2252722231696,info@progistack.com,https://progistack.com/,Angré (8ème tranche),https://www.odoo.com/partners/progistack-6648660
Cote D Ivoire,ADG - AFRICA DIGITAL GENIUS,Silver,+225 07 08 20 5986,mkone@adg.ci,https://adg.ci/,Cocody Riviera Bessikoi Im ADOU HR,https://www.odoo.com/partners/adg-africa-digital-genius-7575930
Croatia,2P d.o.o.,Silver,+385 95 810 1986,ivan@2p.hr,https://www.2p.hr/,Lička 6,https://www.odoo.com/partners/2p-d-o-o-14066453
Croatia,Uvid d.o.o.,Ready,+3852889899,marko@uvid.hr,http://www.uvid.hr,Hrelićka ulica 96,https://www.odoo.com/partners/uvid-d-o-o-1808902
Croatia,NeunAg PRO d.o.o.,Ready,0038631378827,irena.jaksa-zupancic@neunpro.com;andraz.rojnik@neunpro.com,,Ulica Andrije Hebranga 27,https://www.odoo.com/partners/neunag-pro-d-o-o-9326055
Croatia,Info3.hr,Ready,,,,,https://www.odoo.com/partners/info3-hr-4101604
Croatia,Informacijska rješenja Nava d.o.o.,Silver,,igor.nazor@nava.hr; vinko.alujevic@nava.hr; katarina.plazibat@nava.hr,https://www.nava.hr/en,Savska 144A,https://www.odoo.com/partners/informacijska-rjesenja-nava-d-o-o-2079197
Croatia,Notus IT d.o.o.,Silver,+385 91 355 5591,odoo@notus.hr,http://www.notus.hr,Deanovečka 2,https://www.odoo.com/partners/notus-it-d-o-o-7308947
Croatia,Ecodica d.o.o.,Silver,+385 91 309 5116,ivan@ecodica.eu,https://www.ecodica.eu/,Gorjanska 23,https://www.odoo.com/partners/ecodica-d-o-o-8688791
Croatia,E-Sustavi doo,Gold,+385 98 277 947,mario@e-sustavi.hr,http://www.e-sustavi.hr,Lopatinečka ulica 5,https://www.odoo.com/partners/e-sustavi-doo-1462710
Curacao,Odoo Experts Caribbean,Ready,,,,,https://www.odoo.com/partners/odoo-experts-caribbean-25929883
Curacao,Koobi Caribbean BV,Ready,+59995295395,info@koobi.nl,,hofweg 12e,https://www.odoo.com/partners/koobi-caribbean-bv-8821028
Curacao,JOIN Consultancy,Ready,,,,,https://www.odoo.com/partners/join-consultancy-13610369
Curacao,CaribWare High Technologies B.V.,Ready,,,,,https://www.odoo.com/partners/caribware-high-technologies-b-v-15529672
Curacao,MedIT Solutions,Ready,,,,,https://www.odoo.com/partners/medit-solutions-14856161
Curacao,O-Caribbean bv,Ready,+599 9 691 4239,marco@o-caribbean.com,https://www.o-caribbean.com,Scherpenheuvel 7a,https://www.odoo.com/partners/o-caribbean-bv-9836986
Curacao,Essence Administration N.V,Ready,+599 9 695 3393,mkoko@essenceadm.com,,"Fort Nassauweg z/n, O2BC, Unit E",https://www.odoo.com/partners/essence-administration-n-v-21711828
Curacao,Makemyday.biz B.V.,Ready,+599 9 670 3989,lina@makemyday.biz,https://www.makemyday.biz,Beshiweg 13,https://www.odoo.com/partners/makemyday-biz-b-v-10065602
Curacao,PROV ACCOUNTANCY B.V.,Ready,+599 9 568 0333,marlon@prov-accountancy.com,https://www.prov-accountancy.com/,Seroe loraweg 17 F,https://www.odoo.com/partners/prov-accountancy-b-v-5395819
Curacao,Blueback B.V.,Silver,+599 9 562 6636,anthony@blueback-office.com,https://www.blueback-office.com/,Emmalaan 16,https://www.odoo.com/partners/blueback-b-v-1004963
Curacao,SMART Outsourcing and Business Consulting BV,Ready,+599 9 675 7124,Bouke@smart-obc.com,http://www.smart-obc.com,Dr. M. J. Hugenholtzweg 25,https://www.odoo.com/partners/smart-outsourcing-and-business-consulting-bv-4994232
Cyprus,Soft G Co. Ltd,Ready,,,,,https://www.odoo.com/partners/soft-g-co-ltd-26386280
Cyprus,4Sight Group ltd. Cyprus,Ready,+357 94039122,pgeorgiou@4sight.cy,https://4sight.mt/,48 Inomenon Ethnon Street Guricon House,https://www.odoo.com/partners/4sight-group-ltd-cyprus-6177910
Cyprus,C & H technology,Ready,,,,,https://www.odoo.com/partners/c-h-technology-18603483
Cyprus,Logosnet Services Limited,Ready,+357 22 745000,ystavrou@logosnet.cy.net,https://logosnet.cy.net/,15 Patriarchi Petrou Z,https://www.odoo.com/partners/logosnet-services-limited-3680912
Cyprus,Eplan Consultants Ltd,Silver,+357 22519516,odoo@eplanconsultants.com,http://eplanconsultants.com,"Nikou Georgiou 6, Block C",https://www.odoo.com/partners/eplan-consultants-ltd-3236072
Cyprus,LongRange Enterprises Ltd.,Silver,,,,,https://www.odoo.com/partners/longrange-enterprises-ltd-21512896
Czech Republic,DataStruct s.r.o.,Ready,,,,,https://www.odoo.com/partners/datastruct-s-r-o-24913711
Czech Republic,EngTech,Ready,+420 605 201 536,stepan.csiba@engtech.cz,https://engtech.cz/,Školská 689/20,https://www.odoo.com/partners/engtech-14775748
Czech Republic,ITMAN Czech s.r.o.,Ready,,,,,https://www.odoo.com/partners/itman-czech-s-r-o-10714377
Czech Republic,26HOUSE s.r.o.,Silver,+420 603 299 204,info@26house.com,http://www.26house.com,Karolinská 654/2,https://www.odoo.com/partners/26house-s-r-o-2896590
Czech Republic,"Technodat Develop, s.r.o",Silver,+420 571 894 331,jaroslav.janos@technodat.eu,,tř. Tomáše Bati 3295,https://www.odoo.com/partners/technodat-develop-s-r-o-24477459
Czech Republic,Systee s.r.o.,Gold,+420 777 211 754,petr.vojta@systee.cz,http://systee.cz,Radlická 663/28,https://www.odoo.com/partners/systee-s-r-o-13106057
Czech Republic,Digital Resources,Ready,,,,,https://www.odoo.com/partners/digital-resources-13846291
Czech Republic,ORIGAMIS s.r.o.,Silver,+420 777 743 929,hello@origamis.cz,https://www.origamis.cz/,Draha 427,https://www.odoo.com/partners/origamis-s-r-o-12101140
Czech Republic,IMPLEMENTO CZ s.r.o.,Ready,+420 735 646 130,support@implemento.eu,,Korunní 2569/108,https://www.odoo.com/partners/implemento-cz-s-r-o-2772008
Czech Republic,DYPE s.r.o.,Ready,+420 771 151 229,sales@dype.cz,http://dype.cz,Pernerova 676/51,https://www.odoo.com/partners/dype-s-r-o-5636305
Democratic Republic Of The Congo,BL Concept,Ready,,,,,https://www.odoo.com/partners/bl-concept-27938130
Democratic Republic Of The Congo,DIRECTOR Sarl,Ready,+961 79 036 409,info.director2026@gmail.com,,Kinshasa-Av de 24 novembre,https://www.odoo.com/partners/director-sarl-30024311
Democratic Republic Of The Congo,LUKA CONSULT,Ready,+243 833 392 463,pka@luka-consult.com,https://www.luka-consult.com/,Avenue Colonel Mondjiba 63 – Silikin Village - Concession Cotex,https://www.odoo.com/partners/luka-consult-5858932
Democratic Republic Of The Congo,Pay-Networks LLC,Ready,,,,,https://www.odoo.com/partners/pay-networks-llc-23222418
Democratic Republic Of The Congo,MITC (Mulangane IT Consult),Ready,,,,,https://www.odoo.com/partners/mitc-mulangane-it-consult-28267120
Democratic Republic Of The Congo,Business Solutions For Africa,Ready,+243972520005,info@biz-4-africa.com,http://www.biz-4-africa.com,"7772, Boulevard Kilwa",https://www.odoo.com/partners/business-solutions-for-africa-1025832
Democratic Republic Of The Congo,EIMS,Ready,+243 995 900 457,michel.badibanga@gmail.com,http://www.eimsnetworks.net,"Immeuble Veve-Center, Avenue Bongandanga N°2, Kasavubu",https://www.odoo.com/partners/eims-19314
Democratic Republic Of The Congo,EXPATMAN SARLU,Ready,,,,,https://www.odoo.com/partners/expatman-sarlu-24983917
Democratic Republic Of The Congo,TSHOKUM SARL,Ready,,,,,https://www.odoo.com/partners/tshokum-sarl-32402589
Democratic Republic Of The Congo,BCC SERVICES,Ready,+243851329956,contact@bcc-services.com,http://www.bcc-services.com,"9, avenue du port (référence en face de l’immeuble CCTV)",https://www.odoo.com/partners/bcc-services-198934
Democratic Republic Of The Congo,MAARIFA TECH S.A.R.L.U,Ready,+243858442008,teddym@maarifa.tech,,"1011 Av. Mwema Ramazan, Q/Golf Météo, C/Lubumbashi,",https://www.odoo.com/partners/maarifa-tech-s-a-r-l-u-23738913
Denmark,Forgeflow Danmark ApS,Ready,+4578782189,contact.dk@forgeflow.com,https://www.forgeflow.com/da_DK,1561 Havneholmen 29,https://www.odoo.com/partners/forgeflow-danmark-aps-5404480
Denmark,Flyt Consulting AS.,Silver,+4571961025,info@flytconsulting.dk,http://flytconsulting.dk,Slotsvej 18,https://www.odoo.com/partners/flyt-consulting-as-14319474
Denmark,Overblikk A/S,Ready,,,,,https://www.odoo.com/partners/overblikk-a-s-17821790
Denmark,Odoo House ApS,Ready,+45 7199 7166,annette@odoohouse.dk,https://odoohouse.dk,Boulevarden 13,https://www.odoo.com/partners/odoo-house-aps-1089501
Denmark,VK DATA ApS,Ready,+45 73 73 88 88,salg@vkdata.dk,http://www.vkdata.dk,"Bønderbyvej 21,",https://www.odoo.com/partners/vk-data-aps-724251
Denmark,Itpilot ApS,Ready,,,,,https://www.odoo.com/partners/itpilot-aps-5220462
Djibouti,SoProSys SAS,Ready,+253 77 56 49 39,"contact@soprosys.com , said.abdou@soprosys.com , mohamed.hassan@soprosys.com",,Q3 Boulevard de Gaule,https://www.odoo.com/partners/soprosys-sas-4994900
Djibouti,Horn Africa Technology - HATECH,Ready,+253 77 814054,info@hornafricatech.com,http://hornafricatech.com/,"Immeuble Algalux , 3 -ème Etage ,2 -ème Porte",https://www.odoo.com/partners/horn-africa-technology-hatech-6988591
Dominica,Open Solutions LTD,Ready,+1 767-317-5240,info@opensolutions.ltd,https://www.opensolutions.ltd/,"3rd Floor, 20 Bath Road,",https://www.odoo.com/partners/open-solutions-ltd-13443442
Dominica,Verna Samuel,Ready,+1 767-276-1640,vscpaservices@gmail.com,,"Old Fort Building, Grand Bay",https://www.odoo.com/partners/verna-samuel-25121001
Dominican Republic,AteneoLab – República Dominicana,Ready,+593 99 289 4906,tania@ateneolab.com,,Dominican Republic,https://www.odoo.com/partners/ateneolab-republica-dominicana-28855498
Dominican Republic,A247 Consulting,Ready,+1 809-420-6382,a247consulting@gmail.com,https://activo247.odoo.com/,"Calle Olof Palme no.46, Edif. Xemal I, Suite 202",https://www.odoo.com/partners/a247-consulting-4093549
Dominican Republic,ALPIT CONSULTING SRL,Ready,+1 829-285-9955,ualmonte@alpit.com.do,,Calle primera #7,https://www.odoo.com/partners/alpit-consulting-srl-25198427
Dominican Republic,ACTIVATEC,Ready,+1 829-785-8930,em@activatec.do,https://www.activatec.do/,Carretera 1ro de Noviembre,https://www.odoo.com/partners/activatec-3240384
Dominican Republic,Batista Cuello Asesores,Ready,+1 809-824-4988,lisandro_guzman@hotmail.com,,"Calle José Horacio Rodriguez frente al country club, La Vega",https://www.odoo.com/partners/batista-cuello-asesores-26561374
Dominican Republic,ALPO Multimedia Services,Ready,+1 809-885-3090,diegoa@alpo.com.do,http://www.alpo.com.do,Avenida Estrella Sadhala,https://www.odoo.com/partners/alpo-multimedia-services-2716681
Dominican Republic,Ariwell Networks,Ready,+1 809-658-9853,ventas@ariwell.com,http://www.ariwell.com,Calle Victor Garrido Puello No.184,https://www.odoo.com/partners/ariwell-networks-9098625
Dominican Republic,"ASET TECHNOLOGY, SRL",Silver,+1 829-760-0805,info@asettech.com,https://asettech.com/en,"NUÑEZ DE CACERES 11, SAN GERONIMO",https://www.odoo.com/partners/aset-technology-srl-10895505
Dominican Republic,Argentum Inc S.R.L,Ready,+1 809-563-5052,info@argentuminc.com,http://www.argentuminc.com/,Calle XII Juegos No. 62. Sector El Millón.,https://www.odoo.com/partners/argentum-inc-s-r-l-694058
Dominican Republic,Akrosrd,Ready,+1 829-368-6177,jabreu@akrosrd.com,https://www.akrosrd.com/,C. Francisco Prats Ramirez 705,https://www.odoo.com/partners/akrosrd-20440936
Dominican Republic,BDO S.R.L.,Ready,+1 809-472-1565,mario.galvache@bdo.com.do,https://www.bdo.com.do/,Av. José Ortega y Gasset 43,https://www.odoo.com/partners/bdo-s-r-l-18728115
Dominican Republic,CISMAT CONSULTING,Ready,+1 809-722-7855,info@cismat.com.do,,"Av. Jacobo Majluta Km 51/2, Res. Ciudad Bonita",https://www.odoo.com/partners/cismat-consulting-5143228
Dominican Republic,Codigo Fuente,Ready,+1 829-733-5509,info@codigofuente.do,https://codigofuente.do,Avenida Lope de Vega No. 13,https://www.odoo.com/partners/codigo-fuente-16458563
Dominican Republic,"Chatwin Company, SRL",Ready,+1 829-730-5704,fgonzalez@chatwin.com.do,http://www.chatwin.com.do,Calle Josefa Perdomo 55,https://www.odoo.com/partners/chatwin-company-srl-14717151
Dominican Republic,CHAI CONSULTING AND SOFTWARE,Silver,+18296801802,nicole@chaiconsultoria.com,https://chaiconsultoria.com,Avenida independencia No.252,https://www.odoo.com/partners/chai-consulting-and-software-14439863
Dominican Republic,Codeando,Ready,+1 829-723-5525,lperez@codeando.com.do,https://codeando.com.do/,"Erik Leonard Ekman No. 34, Viejo Arroyo Hondo",https://www.odoo.com/partners/codeando-15317098
Dominican Republic,CAPW Servicios Tecnicos,Silver,+1 809-748-8333,wpujols@capw.com.do,http://www.capw.com.do,"Av. Maximo Gomez, Plaza Gazcue",https://www.odoo.com/partners/capw-servicios-tecnicos-1955724
Dominican Republic,Consultoria Henca,Silver,+1 (829) 956 7567 & +1 (809) 803 7212,juliano@consultoriahenca.com,http://consultoriahenca.com/,"Calle 2da #2B, Edif. Asset, 3er piso, El Millon.",https://www.odoo.com/partners/consultoria-henca-449159
Dominican Republic,CODEC SRL,Silver,+1 829-457-0964 / +1 849-460-1451,yasmany@codec.do,https://www.codec.do/,"Calle 2-A #12, Edifi. Asset Enterprise, 3er Piso, Distrito Nacional",https://www.odoo.com/partners/codec-srl-7627519
Dominican Republic,Devarts Technologies,Ready,+1 809-507-1844,ventas@devarts.com.do,https://devarts.com.do/,Ave. Gustavo Mejía Ricart #81,https://www.odoo.com/partners/devarts-technologies-28627894
Dominican Republic,Digital Business Group DBG,Ready,+1 809-480-8975,finanzas@digitalgroup.net,https://www.digitalgroup.net,Calle Miguel Angel Garrido No. 3,https://www.odoo.com/partners/digital-business-group-dbg-7438832
Dominican Republic,Double Core Enterprise SRL,Ready,+18492521152,afeliu@double-core.com,https://www.double-core.com,"C. Los Limoneros 3,",https://www.odoo.com/partners/double-core-enterprise-srl-18587758
Dominican Republic,Foward Solutions,Ready,+1 809-706-0086,info@fowardsolution.com.do,http://fowardsolution.com.do/,"Calle José López #13 Segundo Nivel, Los Prados",https://www.odoo.com/partners/foward-solutions-9146479
Dominican Republic,ELYTEK,Ready,+1 829-548-3292,elytek.odoo@gmail.com,https://elytek.odoo.com,"calle San pio X, esquina Leonardo ada Vinci, torre DPX, Suite 7a. Distrito nacional, santo domingo",https://www.odoo.com/partners/elytek-9556064
Dominican Republic,Dobartec EIRL,Ready,+1 809-792-7169,info@dobartec.net,https://www.dobartec.net/en,"Ave. Winston Churchill No. 95, Torre Empresarial Blue Mall Piso 23, Ensanche Piantini",https://www.odoo.com/partners/dobartec-eirl-12130146
Dominican Republic,Devsdesign,Ready,+1 809-297-8522,greyes@devsdesign.org,https://www.devsdesign.org,Dirección fiscal : C/ Horacio Blanco Fombona Esq.,https://www.odoo.com/partners/devsdesign-12431959
Dominican Republic,ERPly S.R.L.,Ready,+1 849-936-6272,rob.cruz@erply.do,https://erply.do,Calle Dr Jacinto Ignacio Mañon 7,https://www.odoo.com/partners/erply-s-r-l-22041895
Dominican Republic,CYM COMPUTER SRL,Ready,,,,,https://www.odoo.com/partners/cym-computer-srl-15073519
Dominican Republic,Intempra Consulting SRL,Ready,+1 849-621-4508,info@intemprasrl.com,,"Calle Jacinto De Los Santos 68, SDE",https://www.odoo.com/partners/intempra-consulting-srl-22858934
Dominican Republic,Hedron SRL,Ready,+1 809-215-5171,omar@hedron.do,,"Avenida Simon Bolivar 757, Torre Alfa III, Apto 602",https://www.odoo.com/partners/hedron-srl-19195830
Dominican Republic,GROWING SUCCESS CONSULTING SRL,Ready,+18299272208,Info@gsconsultings.com,https://www.gsconsultings.com,"Llanos de Gurabo, Calle Hnos Gutiérrez No.14",https://www.odoo.com/partners/growing-success-consulting-srl-12039882
Dominican Republic,Isengard,Ready,+1 809-276-1600,j.medina@alimentosmac.com,,"Calle 1 No. 13, Cerros de Gurabo I",https://www.odoo.com/partners/isengard-10533056
Dominican Republic,Harper srl.,Ready,+1 829-734-4444,harry.peralta@har-per.com,http://www.harper.com,calle 13 gurabo santiago peathon A numero 101,https://www.odoo.com/partners/harper-srl-3431064
Dominican Republic,DynamicsPM SRL,Ready,+18296382746,jinette@dynamicspm.com,http://www.dynamicspm.com,Ave. Anacaona 85,https://www.odoo.com/partners/dynamicspm-srl-3707196
Dominican Republic,INFINITY SERVICES,Silver,18495313737,info@infinityservices.com.do,,EL SAMARITINO,https://www.odoo.com/partners/infinity-services-14144664
Dominican Republic,ITComm Solutions,Ready,wa,waguasviva@itcommsolutions.com,,"C/ Cesar Nicolas Panzón #38 Edif. ITALO, Local A5, Gascue. Zip Code:",https://www.odoo.com/partners/itcomm-solutions-4592606
Dominican Republic,Grow IT,Gold,1-849-288-2728,info@growit.com.do,http://www.growit.com.do,"Calle Los Limoneros #4, Jardines del Norte",https://www.odoo.com/partners/grow-it-1236042
Dominican Republic,Link Efficient Business Creators,Ready,,,,,https://www.odoo.com/partners/link-efficient-business-creators-23939013
Dominican Republic,JENRAX SRL,Ready,+1 829-967-6503,info@jenrax.com,https://www.jenrax.com/en,Santo Domingo,https://www.odoo.com/partners/jenrax-srl-22400057
Dominican Republic,Midorick Solutions,Ready,,,,,https://www.odoo.com/partners/midorick-solutions-16628997
Dominican Republic,"MMORETA CONSULTING & SERVICES, SRL.",Ready,+1 849-570-2819,info@mmoreta.com,https://www.mmoreta.com/,"Calle F, esq. Pedro Livio Cedeño, B-12, 1-A, La Agustina, Santo Domingo, D.N.",https://www.odoo.com/partners/mmoreta-consulting-services-srl-19329497
Dominican Republic,"Mallol IT Consulting, E.I.R.L",Ready,+1 809-965-7887,info@mallolconsulting.com,https://mallolconsulting.com,Av. Rómulo Betancourt 1854,https://www.odoo.com/partners/mallol-it-consulting-e-i-r-l-19109362
Dominican Republic,iterativo,Silver,+1 829-956-5191,hello@progressa.group,https://progressa.group,"Ave. Tiradentes, esq. Presidente González, Spirit Coworking, Naco",https://www.odoo.com/partners/iterativo-1099255
Dominican Republic,OVERLOAD SOLUTIONS SRL,Ready,+1 829-851-6483,wmartinez@overloadsolutions.com.do,,C. Erik Leonard Ekman 34,https://www.odoo.com/partners/overload-solutions-srl-24509054
Dominican Republic,"Logistikos WilCar Consulting Group, SRL",Ready,+1 809-519-3049,wpeguero@logistikoscg.com,,"Calle 50 #10, El Embrujo III",https://www.odoo.com/partners/logistikos-wilcar-consulting-group-srl-30840160
Dominican Republic,P94,Ready,,,,,https://www.odoo.com/partners/p94-21369717
Dominican Republic,Octagono,Ready,+1 305-599-3939,hdelacadena@octagono.com.do,http://www.octagono.com.do,"Calle 7 no 14, el Rosmil, Sector Los Restauradores",https://www.odoo.com/partners/octagono-1241335
Dominican Republic,Rafael Gómez,Ready,+1 829-703-6972,ignarling@gmail.com,,Carretera Don Pedro NRO 154,https://www.odoo.com/partners/rafael-gomez-23012327
Dominican Republic,Rhodetech SRL,Ready,+1 829-785-1431,christian.villa@rhodetech.co,,Calle Rafael augusto Sánchez #109,https://www.odoo.com/partners/rhodetech-srl-23636495
Dominican Republic,Plus IT DR,Ready,,info@plus-it-projects.odoo.com,https://www.plusitprojects.com/,"Calle Del Carmen, No. 2, Torre Florencia",https://www.odoo.com/partners/plus-it-dr-15916995
Dominican Republic,Patridge Consulting,Ready,+1 809-258-3511,w.reyes@patridgeconsulting.com,http://www.patridgeconsulting.com,"17 Oeste #7, San Jeronimo",https://www.odoo.com/partners/patridge-consulting-6482764
Dominican Republic,"QUANTIA GROUP, SRL",Ready,+8098789323,jmunoz@quantiagroup.com,http://www.quantiacpas.com,"Av. Los Próceres No. 1, Diamond Mall, Local 60A",https://www.odoo.com/partners/quantia-group-srl-2342782
Dominican Republic,Paulino Lara Asesores Contables,Ready,8092165240,pedro@paulinolara.com,http://www.paulinolara.com,"Avenida Ortega & Gasset # 28, Edificio Madesor, Naco, Av. Gustavo Mejía Ricart",https://www.odoo.com/partners/paulino-lara-asesores-contables-14282102
Dominican Republic,SOFTEJ SRL,Ready,,,,,https://www.odoo.com/partners/softej-srl-28669955
Dominican Republic,Katana Labs,Ready,+1 829-399-5150,kevin@katanalabs.do,http://katanalabs.do,"José Reyes #48, Zona Colonial",https://www.odoo.com/partners/katana-labs-3886165
Dominican Republic,Softdev Soluciones Tecnologicas,Ready,,,,,https://www.odoo.com/partners/softdev-soluciones-tecnologicas-8197389
Dominican Republic,SES RD,Ready,+1 809-401-1343,odoo@ses-rd.com,http://www.ses-rd.com,"Resd. Habita, Bloque 6 no. 402, Pantoja.",https://www.odoo.com/partners/ses-rd-12652892
Dominican Republic,SOFTLINK,Ready,,,,,https://www.odoo.com/partners/softlink-29738760
Dominican Republic,Smartify,Ready,"+1 809-683-1105, +1 849-456-0097",info@smartify.com.do,https://www.smartify.com.do,Angel Severo Cabral #12,https://www.odoo.com/partners/smartify-6860005
Dominican Republic,SOFTNET TEAM SRL,Ready,+1 809-412-1769,manuel@softnet.com.do,https://softnet.do/,Calle Proyecto 3,https://www.odoo.com/partners/softnet-team-srl-28514029
Dominican Republic,"SOLINTEC, SRL",Ready,+18299864341,VHALMANZAR@GMAIL.COM,https://www.solintec.com.do/,Avenida John F. Kennedy #1018,https://www.odoo.com/partners/solintec-srl-23523095
Dominican Republic,Soluciones de Tecnología,Ready,+1 809-754-7053,wdelorbe70@gmail.com,,Avenida República de Colombia,https://www.odoo.com/partners/soluciones-de-tecnologia-17347982
Dominican Republic,Soluciones Empresariales DualSoft SRL,Ready,,,,,https://www.odoo.com/partners/soluciones-empresariales-dualsoft-srl-24922021
Dominican Republic,"STRATEGUS, S.R.L.",Ready,+1 809-979-8835,info@strategus.do,https://www.strategusrd.com/,Carmen Mendoza De Cornielle #97,https://www.odoo.com/partners/strategus-s-r-l-21413158
Dominican Republic,Sort Boks Caribe,Ready,,,,,https://www.odoo.com/partners/sort-boks-caribe-27823014
Dominican Republic,TECNEPI SRL,Ready,+1 829-371-1049,anunez@tecnepi.com,,"Calle Erik Leonard Ekman #34, Arroyo Hondo",https://www.odoo.com/partners/tecnepi-srl-22104774
Dominican Republic,Tecklas SRL,Ready,+1 809-948-1510,odoo@tecklas.com,http://tecklas.com,"Los Limoneros 4, Los Jardines del Norte",https://www.odoo.com/partners/tecklas-srl-15806412
Dominican Republic,SUPPORTIT,Ready,+1 809-817-2562,jdelacruz@supportit.com.do,http://www.supportit.com.do,Calle Euclides Morillo 35,https://www.odoo.com/partners/supportit-28286260
Dominican Republic,Tesote Technologies Inc,Ready,+1 617-584-9897,luis@tesote.com,https://tesote.com/,"Ave Winston Churchill, Torre Citi, Oficina 1701",https://www.odoo.com/partners/tesote-technologies-inc-23499244
Dominican Republic,"THM, SRL",Ready,+18498604205,vleger@thm.com.do,https://thm.com.do/,"Calle Pablo pumarol esquina Altagracia Saviñon # 24, edificio Galaxar Business, Los Prados.",https://www.odoo.com/partners/thm-srl-2307515
Dominican Republic,TEJADA TECH GROUP EIRL,Ready,+1 829-276-0668,ventas@tejadatech.com,http://www.tejadatech.com/,C. Nicolás Ureña de Mendoza 55,https://www.odoo.com/partners/tejada-tech-group-eirl-7982372
Dominican Republic,Tuendum Consulting SRL,Ready,+1 829-764-8219,hola@tuendumconsulting.com,,Mahatma Gandhi 343,https://www.odoo.com/partners/tuendum-consulting-srl-14455797
Dominican Republic,UnlimitSoft Technologies,Ready,+1 809-764-0996,info@unlimitsoft.com.do,https://www.unlimitsoft.com.do/,Calle Ansonia #10,https://www.odoo.com/partners/unlimitsoft-technologies-16241820
Dominican Republic,Tecnycomp SRL,Ready,+1 809-841-6862,tecnycomp.com@gmail.com,,"4, Higüey 23000",https://www.odoo.com/partners/tecnycomp-srl-20822714
Dominican Republic,Uptimify,Ready,+1 809-325-0000,info@uptimify.net,https://www.uptimify.net,PUNTA HERMOSA RESIDENCE,https://www.odoo.com/partners/uptimify-30944693
Dominican Republic,WIVEU SRL,Ready,+1 829-803-6432,wilmer@wiveu.com,,"Cervantes Esquina Santiago, No 107, 10205 Gascue",https://www.odoo.com/partners/wiveu-srl-26266884
Ecuador,ALFANET,Ready,+593 98 236 3189,departamentoit@alfanet.net.ec,https://www.alfanet.ec,Av Republica del Salvador y Portugal,https://www.odoo.com/partners/alfanet-6609987
Ecuador,Agile Solutions,Ready,+593 95-869-2927,info@agilesolutions.ec,https://www.agilesolutions.ec,Villa España 1 Etapa Mallorca MZ 2175 Villa 13,https://www.odoo.com/partners/agile-solutions-15529906
Ecuador,Apoyosolutions,Ready,+593 9 9 6665441,diego@apoyotek.com,https://apoyotek.com/,Pasaje #1 N35-329 y Mañosca,https://www.odoo.com/partners/apoyosolutions-2538718
Ecuador,ACONTSYS SAS,Ready,+593 98 322 3347,info@acontsys.com,,Conocoto Garcia Moreno S2-46 y Bruning,https://www.odoo.com/partners/acontsys-sas-5886011
Ecuador,BEST PARTNER EMPRESARIAL,Ready,,,,,https://www.odoo.com/partners/best-partner-empresarial-5202460
Ecuador,ATLAS CODE TECH,Ready,+593 98 766 5874,info@atlascode.tech,,Cuenca Ecuador,https://www.odoo.com/partners/atlas-code-tech-24336234
Ecuador,AyniTics Cia. Ltda.,Silver,593996404156,johanna.zuna@aynitics.com,http://www.aynitics.com,"Lizardo Garcia 1-46 y Juan Jose Flores, Edificio Bello Horizonte",https://www.odoo.com/partners/aynitics-cia-ltda-1461378
Ecuador,AteneoLab C. Ltda.,Ready,+593 99 289 4906,ymatos@ateneolab.com,https://ateneolab.com/,"Av República de El Salvador y Portugal, Edificio Twin Tower",https://www.odoo.com/partners/ateneolab-c-ltda-4935105
Ecuador,CONSUL-TIM CONSULTORIA EXTERNA S.A.S.,Ready,+593 99 277 9140,ovega@gonet.ec,https://myisp.consul-tim.com/,NICANOR AGUILAR Y FRANCISCO MOSCOSO,https://www.odoo.com/partners/consul-tim-consultoria-externa-s-a-s-22399921
Ecuador,CYNOTEK CYC,Ready,+593 98 481 5927,lcampoverde@cynotekcyc.com,,Carlos Arcos y de los Nogales,https://www.odoo.com/partners/cynotek-cyc-30481409
Ecuador,BezaruTech SAS,Ready,+593 99 031 8445,ventas@bezaru.com,http://www.bezaru.com,SOLAR 2 CONJUNTO: CDLA ATARAZANA MANZANA: 29,https://www.odoo.com/partners/bezarutech-sas-27242678
Ecuador,Compañía Group Solutions S.A,Gold,+593981797079,info@ekuasoft.com,https://www.ekuasoft.com/,Cdla. Simon Bolivar Manzana 2 Solar 95 piso 1 oficina 1,https://www.odoo.com/partners/compania-group-solutions-s-a-1271246
Ecuador,CEPI,Ready,+593 99 527 2882,cepicompu@gmail.com,https://www.cepi-ec.com,Edf. Centre Amazonas y Guayas,https://www.odoo.com/partners/cepi-3373875
Ecuador,Cmg Business Administration S.A.S.,Ready,,,,,https://www.odoo.com/partners/cmg-business-administration-s-a-s-3282980
Ecuador,EC-SMART-IT S.A.S.,Ready,+593 98 450 7623,info@smartit-ec.com,https://www.smarit-ec.com,Calle: N64B Intersección: OE16,https://www.odoo.com/partners/ec-smart-it-s-a-s-15540943
Ecuador,Antares IT Solutions S.A.,Ready,+593 99 942 7944,maryrojas@antaresitsa.com,,Villa Club,https://www.odoo.com/partners/antares-it-solutions-s-a-11187252
Ecuador,Dynasoft,Ready,+593 99 149 4147,jorge.alcivar@gmail.com,https://www.dynasoft.ec,Amazonas y Robles,https://www.odoo.com/partners/dynasoft-11924877
Ecuador,ELIPSYS,Gold,+593 97 992 2630,info@elipsys.ec,https://elipsys.ec,"Av. 9 de Mayo entre Boyacá y Pasaje, Edificio Romero Piso 3, Oficina 201, Machala - Ecuador",https://www.odoo.com/partners/elipsys-16440765
Ecuador,HAMMSOFT SOLUTIONS,Ready,+593 96 308 2354,hammermonteropinto@gmail.com,,La Ceramica Ruta Viva,https://www.odoo.com/partners/hammsoft-solutions-32979780
Ecuador,ELITUM DEVELOP S.A.,Ready,+593 992310090,cjrivadeneira@elitumgroup.com,https://www.elitumerp.com/,Av Juan Tanca Marengo km 1,https://www.odoo.com/partners/elitum-develop-s-a-1501766
Ecuador,Interservices S.C.C.,Ready,+593 99 254 7625,jortega@csv.ec,,Calle del Establo y calle E Edificio Site Center,https://www.odoo.com/partners/interservices-s-c-c-17079723
Ecuador,INTI Tecnologia,Ready,+593 987265881,info@intitecnologia.com,https://www.intitecnologia.com/,AVENIDA SOLANO Y REMIGIO CRESPO,https://www.odoo.com/partners/inti-tecnologia-11243839
Ecuador,KAIROS SERVICIOS DE CONSULTORIA Y DIGITAL S.A.S.,Ready,+593 98 461 0300,ventas@kairosdigital.org,https://www.kairosdigital.org/,Av. Juan de Ascaray E4-86 y Av. Amazonas,https://www.odoo.com/partners/kairos-servicios-de-consultoria-y-digital-s-a-s-27189909
Ecuador,Keiko GB SAS,Ready,+593 939910501,tecnologia@ecuamineralesgb.com,https://tech.keiko.com.ec/,"C. Palmira, Cuenca 010153",https://www.odoo.com/partners/keiko-gb-sas-16241337
Ecuador,GAHEOS S.A.,Gold,+593 9 80907674,cris@entepri.com,http://www.gaheos.com,La Saiba,https://www.odoo.com/partners/gaheos-s-a-4198333
Ecuador,"EQS Soluciones Empresariales SAS, EQS Soluciones Empresariales SAS",Ready,+593 98 582 9466,info@eqsoluciones.com,https://www.eqsoluciones.com/,"Edificio Gourmandises, calle La Moderna, Piso 1, Oficina 3, Km 2 Vía Samborondon",https://www.odoo.com/partners/eqs-soluciones-empresariales-sas-eqs-soluciones-empresariales-sas-29950779
Ecuador,Meslex S.A.,Ready,+593 98 322 6711,jose.ayala@meslex.com,http://www.meslex.com,"Av. NNUU y Nuñez de Vela, Edif. Metropolitan, Piso 10",https://www.odoo.com/partners/meslex-s-a-6302608
Ecuador,NEXTGEN S.A.,Ready,+593 99 512 9468,vcandell@nextgen.ec,https://www.nextgen.ec/,"Tulcan 809 y Hurtado,",https://www.odoo.com/partners/nextgen-s-a-5347073
Ecuador,Narviz Ecommerce and Consulting,Ready,,,,,https://www.odoo.com/partners/narviz-ecommerce-and-consulting-1646253
Ecuador,Newmind - IT,Ready,+593 969 819 671,info@newmind-it.com,https://www.newmind-it.com,Agustín Querol,https://www.odoo.com/partners/newmind-it-6006948
Ecuador,Inteleqta Corporate Excellence S.A.S,Ready,+593 98 423 7236,jcedeno@inteleqta.com,,Kennedy norte,https://www.odoo.com/partners/inteleqta-corporate-excellence-s-a-s-25198789
Ecuador,KIRAEC SOLUTIONS S.A.S.,Ready,,info@kiraec.com,,,https://www.odoo.com/partners/kiraec-solutions-s-a-s-26489380
Ecuador,OCTUPUSTECH S.A.S,Ready,+593 93 999 3173,poo@octupustech.com,https://octupustech.com/,Nahím Isaías y Miguel H. Alcívar,https://www.odoo.com/partners/octupustech-s-a-s-9848374
Ecuador,INFINIT-PLUS CIA LTDA,Ready,+593 99 104 1297,jose.granda@infinit-plus.com,https://www.infinit-plus.com/,"Av. República de El Salvador y Portugal,",https://www.odoo.com/partners/infinit-plus-cia-ltda-1177116
Ecuador,Open Source Solutions Open2S S.A.,Ready,+593 99 890 5195,hguille28@gmail.com,,Cordero 11-41 y Reina Victoria,https://www.odoo.com/partners/open-source-solutions-open2s-s-a-6459984
Ecuador,Ominec Systems,Ready,+593 98 363 3368,info@ominec.com,https://www.ominec.com,"Av. de la Prensa N66-13 y Lizardo Ruiz, segundo piso",https://www.odoo.com/partners/ominec-systems-25297258
Ecuador,Prizma Consulting,Ready,+593999224405,jpalacios@prizmaconsulting.com,http://prizmaconsulting.com,Av.Prensa50-55y Cristobal Sandoval Of.205,https://www.odoo.com/partners/prizma-consulting-2358159
Ecuador,REINEC C. LTDA.,Ready,+593 99 976 7777,odoo@reinec.com,,Parque Empresarial Colón Empresarial 5 Piso 1 Oficina 114,https://www.odoo.com/partners/reinec-c-ltda-17401019
Ecuador,PENTA LAB,Silver,+593 969065133,dfernandez@pentalab.tech,,Av. Miraflores y Yaupi,https://www.odoo.com/partners/penta-lab-13137386
Ecuador,SideSoft,Ready,,,,,https://www.odoo.com/partners/sidesoft-1001852
Ecuador,ROSA - Inteligencia de Negocios,Ready,+593 98 332 2268,mnarea@techrosa.com,,Barrio Umiña 2,https://www.odoo.com/partners/rosa-inteligencia-de-negocios-30791826
Ecuador,Manexware S.A.,Silver,+5930987068094,info@manexware.com,http://www.manexware.com,"Guayaquil, Samanes",https://www.odoo.com/partners/manexware-s-a-5296
Ecuador,Safike,Ready,,,,,https://www.odoo.com/partners/safike-258115
Ecuador,SCRIPT TIME SISTEMAS CIA. LTDA.,Ready,+593 98 320 5905,jfernandez@scripttime.com.ec,,"Calle de los Granados, Número 14-154, Barrio El Batán, Intersección Eloy Alfaro",https://www.odoo.com/partners/script-time-sistemas-cia-ltda-16876854
Ecuador,Riverminds Cia. Ltda.,Ready,+593 99 573 2544,santiagomunoz@riverminds.com,http://www.riverminds.com/,Av. Florencia Astudillo y Alfonso Cordero,https://www.odoo.com/partners/riverminds-cia-ltda-6778098
Ecuador,SOINTEM,Silver,+593 999772581,gestion@sointem.ec,https://www.sointem.ec/,AV. NACIONES UNIDAS Y NUÑEZ DE VELA EDIFICIO METROPOLITAN,https://www.odoo.com/partners/sointem-12148931
Ecuador,Soluciones Technologicas LeadSolutions Cia. Ltda,Ready,+593 99 639 0490,wruiz@leadsolutions.ec,http://leadsolutions.ec,Orellana E11-14 y Coruña,https://www.odoo.com/partners/soluciones-technologicas-leadsolutions-cia-ltda-2114963
Ecuador,SPEARHEAD International Inc.,Ready,+593 4-390-0104,info@spearhead.global,http://www.spearhead.global,"Km. 3.5, Av. Juan Tanca Marengo",https://www.odoo.com/partners/spearhead-international-inc-893061
Ecuador,Tandicorp,Ready,+593 98 729 4481,info@tandicorp.net,https://tandicorp.com/,Juan Severino E8-38 y Almagro (Plaza Argentina),https://www.odoo.com/partners/tandicorp-2101092
Ecuador,TIANDRA SAS,Ready,+593 95 883 4844,merida.rodriguez@tiandrasolutions.com,,"Alonso de Torres y James Colnet, edificio Colina park oficina 1001",https://www.odoo.com/partners/tiandra-sas-26260622
Ecuador,Solinfo S.A.S.,Ready,+593 99 394 5450,info@solinfo.com.ec,,Calle de Los Cerezos conjunto barcino 1 pasaje F y Jorge Perez Concha,https://www.odoo.com/partners/solinfo-s-a-s-24263443
Ecuador,Techflare,Ready,+593 99 171 5576,darellano@techflare.ca,https://techflare.ca/,Shuara N40-32 y avenida granados piso 2,https://www.odoo.com/partners/techflare-26262890
Ecuador,YBDIGITAL GROUP S.A.S.,Ready,,yefer.bastidas@gmail.com,,"VERACRUZN35-274 y MAÑOSCA,: Bloque: K 501",https://www.odoo.com/partners/ybdigital-group-s-a-s-30792407
Ecuador,XRM Corp,Ready,+593998259714,info@xrmcorp.com,,Ciudad Celeste mz 1,https://www.odoo.com/partners/xrm-corp-11677178
Ecuador,Webdit,Ready,+593 97 874 4489,thewebdit@gmail.com,https://www.webdit.es,Puerto Santa Ana,https://www.odoo.com/partners/webdit-4191924
Ecuador,WeeTic Cia. Ltda.,Ready,+59394939490,mj@weetic.pro,http://www.weetic.pro,"Urbanizacion Vista Real, Calle N72D y Calle N73",https://www.odoo.com/partners/weetic-cia-ltda-3248840
Ecuador,TRESCLOUD,Gold,+593 96 419 8238,info@trescloud.com,https://www.trescloud.com/,"Quito, av. Colón e4-105 y 9 de octubre, edificio Solamar oficina 705",https://www.odoo.com/partners/trescloud-17317
Ecuador,ZBEASOLUCIONES S.A.S.,Ready,+593 99 972 0152,rosa.zeas@zbsoluciones.com,,Centro Empresarial Colon,https://www.odoo.com/partners/zbeasoluciones-s-a-s-24052707
Ecuador,Triatech Solutions,Ready,,,,,https://www.odoo.com/partners/triatech-solutions-24117383
Ecuador,ZABYCA Asociados / MUNDO DIGITAL SMART CLICK,Silver,+593 2-604-1611,bzurita@zabyca.com,https://www.zabyca.com/,Luxemburgo N34-80 y Holanda,https://www.odoo.com/partners/zabyca-asociados-mundo-digital-smart-click-942125
Egypt,Agent Plus For Digital Systems,Ready,+20 10 66519071,hussein.soliman@agentpluseg.com,,26 El Nakhil Street Apartment 6,https://www.odoo.com/partners/agent-plus-for-digital-systems-21260753
Egypt,Adevx,Silver,+20 115 000 8006,info@adevx.com,,Nasr City,https://www.odoo.com/partners/adevx-23764500
Egypt,AlRowad,Silver,+20 100 029 0936,info@alrowadit.com,https://www.alrowadit.com/,"2 Nile Corniche Street, Nag Hammadi, Qena",https://www.odoo.com/partners/alrowad-19964106
Egypt,Appivio,Ready,+20 103 751 1170,info@appivio.com,https://appivio.com/,Cairo,https://www.odoo.com/partners/appivio-23920304
Egypt,Aptuem,Ready,+20 122 790 3469,info@aptuem.com,http://www.aptuem.com,21 Dar Masr - El shorouk City,https://www.odoo.com/partners/aptuem-10832020
Egypt,3A Trading,Ready,+20 112 000 0714,odoo@3a-egypt.net,http://3a-egypt.net,7 Khan Mohandeseen,https://www.odoo.com/partners/3a-trading-3667726
Egypt,1Creative Business Management Solution,Ready,+20 101 394 0000,info@1cbms.com,https://www.1cbms.com/ar/,Army St. Near Sultana Caffe,https://www.odoo.com/partners/1creative-business-management-solution-24421581
Egypt,AppSoft,Ready,+20 100 972 1295,sales@appsoft-pro.com,https://www.appsoft-pro.com/,"28 Sharawy Street,",https://www.odoo.com/partners/appsoft-21204173
Egypt,2B Cloud Solutions,Silver,+20 100 193 3177,amgad@2b-cs.com,http://2b-cs.com,"9 Ritaj Compound, S Teseen, Fifth Settlement, Cairo, Egypt",https://www.odoo.com/partners/2b-cloud-solutions-1867087
Egypt,Assets,Silver,+201006944725,info@assetsgroup.org,http://assetsgroup.org,15 shehab eldin,https://www.odoo.com/partners/assets-15099991
Egypt,Archer Solutions,Gold,01101003271,info@archer.solutions,https://archer.solutions/,Gamal Abdel Nasser Axis,https://www.odoo.com/partners/archer-solutions-1029333
Egypt,Bitsera Solutions,Silver,+2 01144942918,a.kamal@bitsera-solutions.com,http://bitsera-solutions.com,"98 St 9 area 6018 second floor, Al Mokattam, Cairo, Egypt",https://www.odoo.com/partners/bitsera-solutions-2512920
Egypt,Avalon for Information Systems,Ready,"+20 115 522 2023,+966562836282",info@avalon-ai.com,https://www.avalon-ai.com/,"Ship Tower, next to Baron City and Shooting Club, Ring Road,",https://www.odoo.com/partners/avalon-for-information-systems-15553328
Egypt,BI Solutions L.L.C,Ready,+201115255125,jamal@bisolutions.tech,http://bisolutions.tech/,"11 Yousef Al-Jindi st., Bab Al-Louq",https://www.odoo.com/partners/bi-solutions-l-l-c-1740229
Egypt,Aseel,Silver,+20 1111610884,m.samir@aseel-group.com,https://aseel-group.com,"2nd Floor, Plot No. S2-7, Zone 2, District 2, Fifth Settlement, New Cairo",https://www.odoo.com/partners/aseel-6980561
Egypt,3S For Smart Solutions,Ready,+201553838181,info@3s-eg.com,https://3s-eg.com,"Office 610, Building 3, October Plaza, 26th of July Corridor",https://www.odoo.com/partners/3s-for-smart-solutions-12400990
Egypt,Business Solutions for Advanced Systems,Ready,+20 1282871814,a.essa@sbs-sa.net,http://www.bsas-eg.com,Smart Village - 6th October - Giza,https://www.odoo.com/partners/business-solutions-for-advanced-systems-7580753
Egypt,Byteforce,Ready,+20 102 893 0205,ibrahimelmurr@gmail.com,http://www.byteforceinc.com,Ahmed Fakhry st.,https://www.odoo.com/partners/byteforce-19679126
Egypt,Bright Information Systems - EG,Ready,+20 114 048 4220,nada.tawfik@erpbright.com,,"15 El Orouba, Heliopolis",https://www.odoo.com/partners/bright-information-systems-eg-16673037
Egypt,Business Haven,Ready,+20 110 100 0789,mohammad@business-haven.consulting,http://business-haven.consulting,Central Area,https://www.odoo.com/partners/business-haven-18750494
Egypt,CH Hamza International Accounting Firm,Ready,+20 11 51847297,ahmed.naser@ch-international.com,https://www.ch-hamza-international.com/,517,https://www.odoo.com/partners/ch-hamza-international-accounting-firm-18793145
Egypt,Commitment,Ready,202- 01144011806,m.swidan@commitment-solutions.com,,9091 El Mokattam 9 Street,https://www.odoo.com/partners/commitment-20367097
Egypt,Capstone solution,Ready,+20 100 428 0779,info@capstone-solution.com,https://www.capstone-solution.com,"Ashgar Daarna Compound, Zahraa Al Maadi",https://www.odoo.com/partners/capstone-solution-12638037
Egypt,CLUE Digital,Ready,+20 102 530 5341,radwa@clue-group.com,http://www.clue-digital.com,"Apartment No. 1, Villa 54, Elyasmin 6,",https://www.odoo.com/partners/clue-digital-7070395
Egypt,Community of accountants,Silver,+20 10 13907174,info@coa-egy.com,http://www.coa-egy.com,11 Gamal Salem - Dokki,https://www.odoo.com/partners/community-of-accountants-15477317
Egypt,Concept Business Consultant,Ready,,,,,https://www.odoo.com/partners/concept-business-consultant-20853168
Egypt,BPS,Ready,+20 109 063 9351,mohamed.saber@bpsoluations.com,,1 - ElMadina El Monawwara - El Nozha - Cairo - Egypt,https://www.odoo.com/partners/bps-7801798
Egypt,Arabian Open Source,Ready,+201021340011 | +966 53 580 4953,Info@arabianopensource.com,http://arabianopensource.com,Cairo - Egypt,https://www.odoo.com/partners/arabian-open-source-7118584
Egypt,BySmart Software Solutions,Ready,+20 101 573 1688,sales@bysmart-soft.com,https://bysmart-soft.com/,Aldaery,https://www.odoo.com/partners/bysmart-software-solutions-19521767
Egypt,CoreSys Builders,Ready,+201030228115,info@coresysbuilders.com,https://coresysbuilders.com/,"No. 87, South Lotus District, Zone 6, Fifth Settlement, New Cairo",https://www.odoo.com/partners/coresys-builders-22542512
Egypt,CORE-BPO,Gold,+20 109 222 3262,mostafa.helmy@core-bpo.com,,"17A, Road No. 270, New Maadi",https://www.odoo.com/partners/core-bpo-14447
Egypt,CREVISOFT CORPORATE,Ready,+201276166790,odoo@crevisoft.com,http://www.crevisoft.com,"Office 32, 3rd Floor, 8 Othman Tower, Nile Corniche",https://www.odoo.com/partners/crevisoft-corporate-4111085
Egypt,ConSys,Silver,+20 100 852 1721,info@consys-arabia.com,https://www.consys-arabia.com/,"398 Abo Qeer Street, Alatbaa Tower, 10th Floor,",https://www.odoo.com/partners/consys-22524162
Egypt,Congineer Business Solutions,Silver,+20 120 366 6695,info@congineer-bs.com,https://www.congineer-bs.com/,"16 Eltayaran Street,",https://www.odoo.com/partners/congineer-business-solutions-10322785
Egypt,CDS Solutions,Gold,+20 11 28446554,info@cds-solutions.co,https://www.cds-solutions.co,"24 Mostafa Elnahas,, 9th District.",https://www.odoo.com/partners/cds-solutions-4990756
Egypt,Cultiv,Ready,+20 112 090 7181,mohamed.hamza@cultiv.llc,https://bureau.cultiv.llc/,"11 Elamal Street, Heliopolis, Cairo, Egypt",https://www.odoo.com/partners/cultiv-17565648
Egypt,Devurate,Ready,+20 1557855519,info@devurate.com,,Cairo,https://www.odoo.com/partners/devurate-18095842
Egypt,Digineer Solutions,Ready,+20 122 945 6781,info@digineer-solutions.com,https://www.digineer-solutions.com/,"1 Moustafa AL Nahas, Nasr City",https://www.odoo.com/partners/digineer-solutions-21202967
Egypt,Diamond Vision (DVIT),Gold,+20 100 062 0976,info@dvit.me,https://www.dvit.me/,"Building 6,",https://www.odoo.com/partners/diamond-vision-dvit-22570994
Egypt,CSG Computer Services Group Software Company,Ready,+20 100 530 7842,csg@csgegypt.com,https://csgegypt.com/,Rayhanah Plaza - Building C9 - Zahraa Al Maadi - Egypt,https://www.odoo.com/partners/csg-computer-services-group-software-company-22544383
Egypt,CSS Gate,Silver,+20 120 109 1122,info@css-gate.com,https://css-gate.com/,"168 Al Yasmeen 7, North Teseen St.,1st Settlement Cairo , Postal Code 23545, Cairo/Egypt",https://www.odoo.com/partners/css-gate-19944123
Egypt,Digital Economics,Silver,+20 15 09061111,info@de.com.eg,https://de.com.eg/,Maadi,https://www.odoo.com/partners/digital-economics-13323474
Egypt,Concept Solutions - EG,Silver,+20 106 738 9000,info@concept-solutions.net,https://www.concept-solutions.net/,"3 El Sherif Buildings,Aswan St,Heliopolis.",https://www.odoo.com/partners/concept-solutions-eg-7169707
Egypt,DDS Technologies,Ready,+20 109 995 5622,ddsadmin@dds.net.sa,http://www.dss.net.sa,Apartment 3 Building 5,https://www.odoo.com/partners/dds-technologies-25164400
Egypt,Digital Gold Tech,Gold,+20 109 599 1398,mo.osama@btcegyptgold.com,https://btcegyptgold.com/,35 Nazih Khalefa ElKorba Cairo,https://www.odoo.com/partners/digital-gold-tech-3776189
Egypt,E-TripleSoft,Silver,+201002106952,info@etriplesoft.com,https://etriplesoft.com/,"350 , South Academy B , First settlement , New Cairo , Egypt",https://www.odoo.com/partners/e-triplesoft-10996064
Egypt,Eagle Tech Information Systems,Silver,+201101542117,info@eagle-tech.info,,13Maydan Altahrir,https://www.odoo.com/partners/eagle-tech-information-systems-14396096
Egypt,Digizilla,Silver,+20 106 158 6539,bd.eg@digizilla.net,https://www.digizilla.net/,"3 Makram Ebeid Street,",https://www.odoo.com/partners/digizilla-11406521
Egypt,E-Products,Ready,+20 101 525 0353,mohamed.nasser@eproducts-eg.com,http://www.eproducts-eg.com,"25 Elgehaz Elmarkazi Street,",https://www.odoo.com/partners/e-products-9067675
Egypt,Egyptian Certified Public Accountants - ECPA,Ready,+20 100 0671 821,a.farag@ecpa-eg.com,https://www.linkedin.com/company/egyptian-cpa/about/,"90 Elmarghany st, Heliopolis, Cairo, Egypt",https://www.odoo.com/partners/egyptian-certified-public-accountants-ecpa-24346941
Egypt,Fast Sprint,Ready,+20 102 329 4256,info@fastsprint.net,,Mokkattam,https://www.odoo.com/partners/fast-sprint-26491926
Egypt,Flow Consulting,Silver,+20 101 825 9494,hani.gameel@flow-consulting.io,,"52 Tayaran st, Nasr City",https://www.odoo.com/partners/flow-consulting-20523616
Egypt,Egysite,Ready,+20 100 950 9105,soha@egysite.net,https://www.egysite.net/,"8th floor, 54 Dr. Farouk Street,",https://www.odoo.com/partners/egysite-24809966
Egypt,Experts Group For ERP Systems,Ready,+20 115 287 7011,naderexpmail@gmail.com,,20 Mohamed Fared,https://www.odoo.com/partners/experts-group-for-erp-systems-21305806
Egypt,EspertiCasa Solutions,Ready,+20 100 753 2456,info@espertisolutions.com,,"Linx Building, Smart Village, Giza, Egypt.",https://www.odoo.com/partners/esperticasa-solutions-21556441
Egypt,Elora,Silver,+20 1018697823,Info@elora-group.com,http://elora-group.com,The Fifth Settlement - First District - Plot 53,https://www.odoo.com/partners/elora-19323423
Egypt,Gazayerli Group Egypt,Ready,+20 100 115 0061,al.gazayerli@gazayerli.net,https://www.gazayerli.net/,"Apartment 10, 5th floor, Building 1,",https://www.odoo.com/partners/gazayerli-group-egypt-6047681
Egypt,GK Integrated Smart Technologies,Ready,+20 111 044 4721,md@gkist-eg.com,http://www.gkist-eg.com,"52 Gamal El-Deen Dwedar, 8th District, Nasr City",https://www.odoo.com/partners/gk-integrated-smart-technologies-949659
Egypt,Future Creators Computing Egy,Ready,+20 10 70004010,Info@fc-computing.com,,Town Stars Mall - Obour City,https://www.odoo.com/partners/future-creators-computing-egy-21666868
Egypt,HAF,Ready,+20 100 636 3626,amr@dahabmasr.com,,Almaza Avenue Mall Heliopolis Unit A Floor 2,https://www.odoo.com/partners/haf-21101986
Egypt,Go Live,Ready,+201022221021,mfarid@goliveict.com,http://goliveict.com,36 Helipolis Gardens,https://www.odoo.com/partners/go-live-2257529
Egypt,Global Business Solutions,Silver,+20 100 022 2688,azzouny@gbs-eg.com,https://www.gbs-eg.com/,"5, Hafez Ramadan St., Ahmed Fakhry",https://www.odoo.com/partners/global-business-solutions-5674985
Egypt,Global Brands Group,Ready,+20 111 818 8860,ahmed.hisham@gbrands.com,https://gbrands.com,"67 Road 90, New Cairo",https://www.odoo.com/partners/global-brands-group-18636480
Egypt,Futech,Ready,+20 109 001 6068,hsalah@emfigroup.com,,"4 Kassem ST., Dokki, Giza",https://www.odoo.com/partners/futech-24200536
Egypt,HarmoniQ Innovation Technology,Silver,+20 10 65840294,hazem.mahmoud.ismail@gmail.com,http://harmoniqsys.com/,Cairo,https://www.odoo.com/partners/harmoniq-innovation-technology-23763215
Egypt,Hayat Information Technology,Silver,+20 109 626 1088,info@hayatinfo.com,https://www.hayatinfo.com/,"8 Elkhalifa Elmansour Street,",https://www.odoo.com/partners/hayat-information-technology-10609646
Egypt,Global Business Hub (GBH),Ready,+20 109 472 3350,ragyamer@globaleghub.com,https://www.gb-hub.com/,"16 Khartoum Street,",https://www.odoo.com/partners/global-business-hub-gbh-22373495
Egypt,High Integration,Ready,+20 110 025 3333,info@ohint.net,https://www.ohint.net/,"101B Salim Elawal Street,",https://www.odoo.com/partners/high-integration-7334507
Egypt,iCONSULT,Ready,+20 101 538 0800,tamer@iconsult-world.com,https://www.iconsult-world.com/,"Office 103, 1st floor, Building 10,",https://www.odoo.com/partners/iconsult-6232196
Egypt,Horizon,Ready,+20 103 444 5624,info@horizondss.com,https://www.horizondss.com,"208 El Banafseg 11, Ground Floor, In front of Waterway, Mohamed Naguib Axis, New Cairo, Egypt",https://www.odoo.com/partners/horizon-23770101
Egypt,I Solutions Technology,Ready,+20 100 538 8455,info@isolutions-technology.com,https://www.isolutions-technology.com/,"73, Ibn Moeslh Alarman,",https://www.odoo.com/partners/i-solutions-technology-16314888
Egypt,ICS,Ready,+20 109 612 1166,info@iconsult-eg.com,https://leader-ics.com,Fifth Settelment,https://www.odoo.com/partners/ics-6524578
Egypt,HNG Business Solutions,Ready,+20 109 955 0901,info@hng-bs.com,https://www.hng-bs.com/,"60 Elhegaz Street,",https://www.odoo.com/partners/hng-business-solutions-15240208
Egypt,INNOVATECH,Ready,+20 100 155 9950,essam.khairallah@innovatech-me.com,http://www.innovatech-me.com,"85 Hafez Ramadan,",https://www.odoo.com/partners/innovatech-22778345
Egypt,IBS-TAC,Silver,+20 109 788 8303,eslam.abdelgawad@ibs-tac.com,,3-Makram ebied - Nasr city,https://www.odoo.com/partners/ibs-tac-4125514
Egypt,ICS - Globe,Silver,+201012184648,m.soliman@ics-globe.com,https://ics-globe.com/,"3 Ali Bek Hassanein, San Stifano, Alexandria",https://www.odoo.com/partners/ics-globe-2306813
Egypt,Innovative Digital Solutions,Gold,+20 101 882 0048,a.fouad@ids-eg.net,http://ids-eg.net,"Office numbers 14 & 15, Floor number 1 (Makkah Center)",https://www.odoo.com/partners/innovative-digital-solutions-1764344
Egypt,Inspire HUB,Silver,+201274652605,info@inspirehub.net,https://www.inspirehub.net,"58 Abu Bakr El Seddik, Safeer Square, Heliopolis",https://www.odoo.com/partners/inspire-hub-13067796
Egypt,iSpace Technology,Ready,+20 1149444844,info@ispace.com.eg,http://ispace.com.eg,Downtown,https://www.odoo.com/partners/ispace-technology-20232995
Egypt,IT Roots,Ready,+20 106 844 0884,info@itroots.net,,28 Mogama Al Mahakm St.,https://www.odoo.com/partners/it-roots-17378926
Egypt,iSky Development,Ready,+20 2 38326694,info@iskydev.com,http://www.iskydev.com/,iSky Development,https://www.odoo.com/partners/isky-development-352524
Egypt,Intelligent Business Solutions (IBS),Ready,+20 106 242 3311,mahmoudzaki@ibs-egy.com,http://ibs-egy.com/,"18 Zahret El Maadaen , New Nozha",https://www.odoo.com/partners/intelligent-business-solutions-ibs-3522954
Egypt,IT SYS Corporation,Gold,+20 102 333 0467,ayman.rawy@itsyscorp.com,http://www.itsyscorp.com,6th of October Cairo,https://www.odoo.com/partners/it-sys-corporation-167908
Egypt,Jadeer,Ready,+20 11 16665997,sales@ja-deer.com,https://ja-deer.com/,Office 101 - Pioneer Plaza Business Complex,https://www.odoo.com/partners/jadeer-23481116
Egypt,I Value Solutions,Ready,+20 100 058 6444,info@ivalue-s.com,http://www.ivalue-s.com,"23 El Batrawy St. Abbas El Akkad, Nasr City",https://www.odoo.com/partners/i-value-solutions-8595637
Egypt,K Solutions,Silver,+20 114 949 8947,info@ksolutions-eg.com,http://ksolutions-eg.com,6 October,https://www.odoo.com/partners/k-solutions-24476444
Egypt,Kaizen,Silver,+20 150 155 5060,admin@kaizen-sys.com,,72 Gameat Al-Dewal Al-Arabeya,https://www.odoo.com/partners/kaizen-19217606
Egypt,Lapix,Ready,+20 111 078 8492,a.eid@lpix.net,https://lapix.solutions/,"Elhosary Square,",https://www.odoo.com/partners/lapix-14218572
Egypt,LasheenTech,Ready,+20 112 801 9390,ahmed.hassan.lasheen@gmail.com,,Cairo,https://www.odoo.com/partners/lasheentech-22312707
Egypt,KamahTech,Gold,+20 106 503 1118,info@kamahtech.com,https://www.kamahtech.com/,"21 Hussein Khedr,",https://www.odoo.com/partners/kamahtech-2123356
Egypt,Live Business Solutions (LBS),Ready,+20 106 402 9932,mahmoud.taliawy@lbs.software,https://lbs.software,New Cairo - Gamal Abdel Nasser Street,https://www.odoo.com/partners/live-business-solutions-lbs-19564500
Egypt,Knowledge BI,Silver,+20 100 669 9480,info@knowledgebi.net,https://www.knowledgebi.net/,4 Obour Buildings Salah Salem,https://www.odoo.com/partners/knowledge-bi-4051443
Egypt,KIT Solutions,Silver,+20 100 036 9146,mostafa@kitsolutions.org,https://kitsolutions.org/,.,https://www.odoo.com/partners/kit-solutions-940866
Egypt,MAK Group,Ready,+20 109 238 4332,info@makgroup.com.eg,https://www.makgroup.com.eg/,"51 Qardahi Street,",https://www.odoo.com/partners/mak-group-2348274
Egypt,Mega Applied Solutions (MAS),Ready,+201068807883,mostafa.ali@mega-applied.solutions,https://www.mega-applied.solutions,"Al Saraya Mall, Al-Mehwar Al-Markzy,",https://www.odoo.com/partners/mega-applied-solutions-mas-7586249
Egypt,IT ZAIN,Silver,+20 103 355 5115,Info@itzain.com,https://itzain.com,"309 Linux Building, Smart Village, 6th October City",https://www.odoo.com/partners/it-zain-5926662
Egypt,Merodev Software,Ready,+20 1005095794,info@merodev.com,http://www.merodev.com,"Commercial building no. 13, service area in Legenda village, Sheikh Zayed City",https://www.odoo.com/partners/merodev-software-10255931
Egypt,LogicHub,Ready,+20 100 905 1993,info@logichubeg.com,http://www.logichubeg.com,"N1 - District 4811, Said Zakaria St. Sheraton",https://www.odoo.com/partners/logichub-26294805
Egypt,LongRange Ltd.,Silver,+20 122 212 7546,arafla@longrangeltd.com,http://www.longrangeltd.com,"16 Nehro Street, Merryland,",https://www.odoo.com/partners/longrange-ltd-2282544
Egypt,MS Technologies,Silver,+20 1205616666,Info@mstech-eg.com,https://www.mstech-eg.com/,"Maadi Gardens, Kattameya, Cairo, Egypt",https://www.odoo.com/partners/ms-technologies-6715321
Egypt,Microdata Technology Consulting,Silver,+20 122 880 0770,info@microdatatc.com,http://www.microdatatc.com,"Building No. 15, Street No. 269, Third Sector, New Maadi Division",https://www.odoo.com/partners/microdata-technology-consulting-22115978
Egypt,NEXA,Silver,+20 104 049 6174,info@nexa-solutions.com,http://www.nexa-solutions.com,"33 Capital mall, 2nd floor,",https://www.odoo.com/partners/nexa-16426693
Egypt,Next Era,Silver,+201148229284,k.serour@nexteramea.com,http://nexteramea.com,Hyde Park,https://www.odoo.com/partners/next-era-19027369
Egypt,Nexus,Ready,+20 127 890 1943,bishoy.akladious@nexusbso.com,,"Second floor ,A5 Ashgar Darna",https://www.odoo.com/partners/nexus-16668758
Egypt,NOK Technology,Silver,+20 101 255 0368,a.kaffas@noktechnology.com,https://www.noktechnology.com/,Property No. 2127 – Al-Ma'arag Al-Oly – Second District – Third Floor,https://www.odoo.com/partners/nok-technology-17698373
Egypt,Objects,Silver,+20 100 553 6789,contact@objects.ws,https://objects.ws/,"1 Mostafa Kamel Street, Floor 7",https://www.odoo.com/partners/objects-4923003
Egypt,Optagile,Ready,+20 101 646 5170,Info@optagile.com,https://www.optagile.com,"1 Roxy Square,",https://www.odoo.com/partners/optagile-26858490
Egypt,OIT Solutions,Gold,+20 111 184 4494,osama.ibrahim@oit-solution.com,,"21 Nagati Serag, Al Manteqah Ath Thamenah, Nasr City",https://www.odoo.com/partners/oit-solutions-4196398
Egypt,Orbits Technology,Ready,+20 122 620 4000,info@orbits.sh,https://www.orbits.sh/,"696 Alhoreya Street,",https://www.odoo.com/partners/orbits-technology-16368271
Egypt,PC Power,Ready,+201006606508,consultant@pcpower-eg.com,http://www.pcpower-eg.com,"33 Abd-Elrazak Elsanhoury, Makram Ebied, Nasr City",https://www.odoo.com/partners/pc-power-4036203
Egypt,METAW,Ready,+20 100 100 0500,ace_heart@me.com,,"Villa 25 , New Cairo",https://www.odoo.com/partners/metaw-2221649
Egypt,Peerless ltd.,Ready,+202 33425555,kareem.hassouna@peerlesstec.com,https://www.peerless-tech.com/,48 Geziret El Arab St,https://www.odoo.com/partners/peerless-ltd-1894229
Egypt,MOSALAH SOLUTIONS,Ready,+20 122 616 0693,info@mosalahsolutions.com,https://www.mosalahsolutions.com/,"Sidi Bishr,",https://www.odoo.com/partners/mosalah-solutions-31268898
Egypt,Nano Code Solution,Ready,+20 10 08500120,info@code-solution.org,,Egypt C,https://www.odoo.com/partners/nano-code-solution-20169424
Egypt,Perfect-tech,Gold,+201004846766,info@perfect-tech.co,https://perfect-tech.co/,"18 Ibrahim Refaey St,",https://www.odoo.com/partners/perfect-tech-5647202
Egypt,Platinum,Platinum,+20 102 504 8168,a.salama@platinum-org.com,http://Platinum-org.com,300 Haram St.,https://www.odoo.com/partners/platinum-12374191
Egypt,New Smart Egypt Integrated Solutions,Ready,,,,,https://www.odoo.com/partners/new-smart-egypt-integrated-solutions-4491805
Egypt,Nawar Solutions,Ready,+20 110 136 9234,nawarsolutions@gmail.com,,11520,https://www.odoo.com/partners/nawar-solutions-19813758
Egypt,Neoteric Hub,Silver,+20 1003834333,emad@nt-hub.com,http://nt-hub.com,Al Maadi,https://www.odoo.com/partners/neoteric-hub-5384980
Egypt,Plementus,Gold,+20 1000455966,ibrahim@plementus.com,https://www.plementus.com/,Cairo,https://www.odoo.com/partners/plementus-1065779
Egypt,NAT,Silver,+20 112 800 4447,odoo@nat-solutions.com,https://www.nat-solutions.com/,"2B Shorta Towers,",https://www.odoo.com/partners/nat-3890368
Egypt,Qamah Solutions,Ready,+20 112 222 5448,Aysaadab@gmail.com,,Egypt,https://www.odoo.com/partners/qamah-solutions-17046977
Egypt,Progressio Solutions,Ready,+20 120 018 8595,Lydia.hanna@progressiosolutions.com,http://progressiosolutions.com,"51 Beirut, Heliopolis, Cairo",https://www.odoo.com/partners/progressio-solutions-18693133
Egypt,Q-Trust,Ready,⁦+20 15 57505569⁩,Abbas.mohamed16@icloud.com,https://q-trust.odoo.com/odoo,"53 El-Fayrouz Street, Main, District 10, First Neighbourhood, Ground Floor",https://www.odoo.com/partners/q-trust-21160653
Egypt,PRO TECH,Ready,+20 100 6810039,nsorogy@gmail.com,https://www.protech.odoo.com/,"53 Gesr Alsuez,",https://www.odoo.com/partners/pro-tech-5528690
Egypt,QSYS,Gold,+20 106 122 3006,ms@qsys-it.com,http://qsys-it.com,Mokattam,https://www.odoo.com/partners/qsys-9702768
Egypt,Quick Services LTC,Ready,+20 103 335 3141 / +966 54 605 5897,ahmed@qs-solutions.com,https://www.qs-solutions.com/,Block 27 Janna Compound.,https://www.odoo.com/partners/quick-services-ltc-3316111
Egypt,Revalue,Ready,+20 106 051 3535,M.atef@revaluellc.com,http://www.revaluellc.com,11520 Al Maadi C,https://www.odoo.com/partners/revalue-9837410
Egypt,Rabtek,Gold,+0233460525 / +201099980001 / +201080033818,sales@rabtek.net,https://www.rabtek.net/,"Building No. 44, Al Riyadh Street",https://www.odoo.com/partners/rabtek-5515864
Egypt,Sanad,Ready,+20 106 297 9421,mohabahmedhamed99@gmail.com,,"Derasat ST,",https://www.odoo.com/partners/sanad-18861650
Egypt,RIGHTECHS Solutions,Gold,+201013371304,sales@rightechs.net,http://rightechs.net,"321 Ahmed Rateb St., district 7th",https://www.odoo.com/partners/rightechs-solutions-1825301
Egypt,RoayaTec,Gold,+20 150 775 2234,info@roayatec.com,https://www.roayatec.com/,"Alexandria HQ Office: 58 Elhedaya Street, Stanly",https://www.odoo.com/partners/roayatec-17207720
Egypt,RWAD,Ready,+20 100 696 4782,sales@rwad-erp.com,,معهد بحوث الالكترونيات,https://www.odoo.com/partners/rwad-16320234
Egypt,Scando Integrated Solutions,Ready,+201551170880,hello@scando.solutions,https://www.scandosolutions.com/,117 4z Mostafa Kamel Axix with North 90 5th Settlement,https://www.odoo.com/partners/scando-integrated-solutions-6355383
Egypt,Sharp 4 IT,Ready,+20 103 319 5090,abosaif@sharp4it.com,https://sharp4it.com/,"Street 9, , Al Hadaba Al Aloya,El Mokattam, Cairo Governorate 4412106",https://www.odoo.com/partners/sharp-4-it-5912889
Egypt,Select Solutions,Silver,+966 56 151 4661,sales@selectodoo.com,http://selectodoo.com,Egypt Office - Cairo,https://www.odoo.com/partners/select-solutions-1498859
Egypt,New Tech Software NTS,Gold,+201011624283 - +201001634141 - +966560786610,info@ntscompany.net,https://www.ntscompany.net,Egypt HQ: 10095 Elmeraj - Maadi - Cairo <> Saudi Arabia office: 7253 Abi Bakr As-Siddiq st - Al-Nuzha - Riyadh,https://www.odoo.com/partners/new-tech-software-nts-2407246
Egypt,Soft Primes,Ready,+20 120 080 5322,info@softprimes.com,http://softprimes.com,"24 Mostafa Riyad St, Nasr City",https://www.odoo.com/partners/soft-primes-10713130
Egypt,Spacetro Tech Solutions,Silver,+20 104 094 2560,info@spacetro-tech.com,https://spacetro.odoo.com/,1,https://www.odoo.com/partners/spacetro-tech-solutions-19923406
Egypt,Surge Technologies,Ready,+20 100 353 5886,mmonem@surge.com.eg,https://surge.com.eg/,"Administrative Building No. 5, Zizinia Resort,",https://www.odoo.com/partners/surge-technologies-8909803
Egypt,Support Source,Silver,+20 1098833076,info@supportsource.net,https://supportsource.net/,النزهه - القاهرة,https://www.odoo.com/partners/support-source-12135197
Egypt,Sys Gates,Ready,01028892714 - 01557333488,info@sysgates.com,https://www.sysgates.com/,14 Assem Abdelhameed,https://www.odoo.com/partners/sys-gates-4086273
Egypt,TACTECS,Silver,+20 100 435 5067,mostafa.nassar@tactecs-dt.com,https://www.tactecs-dt.com/,"6 Mohamed Ibrahim El Gohary Street,",https://www.odoo.com/partners/tactecs-6568135
Egypt,Takamol Information Systems,Ready,+20 111 619 6196,info@takamol.net,https://www.takamol.net/,"19 A, Elobour Buildings,",https://www.odoo.com/partners/takamol-information-systems-1934722
Egypt,Tarek Mansour,Ready,+20 100 171 7372,tarek@tarekmansour.com,,شقة٩٠٣- الدور التاسع- برج الصفوة -اول ش الثورة (السكه الجديدة ) من ميدان المحطة,https://www.odoo.com/partners/tarek-mansour-12227651
Egypt,Tarabut,Gold,+20 1210140040,alzewail@yahoo.com,https://www.tarabut.pro/,"51, 90th Street South",https://www.odoo.com/partners/tarabut-1949475
Egypt,RTS,Ready,+20 106 968 9282,ahmed@rtsegypt.com,http://rtsegypt.com,1 Lotfy Gomaa Nasr city,https://www.odoo.com/partners/rts-16084393
Egypt,TARGET INTEGRATED SYSTEMS L.L.C,Ready,+20 2 25287928,M.said@target-is.com,http://www.target-is.com,"In Front Of Maadi Club For Armed Forces Officers 4 A El Maadi Stars Towers,",https://www.odoo.com/partners/target-integrated-systems-l-l-c-24906452
Egypt,TDS - Talents Digital Services,Gold,"+201060654797, +201024339832",tds@tds-int.com,http://www.tds-int.com/,"Building 188, Ground Floor, District 8, Al Sheikh Zayed City",https://www.odoo.com/partners/tds-talents-digital-services-10173977
Egypt,Rwasitech,Ready,+20 112 344 7780,support@rwasitech.com,http://www.rwasitech.com,"22 Amin Fekry, Raml Station, Attarin",https://www.odoo.com/partners/rwasitech-5563360
Egypt,Runway ERP,Ready,+20 155 551 9607,info@runwayerp.com,,"عمارة نصر سنتر، 1 مصطفي النحاس, Abbas El-Akkad، تقاطع, Cairo Governorate 11211",https://www.odoo.com/partners/runway-erp-14494048
Egypt,Tecfy,Ready,+20 66 321 7070,info@tecfy.co,http://tecfy.co,Alsharq area,https://www.odoo.com/partners/tecfy-5815305
Egypt,Tech Castle,Ready,+20 100 577 2672,bahaa@techcastle.net,http://www.techcastle.net,"31 Mansheyet El Bakry Street,",https://www.odoo.com/partners/tech-castle-3642065
Egypt,Tech Land,Silver,+20 102 463 1296,ahmed.saleh@techlandbs.com,https://techlandbs.com,"Six Of October City , Zamzam Mall",https://www.odoo.com/partners/tech-land-1963394
Egypt,SBIS,Silver,+20 122 632 3067,coo@sbis.tech,https://sbis.tech/,Smart Village,https://www.odoo.com/partners/sbis-21269173
Egypt,The Light,Ready,+20 109 303 3285,info@thelight-egy.com,https://www.thelight-egy.com/,"3 Makram Ebeid Street,",https://www.odoo.com/partners/the-light-14496067
Egypt,Think Wise,Silver,+20 102 158 7861,info@thinkwisehub.com,,حي الياسمين - طريق ابي بكر الصديق - 13326,https://www.odoo.com/partners/think-wise-19130600
Egypt,Topaz IT Services and Integrated Solutions,Ready,"+20 100 580 0721, +966544042974",ahmed.nabil@topazsmart.com,http://topazsmart.com/,City Start-Building 6-Floor 3-Office 13,https://www.odoo.com/partners/topaz-it-services-and-integrated-solutions-1730563
Egypt,Techscope,Silver,+201017639394,Hatem.Hassan@TechScopeCo.com,https://www.techscopeco.net/,18A - Al Gihad st. Lebanon sq.,https://www.odoo.com/partners/techscope-1909598
Egypt,Top Seven,Ready,+20 111 777 6321,hammad@itop7.net,,Cairo,https://www.odoo.com/partners/top-seven-23536813
Egypt,Top Business,Gold,+20 101 182 7324,info@topbusiness.io,https://www.topbusiness.io/,"1168, 31st Street, 6th of October City, 4th District,",https://www.odoo.com/partners/top-business-1314088
Egypt,SITA Egypt,Ready,+20 100 344 5951,adel.abdelmasih@sita-eg.com,http://sita-eg.com,"Sella Mall , Nagda Square , Egypt",https://www.odoo.com/partners/sita-egypt-2679633
Egypt,SingleClic,Ready,+20 103 200 0444,sales@singleclic.com,https://www.singleclic.com/,7/10 street 207 Degla Maadi,https://www.odoo.com/partners/singleclic-4420264
Egypt,Trend SI,Silver,+20 109 004 5450,Info@trend-is.co,https://www.trend-is.co/,"Algeria square, ​Maadi, Cairo, Egypt",https://www.odoo.com/partners/trend-si-3470367
Egypt,Transformix Digital Solution,Ready,+201097660595,info@thetransformix.com,https://thetransformix.com/,"24 Abdel-aziz Famhy Bolkli, Raml, Alexandria",https://www.odoo.com/partners/transformix-digital-solution-24589613
Egypt,Softobia,Silver,+20 102 524 9444,mohamed@softobia.com,http://www.softobia.com,"Cairo, Dubai, London",https://www.odoo.com/partners/softobia-19927323
Egypt,Triple A Consultancy,Ready,+20 100 160 1694,amin.rashad@triple-aconsult.com,http://www.triple-aconsult.com/,"41 Assel Tower, Cornish ElNile, MAADI",https://www.odoo.com/partners/triple-a-consultancy-1253827
Egypt,Truescale Systems,Ready,+20 128 077 7723,amr@sherifbaghdadi.com,https://www.sherifbaghdadi.com/,"177 Al Haram St, Police Towers",https://www.odoo.com/partners/truescale-systems-17359667
Egypt,Upro Innovation Technology,Ready,+20 11 23336466,sales@upro-tech.com,,"53 Al-Fayrouz Main St, 10th District, Sheikh Zayed",https://www.odoo.com/partners/upro-innovation-technology-24435200
Egypt,Ultimate Code,Silver,+20 100 022 1216,m.saad@ultimatecode.co,https://www.ultimatecode.co/,"10, Abdelhameed Badawi Street, Sheraton Heliopolis",https://www.odoo.com/partners/ultimate-code-6193819
Egypt,UAnalyst,Ready,+201020024406,info@uanalyst.com,http://uanalyst.com,"13 El-Shaheed Mahmoud Hassoun, El Nozha",https://www.odoo.com/partners/uanalyst-4286927
Egypt,Triosoft,Ready,+20 110 088 4480,info.egy@triosoft.co,http://triosoft.co,"15, Sector 13, Zahraa Al-Maadi.",https://www.odoo.com/partners/triosoft-6760506
Egypt,United Arab Supply Chain UASC,Ready,+201223530902,UASC@UASChain.net,,C,https://www.odoo.com/partners/united-arab-supply-chain-uasc-19090917
Egypt,Vertex Point Consulting,Ready,+20 100 149 0486,M.Refai@vpcme.com,https://mahfouzandrefai.com/,Saraia Mall - Office #9 - El Sheikh Zayed,https://www.odoo.com/partners/vertex-point-consulting-27600563
Egypt,Woledge,Ready,+20 106 255 2919,info@woledge.com,https://www.woledge.com/,Mostafa Kamel,https://www.odoo.com/partners/woledge-22145089
Egypt,WYZ Solutions,Ready,+20 122 766 0224,sherif.shenouda@wyz-solutions.com,https://www.wyz-solutions.com/,13 Sherif Basha - Downtown,https://www.odoo.com/partners/wyz-solutions-7585137
Egypt,ZEROX,Ready,+20 101 5000210,info@zirox.co,https://zirox.co/,Tagamoa,https://www.odoo.com/partners/zerox-6263646
Egypt,ZAD Solutions,Gold,+20233021123-4,info@zadsolutions.com,http://www.zadsolutions.com,63 Syria St.,https://www.odoo.com/partners/zad-solutions-527787
El Salvador,"AB SOLUTIONS, S.A. DE C.V.",Ready,+503 7050 7106,info@abs.com.sv,http://www.abs.com.sv,CC LA GRAN VIA EDIFICIO 8 LOCAL 1,https://www.odoo.com/partners/ab-solutions-s-a-de-c-v-21218089
El Salvador,BulldogSoft S.A. de C.V.,Silver,+503 7922 5030,hello@bulldogsoft.com,http://www.bulldogsoft.com,Res. Bosques de Santa Elena II Pol B #59,https://www.odoo.com/partners/bulldogsoft-s-a-de-c-v-15500885
El Salvador,Devintech,Ready,+503 7987-7379,victor.monzon@devintechnologies.com,http://devintechnologies.com,103 Avenida Norte 264,https://www.odoo.com/partners/devintech-17032968
El Salvador,Klervy Systems S.A. de C.V.,Ready,,,,,https://www.odoo.com/partners/klervy-systems-s-a-de-c-v-29367106
El Salvador,EXPERTHA S.A. DE C.V.,Ready,+503 2511-3040,ldvaraona@expertha.com,,Calle Cuscatlán entre 81 y 83 Av. Sur,https://www.odoo.com/partners/expertha-s-a-de-c-v-1640039
El Salvador,GRUPO TREMING S.A. de C.V.,Silver,+503 7200 9900,wac@treming.com,https://www.treming.com/r/QbH,"11 Calle Poniente, No 3949",https://www.odoo.com/partners/grupo-treming-s-a-de-c-v-14640630
El Salvador,"GESTION PRODUCTIVA, SOCIEDAD ANONIMA DE CAPITAL VARIABLE",Ready,+503 7525 4702,odoo@gestionproductiva.com,http://gestionproductiva.com,"5, Plaza Presidente, Nivel 6, San Salvador",https://www.odoo.com/partners/gestion-productiva-sociedad-anonima-de-capital-variable-10632561
El Salvador,LEBBEL S.A. DE C.V.,Silver,+50378718947,odoo@lebbel.io,https://www.lebbel.io,Calle La Reforma #209,https://www.odoo.com/partners/lebbel-s-a-de-c-v-5744774
El Salvador,MECA CONSULTORES SAS DE CV,Ready,,,,,https://www.odoo.com/partners/meca-consultores-sas-de-cv-24338811
El Salvador,"Incomsal, S.A. de C.V.",Ready,+503 2500 0400,administracion1@incomsal.com,,"AV. SUR PSJ MARTINEZ, COL MILITAR BO. SAN JACINTO #412",https://www.odoo.com/partners/incomsal-s-a-de-c-v-16388902
El Salvador,Rodú Solutions,Ready,+503 7609 5221,info@rodoosolutions.com,https://rodoosolutions.com,"Residencial cumbres de la esmeralda #29, Antiguo Cuscatlán",https://www.odoo.com/partners/rodu-solutions-19898784
El Salvador,MOOM S.A.,Ready,,,,,https://www.odoo.com/partners/moom-s-a-22642272
El Salvador,"Exelity, S.A. de C.V.",Silver,+503 78604991,roberto.vega@exelitycorp.com,http://exelitycorp.com,Calle Los Bambúes y Calle Los Abetos #37-A Colonia San Francisco,https://www.odoo.com/partners/exelity-s-a-de-c-v-4043961
El Salvador,RG Ingenieros SA de CV,Gold,+503 6832 9836,roberto.gracias@rgingenierossv.com,,"81 y 83 Av Sur, Calle Cuscatlán No. 133,",https://www.odoo.com/partners/rg-ingenieros-sa-de-cv-11852317
El Salvador,Zen Digital,Ready,+503 6068-4379,info@zendigitalsv.com,,"Residencial santa alegria, pol 2, 5, Delgado,",https://www.odoo.com/partners/zen-digital-28480125
El Salvador,Xetechs - El Salvador,Ready,,ventassv@xetechs.com,,"Avenida Jerusalén, San Salvador, El Salvador",https://www.odoo.com/partners/xetechs-el-salvador-9661669
El Salvador,"SERVICIOS DE INGENIERÍA Y DESARROLLO INFORMÁTICO, S.A.S DE C.V.",Ready,+503 7917 4795,info@sidev.com.sv,http://sidev.com.sv,"Quintas de San Agustin, POL 14, Lourdes Colon, 4",https://www.odoo.com/partners/servicios-de-ingenieria-y-desarrollo-informatico-s-a-s-de-c-v-23520648
El Salvador,VELATEK S.A DE C.V,Ready,+503 78444878,info@velatek.net,http://velatek.net,"27 CALLE ORIENTE,#706 COLONIA MAGAÑA",https://www.odoo.com/partners/velatek-s-a-de-c-v-22043841
Estonia,ERP Partner OÜ,Ready,+372 501 9353,ando.heilmann@erppartner.ee,https://www.erppartner.ee,Magasini tn 29a-12a,https://www.odoo.com/partners/erp-partner-ou-12801892
Estonia,Nixor EE AS,Ready,+372 502 8843,tarmo.tederov@nixor.ee,https://nixor.ee/en,"Nixor EE AS, Kadaka tee 63/1",https://www.odoo.com/partners/nixor-ee-as-4270257
Estonia,Avatud Lahendused OÜ,Gold,+372 600 5990,info@avalah.ee,http://www.avalah.ee/,Valukoja 8/2,https://www.odoo.com/partners/avatud-lahendused-ou-1134164
Estonia,Impactic OÜ,Gold,+372 7 400 666,info@impactic.ee,https://impactic.ee/,Turu 2,https://www.odoo.com/partners/impactic-ou-1700274
Ethiopia,Afomsoft Technologies,Ready,+251911363024/+251911903487/+251912752004,info@afomsoft.com,http://afomsoft.com,Mauritius Street,https://www.odoo.com/partners/afomsoft-technologies-8144159
Ethiopia,THRIGA CONSULTANCY PLC,Ready,+251989993945,thrigaerp@gmail.com,http://www.thriga.com,"C/o Target Software Solution plc,",https://www.odoo.com/partners/thriga-consultancy-plc-6546098
Ethiopia,Top System Solutions and Technology,Ready,,,,,https://www.odoo.com/partners/top-system-solutions-and-technology-11878498
Ethiopia,Droga Consulting Service PLC,Ready,+251 90 804 8404,berhana@drogaconsulting.com,,"Woreda 01, Kirkos",https://www.odoo.com/partners/droga-consulting-service-plc-24915617
Ethiopia,EGA Management and Financial Solutions,Ready,,,,,https://www.odoo.com/partners/ega-management-and-financial-solutions-22566782
Ethiopia,Infinite Business Solution PLC,Ready,+251984111444,Info@ibseth.com,,"Meskel Flower, Jemma Building 8th floor office no 802",https://www.odoo.com/partners/infinite-business-solution-plc-21847045
Ethiopia,360Ground,Ready,+251 911343797,info@360ground.com,,"Equatorial Guinea St, Addis Ababa, Ethiopia",https://www.odoo.com/partners/360ground-154816
Ethiopia,Fairfax Solution Tech Ethiopia,Ready,+25197727909,yordanos.s@fairfaxsol.com,https://fairfaxsol.com/,"Ethio China Street (Welo Sefer), KT12 Building 4th Floor",https://www.odoo.com/partners/fairfax-solution-tech-ethiopia-12171037
Ethiopia,Cilondis,Ready,+251 91 113 5232,"info@cilondis.com, ERP@cilondis.com",http://www.cilondis.com,Cilondis Computer Solutions PLC - C/O Fasil Terefe,https://www.odoo.com/partners/cilondis-8065373
Ethiopia,Warka Technologies Group P.L.C,Ready,+251 91 110 7468,demekeayele@gmail.com,,"Kirkos sub-city, Addis Ababa, Ethiopia",https://www.odoo.com/partners/warka-technologies-group-p-l-c-24049792
Ethiopia,"Twinkle Trading PLC, Mihretab Yihenew Melak",Ready,,,,,https://www.odoo.com/partners/twinkle-trading-plc-mihretab-yihenew-melak-22914231
Ethiopia,Twinkle Trading PLC,Ready,,,,,https://www.odoo.com/partners/twinkle-trading-plc-23125543
Fiji,Power Tech Consulting (Fiji) Pte Ltd,Ready,+61 428 181 982,raynesh@powertechconsulting.com.au,,PO Box 1216,https://www.odoo.com/partners/power-tech-consulting-fiji-pte-ltd-19398892
Fiji,Datec (Fiji) Pte Limited,Ready,+6799995757,ps_suva@datec.com.fj,,"Level 1, Garden City Complex, Raiwai, Suva, Fiji",https://www.odoo.com/partners/datec-fiji-pte-limited-11908735
Finland,Ahkio Consulting Oy,Ready,+358 10 299 2400,info@ahkio.com,http://www.ahkio.com,Tekniikantie 14,https://www.odoo.com/partners/ahkio-consulting-oy-4245141
Finland,Collapick Oy,Silver,+358 44 7797518,markku.pyorala@collapick.com,https://collapick.com/,Ahlmanintie 61,https://www.odoo.com/partners/collapick-oy-4353722
Finland,Revise Oy,Ready,+358500634524,jukka.saarikko@revise.fi,https://revise.fi/,"Itälahdenkatu 15-17, 3.krs",https://www.odoo.com/partners/revise-oy-1457039
Finland,Avoin.Systems,Gold,+358 45 78204374,myynti@avoin.systems,https://avoin.systems/,Kuortaneenkatu 2,https://www.odoo.com/partners/avoin-systems-676305
Finland,SprintIT,Gold,+358 50 5378602,info@sprintit.fi,http://www.sprintit.fi,Atomitie 5 B,https://www.odoo.com/partners/sprintit-4337478
Finland,ERPWare Oy,Ready,+358 9 4241 2286,simon@erpware.fi,http://www.erpware.fi,Malmin raitti 17 C,https://www.odoo.com/partners/erpware-oy-256095
France,A.N.A Conseil,Ready,+33 6 77 80 20 18,thomas@ana-conseil.fr,https://ana-conseil.fr,1 rue René Perron,https://www.odoo.com/partners/a-n-a-conseil-22848209
France,A-K-I,Ready,,,,,https://www.odoo.com/partners/a-k-i-25919837
France,ABSAMS,Ready,+33 4 78 76 68 78,commercial@absams.com,http://absams.com,191 Avenue Saint-Exupéry,https://www.odoo.com/partners/absams-14714727
France,A&C CONSULTING,Ready,,,,,https://www.odoo.com/partners/a-c-consulting-22091928
France,ADDCLOUD,Ready,+33 6 60 08 64 58,r.miremont@atconnect.net,https://www.atconnect.net/,IMMEUBLE LES PYRAMIDES,https://www.odoo.com/partners/addcloud-22097663
France,ACUS CONSEIL,Ready,+33 6 88 61 32 47,stephane@acus-conseil.fr,https://www.acus-conseil.fr/,24 RUE DE METZ,https://www.odoo.com/partners/acus-conseil-20628227
France,ACTION DIGITALE,Silver,+33 686608099,contact@actiondigitale.net,https://www.actiondigitale.net/,36 route de Tarbes - Centre Boréal,https://www.odoo.com/partners/action-digitale-12187942
France,Advences,Ready,+33 1 86 26 09 80,hello@advences.com,https://www.advences.com/,Rue de Malte 52,https://www.odoo.com/partners/advences-5274874
France,ACT Service,Ready,+33 5 46 44 44 59,arenault@act-service.fr,https://www.act-service.fr/,18 rue de la bonette,https://www.odoo.com/partners/act-service-18596769
France,Akineo,Ready,+33 9 72 40 88 66,contact@akineo.eu,https://www.akineo.eu,2 Rue Ampère,https://www.odoo.com/partners/akineo-878692
France,Aitec Service,Ready,,,,,https://www.odoo.com/partners/aitec-service-12089216
France,ALVESTA,Ready,+33 6 83 96 14 89,philippe.lhussier@alvesta.fr,https://www.alvesta.fr/,"28 rue Guersant, 2e",https://www.odoo.com/partners/alvesta-9301525
France,ADSI TECH,Silver,+33 6 87 13 42 88,eric.carron@e-adsi.com,https://adsi-tech.odoo.com,116 RUE DE VERDUN,https://www.odoo.com/partners/adsi-tech-15121590
France,Argosense,Ready,+33 6 82 04 19 74,contact@argosense.fr,http://www.argosense.fr,4 Rue des Grands Courtils,https://www.odoo.com/partners/argosense-12314791
France,ALLSOFTWARE,Ready,,,,,https://www.odoo.com/partners/allsoftware-21694521
France,ARIOS Télécom,Ready,+33253358097,stephane@arios.fr,,"12, rue hervé de mareuil",https://www.odoo.com/partners/arios-telecom-160202
France,Axeneo,Ready,,,,,https://www.odoo.com/partners/axeneo-3621202
France,Aunéor Conseil,Silver,+33 4 48 92 00 13,contact@auneor-conseil.fr,http://www.auneor-conseil.fr/,75 chemin des petits mians,https://www.odoo.com/partners/auneor-conseil-387542
France,AZNETWORK,Ready,+33 2 33 32 12 47,contact@aznetwork.eu,http://www.aznetwork.eu,40 RUE AMPERE,https://www.odoo.com/partners/aznetwork-600527
France,AXUP BUSINESS SOLUTIONS,Ready,,,,,https://www.odoo.com/partners/axup-business-solutions-22318421
France,APNOS TETRA,Silver,+33 7 86 88 60 53,ttelliez@tetra-up.com,https://tetra-up.com,390 Avenue du Maréchal Leclerc,https://www.odoo.com/partners/apnos-tetra-7399971
France,Bloom PPM,Ready,+33 7 85 68 16 64,contact.odoo@bloomppm.com,,"4, allée Sergueï Paradjanov",https://www.odoo.com/partners/bloom-ppm-2372699
France,ArkeUp eDoo,Gold,+33179973620,odoo@arkeup.com,https://arkeup-edoo.com,23 rue de Liège,https://www.odoo.com/partners/arkeup-edoo-780745
France,BeProject,Silver,05 81 79 10 00,odoo@beproject.fr,https://beproject.fr/,"17, Avenue Albert Rouvière",https://www.odoo.com/partners/beproject-1898357
France,Calyros,Ready,+33 7 78 33 80 72,vincent@calyros.fr,https://www.calyros.fr/,29 rue Jeanne d'Arc,https://www.odoo.com/partners/calyros-22283351
France,ADQUAT,Silver,+33 4 77 31 81 87,odoo@adquat.com,http://www.adquat.com,51 Rue Sibert,https://www.odoo.com/partners/adquat-17571
France,Blue Metrics,Ready,+33 7 66 53 65 36,benoit.traineau@blue-metrics.fr; ivain.bignonet@kara.technology; veronika.bignonet@kara.technology,,11 rue du Chêne Vert,https://www.odoo.com/partners/blue-metrics-21861567
France,Bside France,Ready,+32 475 54 97 98,pierre@bside.be,https://www.bside.be,130 boulevard de la Liberté,https://www.odoo.com/partners/bside-france-26201722
France,BRETZEL.IO,Ready,+33 7 60 41 44 75,tanguy@bretzel.io,https://www.bretzel.io,4A rue Eugène Delacroix,https://www.odoo.com/partners/bretzel-io-24147205
France,Chef Pixel,Ready,+33 2 52 41 09 25,hello@chef-pixel.fr,https://chef-pixel.fr,1 avenue de l'Engoulevent,https://www.odoo.com/partners/chef-pixel-19327085
France,Camptocamp France SAS,Ready,+33 1 83 71 75 00,info@camptocamp.com,https://www.camptocamp.com/fr/odoo,12 rue de la Chaussée d'Antin,https://www.odoo.com/partners/camptocamp-france-sas-15837
France,Captivea,Gold,+33 4 85 43 01 72,contactfr@captivea.com,https://www.captivea.com,12 Rue Max Richard,https://www.odoo.com/partners/captivea-351158
France,DLOREH,Ready,+33 7 87 09 30 28,contact@dloreh.com,https://www.dloreh.com/,83 avenue du 11 novembre,https://www.odoo.com/partners/dloreh-21744186
France,DIGITALSACE,Ready,,,,,https://www.odoo.com/partners/digitalsace-12336290
France,Citybee SAS,Ready,+33638645918,johan@citybee.fr,,465 Route de chez Bedonnet,https://www.odoo.com/partners/citybee-sas-11778083
France,Djungle,Ready,+33 6 12 30 60 72,flauroua@djungle.eu,,38 RUE GINOUX,https://www.odoo.com/partners/djungle-12184521
France,DarbTech Labs SAS,Silver,,,,,https://www.odoo.com/partners/darbtech-labs-sas-4005278
France,DIVAMEO,Ready,+33 9 53 53 81 72,contact@divameo.fr,http://www.divameo.com,"30, rue Félicien David",https://www.odoo.com/partners/divameo-8962781
France,Croc'Doo,Ready,+33 6 70 22 70 49,xavier@crocdoo.fr,http://www.crocdoo.fr,"7, esplanade du Muretain",https://www.odoo.com/partners/croc-doo-27845608
France,Apik by OCI,Gold,+33 2 57 62 02 56,commercial@apik.cloud,https://www.apik.cloud/,16 Rue de l'île de la Jument,https://www.odoo.com/partners/apik-by-oci-732280
France,Cogitime,Ready,+33 6 76 31 29 44,sebastien.aulnette@cogitime.fr,http://www.cogitime.fr,43 rue Condorcet,https://www.odoo.com/partners/cogitime-9994
France,Doscaal,Ready,+33 6 ­33 61 40 04,alexandre.moreau@doscaal.fr,http://www.doscaal.fr​​,11 rue Mireille,https://www.odoo.com/partners/doscaal-1266282
France,Eggs-Solutions,Ready,+33 6 74 18 77 24,sbesson@eggs-solutions.fr,,174 avenue du stade,https://www.odoo.com/partners/eggs-solutions-21042
France,EaSI-Soft,Silver,+33 4 81 12 03 50,tsn@easi-soft.fr,http://www.easi-soft.fr,7 Rue Marie CURIE,https://www.odoo.com/partners/easi-soft-7251943
France,e-cosi,Ready,+33 2 85­ 52 47 50,ymo@e-cosi.com,http://www.e-cosi.com,4 rue du Wattman - Immeuble le Cardo,https://www.odoo.com/partners/e-cosi-900614
France,EVEREST SERVICES (Prudentis),Ready,,,,,https://www.odoo.com/partners/everest-services-prudentis-23882791
France,Elipce Solutions SAS,Ready,+33 6 71 60 54 09,contact@elipce.com; equipe_Odoo@elipce.com ; facturation@elipce.com,http://elipce.com,42 ALL PAUL HENRI CHARLES SPAAK,https://www.odoo.com/partners/elipce-solutions-sas-9069438
France,Evoeron,Ready,,audc@odoo.com,,,https://www.odoo.com/partners/evoeron-13873035
France,Elyone,Ready,+33 1 75 43 75 30,commercial@elyone.com,http://elyone.com,40 Rue d'Hautpoul,https://www.odoo.com/partners/elyone-15387451
France,ELOSI,Ready,+33 6 38 50 70 73,commerce@elosi.com,http://www.elosi.com,"10, rue Jacques Prévert",https://www.odoo.com/partners/elosi-1421855
France,EURL APPLIDEV,Ready,+33 2 44 21 98 99,fabrice.lamare@applidev.fr,https://www.applidev.fr/,10 RUE ERNEST SYLVAIN BOLLEE,https://www.odoo.com/partners/eurl-applidev-15417227
France,Falinwa France,Gold,+33 6 27 48 97 46,sales_france@falinwa.com,https://www.falinwa.com/,8 Place Saint-Sernin,https://www.odoo.com/partners/falinwa-france-301093
France,Groupe Difference,Ready,+33 2 49 62 68 85,contact@groupeuniverp.com,https://www.groupeuniverp.com/,6 Rue Jacques Yves Cousteau,https://www.odoo.com/partners/groupe-difference-4895918
France,DYNAPPS France,Gold,+33 6 51 23 01 29,contact@dynapps.fr,https://www.dynapps.eu,3 Rue Lavoisier,https://www.odoo.com/partners/dynapps-france-23772349
France,IBT OUEST,Ready,+33 6 98 26 39 80,tdubost@ibtgroupe.fr,,10 RUE DE LA JOHARDIERE,https://www.odoo.com/partners/ibt-ouest-3077130
France,Humans Connexion,Ready,+33 7 66 49 76 00,benjamin.damour@humansconnexion.com,https://www.humansconnexion.com/,1 impasse Edmond Audran,https://www.odoo.com/partners/humans-connexion-1678196
France,Groupe FBO,Ready,+33 6 62 82 05 31,harold@groupefbo.com,http://groupefbo.com,163 boulevard Louis Blanc,https://www.odoo.com/partners/groupe-fbo-13604794
France,Idealis Consulting Lyon,Silver,+33 6 73 10 26 33 // +33 6 03 77 79 33,sales@idealisconsulting.com,https://idealisconsulting.com/,191 Cours Lafayette,https://www.odoo.com/partners/idealis-consulting-lyon-12254227
France,Drakkar Accélérateur,Silver,+33 7 80 97 00 40,contact@drakkar.io,http://www.drakkar.io,52 avenue des Impressionnistes,https://www.odoo.com/partners/drakkar-accelerateur-14382210
France,INSPIRIT-TECH,Ready,+33608619209,fkreutz@inspirit-tech.com,https://www.inspirit-tech.com/,160 route de Cannes,https://www.odoo.com/partners/inspirit-tech-3627781
France,Kent Group,Ready,,,,,https://www.odoo.com/partners/kent-group-24161034
France,JOINERY BUSINESS SOLUTIONS,Ready,,,,,https://www.odoo.com/partners/joinery-business-solutions-7786474
France,IXEMELIS,Ready,,,,,https://www.odoo.com/partners/ixemelis-20786206
France,GEMBAWARE,Ready,+33 6 72 01 88 86,contact@gembaware.com,https://www.gembaware.com,244 ROUTE DE SEYSSES,https://www.odoo.com/partners/gembaware-25504148
France,Kerbi,Ready,+33 2 99 89 48 22,contact@ker-bi.com,https://ker-bi.com,ZA Bel Event,https://www.odoo.com/partners/kerbi-10965354
France,Erle,Ready,+33 6 30 75 75 06,contact@erlesolutions.fr,https://www.erlesolutions.fr/,151 allée des joncs,https://www.odoo.com/partners/erle-16898753
France,KODO,Ready,+33 3 27 99 10 85,odoo@kodo.fr,https://www.kodo.fr/,8 RUE MARIE MADELEINE,https://www.odoo.com/partners/kodo-3603056
France,Ledger Labs,Ready,,,,,https://www.odoo.com/partners/ledger-labs-16993092
France,KHETYS,Ready,+33 6 82 55 07 48,p.gouhier@khetys.fr,https://www.khetys.com/,Bd Albert Einstein 8,https://www.odoo.com/partners/khetys-10461905
France,Linkweaver,Ready,+33660506477,philippe@linkweaver.fr,https://www.linkweaver.fr/,75 Rue Romain Rolland,https://www.odoo.com/partners/linkweaver-3588374
France,IROKOO,Gold,+33755536615,info@irokoo.fr,http://irokoo.fr,3 Avenue de Bouvines,https://www.odoo.com/partners/irokoo-6856840
France,KreAddis,Silver,+33 4 76 04 84 61,claude@gemaddis.com,https://integrateur-odoo.kreatys.com,6 rue André Ampère,https://www.odoo.com/partners/kreaddis-6135385
France,MANGONO,Ready,,,,,https://www.odoo.com/partners/mangono-18557173
France,M&M Développement,Ready,+33 7 44 95 20 49,mosheavicohen@gmail.com,http://mosheavicohen@gmail.com,229 rue Saint-Honoré,https://www.odoo.com/partners/m-m-developpement-14949013
France,Moonside Consulting & Services France,Ready,+33 7 87 63 24 31,info@moonside-cs.com,http://moonside-cs.com,140 B RUE DE RENNES,https://www.odoo.com/partners/moonside-consulting-services-france-28724865
France,Moka,Ready,,,,,https://www.odoo.com/partners/moka-11223215
France,Nexelans,Ready,+33 6 74 76 99 66,contact@nexelans.fr,https://www.nexelans.fr/,141 Chem. de la Basse Biousse,https://www.odoo.com/partners/nexelans-11224708
France,NECC IT,Ready,+33684874005,jpcarre@groupe-necc.com,,5 RUE CHRISTOPHE COLOMB,https://www.odoo.com/partners/necc-it-24182148
France,METRUM Digital SARL,Ready,+33 4 93 23 43 89,info@metrum.lu,http://www.metrum.lu,455 Promenade des Anglais,https://www.odoo.com/partners/metrum-digital-sarl-6869623
France,NALIOS FRANCE,Gold,+33 6 44 90 09 37,lri@nalios.fr,https://www.nalios.com/,140 bis Rue de Rennes,https://www.odoo.com/partners/nalios-france-13868983
France,LINOV,Ready,+33 5 65 62 40 14,contact@linov.fr,https://linov.fr/,675 avenue Joël Pilon,https://www.odoo.com/partners/linov-19502425
France,Niboo France (ex - dFakto),Ready,+33 1 89 16 49 74,odoo@dfakto.com,https://odoo.dfakto.com/,36 Avenue Hoche,https://www.odoo.com/partners/niboo-france-ex-dfakto-7442857
France,NUPROD,Silver,+33 6 63 48 82 67,contact@nuprod.fr,http://nuprod.fr,8 impasse des chênes,https://www.odoo.com/partners/nuprod-7383767
France,Nuxly,Ready,+33 6 62 55 34 48,fdesmottes@nuxly.com,https://www.nuxly.com/,97 rue de Montreuil,https://www.odoo.com/partners/nuxly-1725537
France,OFFICE FORMATIONS & CONSEIL,Ready,+33 7 66 86 71 03,emilie.rossi@office-gestion.com,http://office-gestion.com,13 CHEMIN DE L’ESTAGNOL,https://www.odoo.com/partners/office-formations-conseil-18596390
France,ODOVIZE,Ready,+33 6 07 69 26 64,contact@odovize.com,https://www.odovize.com/,1 RUE DU 113 IEME,https://www.odoo.com/partners/odovize-30337340
France,LIMPIDIT,Ready,01 56 02 65 11,fournisseurs@limpidit.com,https://www.limpidit.com/,52 RUE DES ENTREPRENEURS,https://www.odoo.com/partners/limpidit-9709066
France,ODC,Ready,+33 3 21 99 73 08,team-odoo@odc.fr,https://odc.fr,63 rue du Mont Joie,https://www.odoo.com/partners/odc-1053262
France,Ooneur,Ready,+33 6 34 71 07 88,contact@ooneur.fr,http://ooneur.fr,122 RUE AMELOT,https://www.odoo.com/partners/ooneur-20852935
France,OneSolutions SAS,Ready,,odoo-fr@onesolutions.io,https://onesolutions.io/fr-fr/,155 COURS BERRIAT,https://www.odoo.com/partners/onesolutions-sas-24187722
France,Omydoo,Silver,+33 7 63 41 52 88,sylvain@omydoo.fr,https://www.omydoo.fr,Les Girauds,https://www.odoo.com/partners/omydoo-3985469
France,OKTEO,Gold,+33 6 58 48 24 00,commerce-erp@okteo.fr,https://www.okteo.fr/,259 RTE DES SOUDANIERES,https://www.odoo.com/partners/okteo-11289165
France,Orbeet,Silver,+33 1 83 62 72 88,contact@orbeet.io,,27 boulevard Saint Martin,https://www.odoo.com/partners/orbeet-15366275
France,PIXEEPLAY,Ready,+33 6 03 81 45 10,Arnaud@pixeeplay.com,https://pixeeplay.fr/,122 RUE AMELOT,https://www.odoo.com/partners/pixeeplay-14524780
France,Oxylead,Ready,,,,,https://www.odoo.com/partners/oxylead-19565858
France,OOV SOLUTIONS,Ready,,,,,https://www.odoo.com/partners/oov-solutions-28685936
France,Peaklane,Silver,+33 6 95 58 93 98,antoine.mariette@peaklane.fr,http://peaklane.fr,8 Rue des Pirogues de Bercy,https://www.odoo.com/partners/peaklane-20192255
France,Ouiddoo,Silver,+33 6 76 88 40 68,charline@ouiddoo.fr,https://ouiddoo.fr,25 Rue Lenepveu,https://www.odoo.com/partners/ouiddoo-5579951
France,RES PARTNER,Ready,+33761661971,james.fretel@respartner.fr,,13 RUE SAINTE URSULE,https://www.odoo.com/partners/res-partner-6014971
France,REZET,Ready,+33 6 80 99 05 88,commercial@lmesolutions.fr,https://lmesolutions.fr/,Rue sainte catherine,https://www.odoo.com/partners/rezet-14582858
France,Portcities Phidias,Gold,(+33) 6 03 50 38 27,eu@portcities.net,https://portcities.net/,180 avenue du Prado,https://www.odoo.com/partners/portcities-phidias-5953324
France,Prelium,Gold,+33 9 78 36 53 70,contact@prelium.fr,https://www.prelium.fr,150 AVENUE DE L'ESPACE,https://www.odoo.com/partners/prelium-31876585
France,SAS ALPHA ACTIVE CONSEIL,Ready,+33 6 13 39 28 75,admin@alpha-active-conseil.com,http://alpha-active-conseil.com,135 AV DE L YSER,https://www.odoo.com/partners/sas-alpha-active-conseil-16961018
France,SAS BRINURE,Ready,,contact@brinure.com,,,https://www.odoo.com/partners/sas-brinure-26004435
France,SAS ANOR,Ready,+33 6 29 41 81 22,cyrille@anor-group.fr,https://www.anor-group.fr,121 RUE D'AGUESSEAU,https://www.odoo.com/partners/sas-anor-29986768
France,SAS Tulip Conseil,Ready,,,,,https://www.odoo.com/partners/sas-tulip-conseil-25595313
France,GAUCHER MARTIN ANDRE,Ready,,,,,https://www.odoo.com/partners/gaucher-martin-andre-22593535
France,SI Avesnois Lab,Ready,+33 3 59 61 56 03,contact@siavesnoislab.fr,https://www.siavesnoislab.fr/,"49, rue Georges Clemenceau",https://www.odoo.com/partners/si-avesnois-lab-584924
France,SAS Ekonum,Ready,,,,,https://www.odoo.com/partners/sas-ekonum-16771089
France,SimplicIT,Ready,+33 1 84 19 46 49,contact@simplicit.pro,https://www.simplicit.eu/,8 rue de l'est,https://www.odoo.com/partners/simplicit-818955
France,SAS PURE ILLUSION,Silver,+33 4 58 10 01 55,patrick@pure-illusion.com,https://www.pure-illusion.com/,108 route de Chavanne,https://www.odoo.com/partners/sas-pure-illusion-7581018
France,Scalizer,Gold,+33 6 95 53 74 44,geoffroy@scalizer.fr,https://www.scalizer.fr/,198 Av. de France,https://www.odoo.com/partners/scalizer-7258166
France,SIQUAL,Ready,+33 6 32 46 43 00,odoo@siqual.fr,http://www.siqual.fr,64 Bd Stanislas Girardin,https://www.odoo.com/partners/siqual-8642759
France,Sodexis SAS,Ready,+33 6 95 78 17 65,contact@sodexis.com,http://www.Sodexis.Fr,"12, Lot Grange Cozon",https://www.odoo.com/partners/sodexis-sas-12267594
France,Smile France,Gold,+33 7 85 89 23 23,sales.odoo@smile.eu,https://smile.eu/fr,163 quai Docteur Dervaux,https://www.odoo.com/partners/smile-france-22310792
France,Spikeelabs,Ready,+33 6 71 99 84 72,alexis.poissonneau@spikeelabs.fr,,35 BD SOLFERINO,https://www.odoo.com/partners/spikeelabs-10498421
France,TRANSITION,Ready,,,,,https://www.odoo.com/partners/transition-21059873
France,Tadoo,Ready,+33 7 56 99 99 94,faycal@tadoo.io,https://tadoo.io/fr/,9 RUE DU COQ FRANCAIS,https://www.odoo.com/partners/tadoo-25325703
France,Thoum Production,Ready,,,,,https://www.odoo.com/partners/thoum-production-17981451
France,TeMPO Consulting,Ready,+33 3 88 56 82 10,mm@tempo-consulting.fr,http://www.tempo-consulting.fr/,"44, avenue du Rhin",https://www.odoo.com/partners/tempo-consulting--395
France,UPTIMEO,Ready,+33 4 30 31 83 83,odoo@uptimeo.fr,https://www.uptimeo.fr,485 AVENUE JEAN PROUVE,https://www.odoo.com/partners/uptimeo-4105162
France,Sudokeys,Gold,+33 6 98 89 40 82,patrick@sudokeys.com,http://www.sudokeys.com/,989 chemin du Cap de l’Homme,https://www.odoo.com/partners/sudokeys-3934501
France,Subteno,Silver,+33 2 33 ­31 22 10,"sales@subteno.com,purchase@subteno.com",http://www.subteno.com,22 Rue du Jeudi,https://www.odoo.com/partners/subteno-1575833
France,TSC France,Silver,+33 1 87 66 73 13,paris@tsc-experts.com,https://www.tsc-experts.com/,10 Rue de la paix,https://www.odoo.com/partners/tsc-france-12336200
France,Vivasoft,Ready,+33 5 32 63 00 17,contact@vivasoft.fr,http://vivasoft.fr,13 avenue de la pélatié,https://www.odoo.com/partners/vivasoft-3499524
France,Yes We Doo,Ready,+33 6 19 11 67 14,contact@yeswedoo.fr,http://yeswedoo.fr,7 RUE DU 8 MAI 1945,https://www.odoo.com/partners/yes-we-doo-18146367
France,XPERIANS,Ready,+33 6 29 74 01 21,contact@xperians.fr,,1 RUE DES FAISANS,https://www.odoo.com/partners/xperians-24738297
France,TWC TECHNOLOGIES,Ready,+33 6 65 69 15 37,contact@twc-technologies.com,https://www.twc-technologies.com/,31 RUE DU BON PASTEUR,https://www.odoo.com/partners/twc-technologies-18127103
France,Xperdoo,Ready,+33609799280,contact@xperdoo.fr,https://www.xperdoo.fr/,9 rue des colonnes,https://www.odoo.com/partners/xperdoo-12252362
France,YOUR IT FACTORY,Silver,+33620794851,david@youritfactory.com,https://www.youritfactory.com,30bis rue du Vieil Abreuvoir,https://www.odoo.com/partners/your-it-factory-1924570
France,Yotech,Ready,+33 9 72 55 54 04,info@yotech.pro,https://www.yotech.pro,320 Rue des Sorbiers,https://www.odoo.com/partners/yotech-595931
France,YONA,Ready,,,,,https://www.odoo.com/partners/yona-22591549
France,Ynov’iT Services,Silver,+33 810 20 96 09,contact@ynovit-services.com,https://www.ynovit-services.com/,18 Rue de l'Innovation,https://www.odoo.com/partners/ynov-it-services-13871372
France,YZY Digital France,Ready,,,,,https://www.odoo.com/partners/yzy-digital-france-18831498
French Polynesia,Vittoria.io,Ready,+689 40 45 35 35,guillaume.proia@vittoria.io,http://vittoria.io,177 avenue Georges Clémenceau,https://www.odoo.com/partners/vittoria-io-11373566
French Polynesia,Pacific ERP,Ready,87737700,info@pacific-erp.com,https://www.pacific-erp.com/en_GB/accueil,BP 4488,https://www.odoo.com/partners/pacific-erp-4929544
French Polynesia,Digital Techno.Net,Ready,+689 89 41 24 13,guillaume@digitaltechno.net,https://www.digitaltechno.net/en_US,211 Centre Fare Tony BP 45089 Papeete,https://www.odoo.com/partners/digital-techno-net-1677450
French Polynesia,Natimai Solutions,Ready,+689 87 23 23 35,contact@natimai.solutions,http://natimai.solutions,Centre Tauhere RDC,https://www.odoo.com/partners/natimai-solutions-12783893
Gabon,Lead Finance & Advisory,Ready,,,,,https://www.odoo.com/partners/lead-finance-advisory-30627380
Gabon,EasyTech Africa,Ready,+241 65 54 10 50,w.robert@easytech-africa.com,https://www.easytech-africa.com/,Batterie 4 Face Ecole conv. Gros Bouquet 2,https://www.odoo.com/partners/easytech-africa-2967505
Gabon,CANOPE SARL,Ready,+241 62 06 52 48,laurent.valeri@canopegroupe.com,,pleine orety,https://www.odoo.com/partners/canope-sarl-24687149
Gabon,OMIAS Leadership Group (OLG),Ready,+241 65 79 47 47,contact@omias-group.com,,197 impasse Paul ENENGBE OBAME,https://www.odoo.com/partners/omias-leadership-group-olg-7084749
Georgia,AURA by ERP Systems LLC,Ready,+995511228117,info@erpsystems.ge sales@erpsystems.ge,https://www.erpsystems.ge/,"65, N. Jvania street",https://www.odoo.com/partners/aura-by-erp-systems-llc-8846073
Georgia,Ialonix LLC,Ready,+995 598 24 66 88,info@ialonix.com,https://ialonix.com/,Sulkhan Tsintsadze Str 52,https://www.odoo.com/partners/ialonix-llc-26541924
Georgia,GEC JSC,Ready,+995 511 17 73 28,nkhvintelani@gecbusiness.com,http://gecbusiness.com,10 Melikishvili Street,https://www.odoo.com/partners/gec-jsc-23912766
Georgia,Proxima Solutions,Silver,+995 595 13 13 53,info@proxima.solutions,https://www.proxima.solutions,Mikheil Asatiani St. N10,https://www.odoo.com/partners/proxima-solutions-14428368
Georgia,FMG Soft LLC,Gold,+995 591 11 03 08,d.chachkhunashvili@fmgsoft.ge,https://fmgsoft.ge/,"Saburtalo district, Dolidze str., №2",https://www.odoo.com/partners/fmg-soft-llc-20134876
Germany,Baltaris GmbH,Ready,,,,,https://www.odoo.com/partners/baltaris-gmbh-24254080
Germany,AXMI GmbH,Ready,+49 234 64056090,odoo@axmi.de,https://www.axmi.de/,Seilfahrt 12,https://www.odoo.com/partners/axmi-gmbh-1463940
Germany,Arkons Consulting GmbH,Ready,,,,,https://www.odoo.com/partners/arkons-consulting-gmbh-19830045
Germany,Ascentra Solutions GmbH,Ready,,,,,https://www.odoo.com/partners/ascentra-solutions-gmbh-26198185
Germany,A4L GmbH,Ready,,,,,https://www.odoo.com/partners/a4l-gmbh-25180153
Germany,bitigloo GmbH,Silver,,contact@bitigloo.com,,,https://www.odoo.com/partners/bitigloo-gmbh-11596161
Germany,Alwinen GmbH,Ready,+49(0)6102 7486 157,info@alwinen.de,https://www.alwinen.de,Am Kapellenberg 24,https://www.odoo.com/partners/alwinen-gmbh-13429716
Germany,42 N.E.R.D.S. GmbH,Ready,+49 581 2048710,info@42nerds.com,https://www.42nerds.com/en-home-cjpdi,Gartenstraße 1,https://www.odoo.com/partners/42-n-e-r-d-s-gmbh-7429637
Germany,Aphora GmbH,Silver,+49 221 27321706,info@aphora.io,https://www.aphora.io,Rudolfplatz 3,https://www.odoo.com/partners/aphora-gmbh-8850607
Germany,Brainson GmbH,Ready,,,,,https://www.odoo.com/partners/brainson-gmbh-11240773
Germany,Adaire Technology Services GmbH,Ready,,,,,https://www.odoo.com/partners/adaire-technology-services-gmbh-22830537
Germany,bobco GmbH,Silver,+491601595716,hi@itsbob.co,https://itsbob.co/de/,Schützenstraße 39,https://www.odoo.com/partners/bobco-gmbh-13173790
Germany,bloopark systems GmbH & Co. KG,Ready,+49 391 5630690,sales@bloopark.de,https://www.bloopark.de/r/odoo,Beethovenstr. 4,https://www.odoo.com/partners/bloopark-systems-gmbh-co-kg-218035
Germany,Business First Consulting GmbH,Silver,+49 40 37612318,boris.wink@businessfirstconsulting.de,https://www.businessfirstconsulting.de/,Alter Postweg 22,https://www.odoo.com/partners/business-first-consulting-gmbh-5458132
Germany,braintec Deutschland,Gold,,info@braintec.com,https://braintec.com,Otto-Lilienthal-Straße 36,https://www.odoo.com/partners/braintec-deutschland-137500
Germany,CNS Computer Network Systemengineering GmbH,Ready,,,,,https://www.odoo.com/partners/cns-computer-network-systemengineering-gmbh-22682736
Germany,CAS GmbH,Ready,+49 163 5159935,akhil@casgermany.com; accounting@casgermany.com,,In den Fuchslöchern 3,https://www.odoo.com/partners/cas-gmbh-13716615
Germany,Camptocamp Germany GmbH,Ready,+49 89 262089900,patrick.belser@camptocamp.com,,Gustav-Heinemann-Ring 123,https://www.odoo.com/partners/camptocamp-germany-gmbh-6641790
Germany,CompuGO IT-Systemhaus GmbH,Ready,,,,,https://www.odoo.com/partners/compugo-it-systemhaus-gmbh-15823665
Germany,Cloudition GmbH,Ready,+49 6158 1886969,info@cloudition.de ; stefan.reisich@cloudition.de,http://www.cloudition.de,Am Dammacker 5,https://www.odoo.com/partners/cloudition-gmbh-4503639
Germany,Creative Network GmbH,Ready,,,,,https://www.odoo.com/partners/creative-network-gmbh-19731639
Germany,Codequarters DE,Ready,+49 711 16123728,mehmet@seker.de,https://www.seker.de,Auberlenstraße 13,https://www.odoo.com/partners/codequarters-de-2911319
Germany,Core Consulting GmbH,Ready,,,,,https://www.odoo.com/partners/core-consulting-gmbh-15978469
Germany,DATAreform GmbH,Ready,,,,,https://www.odoo.com/partners/datareform-gmbh-24148120
Germany,deenovum Technologies AG,Silver,+49 3677 2059280,jn@deenovum.com,http://www.deenovum.com,Bahndamm 8-10,https://www.odoo.com/partners/deenovum-technologies-ag-13837754
Germany,Data at Work GmbH,Ready,+49 5042 508540,vertrieb@daw.gmbh,https://daw.gmbh/,"Gewerbepark Rahlmühle 11,",https://www.odoo.com/partners/data-at-work-gmbh-20110686
Germany,digisoolut gmbh,Silver,+49 821-50981.0,js@digisoolut.com,http://digisoolut.com,Pröllstrasse 17,https://www.odoo.com/partners/digisoolut-gmbh-10087878
Germany,FMComputer GmbH,Ready,,,,,https://www.odoo.com/partners/fmcomputer-gmbh-30873215
Germany,ecoservice GbR,Ready,+49 511 51566740,neubert@ecoservice.de,https://www.ecoservice.de,Karl-Kellner Str. 105 J,https://www.odoo.com/partners/ecoservice-gbr--414
Germany,Flexcode Systems UG,Silver,,,,,https://www.odoo.com/partners/flexcode-systems-ug-21067656
Germany,Felix Meier,Ready,+491729165003,felix@fletscher.de,,Gübser Weg 48,https://www.odoo.com/partners/felix-meier-6159857
Germany,HEPTACOM GmbH,Ready,,,,,https://www.odoo.com/partners/heptacom-gmbh-25893229
Germany,Hugo Hamann GmbH & Co. KG,Ready,,,,,https://www.odoo.com/partners/hugo-hamann-gmbh-co-kg-23695779
Germany,INFOSERVE GmbH,Ready,0681880080,odoo@infoserve.de,,Am Felsbrunnen 15,https://www.odoo.com/partners/infoserve-gmbh-5512092
Germany,HAV Media GmbH,Silver,+49 441 2121766-0; +49441212176611,odoo@hav.media,https://www.hav.media/,Weserstr. 2 a,https://www.odoo.com/partners/hav-media-gmbh-6636097
Germany,DBB DATA Solutions GmbH,Silver,+49 6172 388 351 - 0,info@dbbdata.solutions,https://www.dbbdata.solutions,Hessenring 99B,https://www.odoo.com/partners/dbb-data-solutions-gmbh-24496451
Germany,initOS GmbH,Ready,+49 4181 13503 0,sales@initos.com; admin@initos.com,http://www.initos.com,Innungsstraße 7,https://www.odoo.com/partners/initos-gmbh-754851
Germany,IT Rebels GmbH,Ready,,,,,https://www.odoo.com/partners/it-rebels-gmbh-28828581
Germany,Hucke Media GmbH & Co. KG,Silver,+49 1525 7299772,koliwer@hucke-media.de;j.hucke@hucke-media.de,https://www.hucke-media.de,August-Wegmann-Str. 1,https://www.odoo.com/partners/hucke-media-gmbh-co-kg-6408454
Germany,Labiso GmbH,Silver,+49 9521 7039935,tala@labiso.de,https://www.labiso.de/,Von-Seckendorff-Platz 1,https://www.odoo.com/partners/labiso-gmbh-9984829
Germany,Maiva Technologies GmbH,Ready,+49 1514 2866658,ms@maiva.tech,https://www.maiva.tech/,Elisabeth-Kern-Straße 1,https://www.odoo.com/partners/maiva-technologies-gmbh-9985217
Germany,Git GmbH,Ready,+49 7034 99922080,roberto.palacios@git.gmbh,http://gitgmbh.com/,Wegenerstr. 5,https://www.odoo.com/partners/git-gmbh-1231561
Germany,Knowlix GmbH,Ready,+49 177 5641109,info@knowlix.ai,https://odoo.knowlix.ai,Lazarettstr. 4,https://www.odoo.com/partners/knowlix-gmbh-23362351
Germany,Mate iT GmbH,Ready,+49 7721 8078009,team@mateit.de,http://www.mateit.de,Karlsruher Str. 17,https://www.odoo.com/partners/mate-it-gmbh-24181352
Germany,MediaRunway GmbH & Co. KG,Ready,,,,,https://www.odoo.com/partners/mediarunway-gmbh-co-kg-18164698
Germany,maxbenedikt GmbH,Ready,+49 5941 205920,info@maxbenedikt.com,http://www.maxbenedikt.com,Nordhorner Str. 88,https://www.odoo.com/partners/maxbenedikt-gmbh-17995900
Germany,Intero Technologies GmbH,Gold,,sales@intero-technologies.de,https://intero-technologies.de,Stolkgasse 25-45,https://www.odoo.com/partners/intero-technologies-gmbh-4364
Germany,manaTec GmbH,Gold,+4935132149100,info@manatec.de,http://www.manatec.de,Königsbrücker Str. 124,https://www.odoo.com/partners/manatec-gmbh-1023999
Germany,neusta infomantis GmbH,Ready,+495415079660,c.kittisonthirak@neusta.de,https://odoo.infomantis.de/,Sutthauser Straße 285,https://www.odoo.com/partners/neusta-infomantis-gmbh-25458902
Germany,Nexigo GmbH,Silver,,,,,https://www.odoo.com/partners/nexigo-gmbh-16085640
Germany,Mutschler GmbH,Ready,,,,,https://www.odoo.com/partners/mutschler-gmbh-24155166
Germany,much. GmbH,Gold,+49 89 277817740,solutions+odoo@muchconsulting.de,https://muchconsulting.com,Leopoldstraße 139,https://www.odoo.com/partners/much-gmbh-2228935
Germany,ODION GmbH,Gold,+49 1577 2991709,da@odion.com,https://odion.com/,Altenkesseler Str. 17,https://www.odoo.com/partners/odion-gmbh-1566500
Germany,OPTImach PartG,Ready,,,,,https://www.odoo.com/partners/optimach-partg-21692058
Germany,Pathics,Ready,+ 49 2196 7340470,peter.schaffarzyk@pathics.de,,Remscheider Straße 26A,https://www.odoo.com/partners/pathics-21517292
Germany,PegaSoft GmbH,Ready,,,,,https://www.odoo.com/partners/pegasoft-gmbh-28772810
Germany,Pro Digi Par GmbH,Ready,+49 6205 3795830,info@pro-digi-par.de; jdietl@pro-digi-par.de,https://www.pro-digi-par.de/,Lußheimer Str. 29/1,https://www.odoo.com/partners/pro-digi-par-gmbh-4979249
Germany,Peter Schwarz,Silver,00491751608818,info@peter-schwarz.it,,Wilmersdorfer Straße 122-123,https://www.odoo.com/partners/peter-schwarz-1005494
Germany,openfellas GmbH,Gold,+49 89 716 723 760,johannes.nordhaus@openfellas.com,https://openfellas.com,Neumarkter Str. 63,https://www.odoo.com/partners/openfellas-gmbh-878799
Germany,Quattro Consulting GmbH,Silver,+49 1604 086018,patrick.sing@quattro-consulting.de,,Georgstrasse 38,https://www.odoo.com/partners/quattro-consulting-gmbh-29853928
Germany,NetzExpert,Ready,+49 177 6738774,info@netzexpert.com,http://www.netzexpert.com,Skorpiongasse 19a,https://www.odoo.com/partners/netzexpert-6168198
Germany,Roland Zimmermann,Ready,,,,,https://www.odoo.com/partners/roland-zimmermann-12989718
Germany,schwarz. Digital Consulting GmbH,Ready,+ 49 2721 9497980,sales@schwarz-consulting.io,,Hauptstr. 62,https://www.odoo.com/partners/schwarz-digital-consulting-gmbh-14156142
Germany,RATOCON GmbH,Silver,+49 221 6505419500,vertrieb@ratocon.de,https://www.ratocon.de/,Mathias-Brüggen-Strasse 71,https://www.odoo.com/partners/ratocon-gmbh-13069626
Germany,OBS Solutions GmbH,Gold,+49 2761 8351070,deutschland@obs-solutions.com,http://www.obs-solutions.com,In der Wüste 72,https://www.odoo.com/partners/obs-solutions-gmbh-5889242
Germany,Ruetech GmbH,Ready,00491703058441,faissal@ruetech.com,https://www.ruetech.com,Kaiser-Joseph-Str. 254,https://www.odoo.com/partners/ruetech-gmbh-15722669
Germany,rising systems AG,Silver,+49 211 903 294 0,info@rising-systems.de,https://www.rising-systems.de/odoo-main,Benrather Schlossallee 99,https://www.odoo.com/partners/rising-systems-ag-69416
Germany,ruhrdot GmbH,Ready,+49 201 858 90990,info@ruhrdot.com,https://ruhr.agency/,Bismarckstraße 5,https://www.odoo.com/partners/ruhrdot-gmbh-6985451
Germany,SAMSA-IT GmbH,Ready,+49 7562 9149636,Manuel.Sauer@samsa-it.de,https://www.samsa-it.de,Luitpoldstraße 51,https://www.odoo.com/partners/samsa-it-gmbh-2438299
Germany,TecSee GmbH,Ready,+49 7131 3821180,support@tecsee.de,http://tecsee.de,Karlstraße 33,https://www.odoo.com/partners/tecsee-gmbh-7092380
Germany,snafu Gesellschaft für interaktive Netzwerke mbH,Ready,,karwatzki@team.snafu.de,https://www.snafu.de/,Freundallee 23,https://www.odoo.com/partners/snafu-gesellschaft-fur-interaktive-netzwerke-mbh-8325705
Germany,Stahl IT Systempartner GmbH,Ready,+49 8441 408580,info@stahlgmbh.de,,Senefelder Str. 9,https://www.odoo.com/partners/stahl-it-systempartner-gmbh-13912999
Germany,syscoon GmbH,Silver,+49 7826 966160,info@syscoon.com,https://syscoon.com,Loh 7,https://www.odoo.com/partners/syscoon-gmbh-899479
Germany,rivecon GmbH,Ready,+49 40 57307580,hallo@rivecon.de,https://www.rivecon.de/,Am Strandkai 4,https://www.odoo.com/partners/rivecon-gmbh-17832703
Germany,Thalox Sphere GmbH,Ready,+49 176 22741081,martin@thaloxsphere.com,,Frankfurter Ring 193 A,https://www.odoo.com/partners/thalox-sphere-gmbh-23992483
Germany,WorkSimple GmbH,Ready,+49 2924 4969920,odoo@worksimple.de,https://www.worksimple.de/,Meister-Stütting-Str. 4,https://www.odoo.com/partners/worksimple-gmbh-9883636
Germany,Zebroo GmbH,Silver,+4917623479404,it@zebroo.de,http://zebroo.de,Hauptstr. 9b,https://www.odoo.com/partners/zebroo-gmbh-11151899
Germany,SH Digital Starten GmbH,Gold,+4966141081520,vertrieb@digitalstarten.de,https://www.digitalstarten.de,Universitätsplatz 7,https://www.odoo.com/partners/sh-digital-starten-gmbh-10609718
Germany,tetys Plus GmbH,Ready,+491791464847,axel.ressmann@tetys-plus.de,https://www.tetys-plus.de/,Lousbergstraße 50,https://www.odoo.com/partners/tetys-plus-gmbh-9083133
Ghana,BMS Cybersecurity Innovations,Ready,+233257946861,odoo@bmscyber.com,http://www.bmscyber.com/,"67 Main Spintex Road,",https://www.odoo.com/partners/bms-cybersecurity-innovations-23402354
Ghana,The Open Global LANA Ltd,Ready,,,,,https://www.odoo.com/partners/the-open-global-lana-ltd-22200388
Ghana,Prymage Consultancy Ltd,Ready,,,,,https://www.odoo.com/partners/prymage-consultancy-ltd-15161732
Ghana,iSERD Ltd,Silver,+233 55 185 6428,joa@iserdltd.com; trisha@iserdltd.com;,https://www.iserdltd.com/,"16 Kofi Annan Avenue, North Legon",https://www.odoo.com/partners/iserd-ltd-5627884
Ghana,CONAK TECHNOLOGY LTD,Silver,+233 59 692 1898,odoo@conaktechnology.com,http://www.conaktechnology.com,"17 Bathur Street, East Legon, Ayawaso West",https://www.odoo.com/partners/conak-technology-ltd-18097231
Greece,Clarity Solutions SA,Ready,+30 2321 066299,a.sandros@claritysol.com,https://claritysol.com/en/,Emporiou Sq. 11,https://www.odoo.com/partners/clarity-solutions-sa-28762926
Greece,DIGITAL LYNX,Ready,,,,,https://www.odoo.com/partners/digital-lynx-12216871
Greece,Neurons Tech L.P.,Ready,+30 210 300 1025,info@neurons.tech,https://neurons.tech/en/,Ag. Georgiou 63,https://www.odoo.com/partners/neurons-tech-l-p-21268000
Greece,DILEANITY G.P.,Silver,+30 210 35 100 72,info@dileanity.com,https://www.dileanity.com,Arkadiou 11,https://www.odoo.com/partners/dileanity-g-p-13867690
Greece,Muda IKE,Ready,+30 694 517 2155,michalis@muda.gr,,Florinis 6,https://www.odoo.com/partners/muda-ike-14693442
Greece,Methodoos IKE,Ready,+30 21 5215 4909,leads@methodoos.com,https://methodoos.com/,Giannitsi 16,https://www.odoo.com/partners/methodoos-ike-10171564
Greece,ATHENTIS BUSINESS SERVICES IKE,Ready,+30 2103421552,athentis.ariadni.alexiou@gmail.com,https://athentis.odoo.com/,"33, Makrygianni str",https://www.odoo.com/partners/athentis-business-services-ike-14533869
Greece,Connecting Dots P.C.,Ready,+30 2106826001,odoo@existanze.com,https://www.existanze.com,Leof. Mesogeion 443 & Elpidos 1,https://www.odoo.com/partners/connecting-dots-p-c-1313591
Guadeloupe,IDEVINFO,Ready,,,,,https://www.odoo.com/partners/idevinfo-24306730
Guadeloupe,Domotique97,Ready,+590 690 92-2823,direction@domotique97.shop,https://www.domotique97.shop,1352 rue henri becquerel,https://www.odoo.com/partners/domotique97-5927323
Guadeloupe,Sudokeys Guadeloupe,Ready,+590 690 35 25 37,patrick.darribet@sudokeys.com,https://www.sudokeys.com/,"ZAC HOUELBOURG, 3 RUE LEWIS LATIMER",https://www.odoo.com/partners/sudokeys-guadeloupe-11224987
Guadeloupe,ES2I CARAIBES,Gold,+590 690 39 40 70,contact@es2icaraibes.com,https://www.es2icaraibes.com,"3 Immeuble Colorado, ZAC de Moudong Centre",https://www.odoo.com/partners/es2i-caraibes-16003491
Guatemala,Animal Data,Ready,,,,,https://www.odoo.com/partners/animal-data-19429525
Guatemala,Ambinte,Ready,,,,,https://www.odoo.com/partners/ambinte-24404940
Guatemala,"Bit Sistemas de Guatemala, SA",Ready,+502 4022 5920,ventas@bitsis.gt,https://www.bitsis.gt,Km. 22.5 Carretera Al Salvador,https://www.odoo.com/partners/bit-sistemas-de-guatemala-sa-6805483
Guatemala,BACG Guatemala,Ready,+502 5476-8079,orozco@bacgroup.net,,2 calle 7-79,https://www.odoo.com/partners/bacg-guatemala-17419074
Guatemala,Antigua.exe,Ready,+502 4968 3445,info@antiguaexe.com,https://antiguaexe.com,Guatemala,https://www.odoo.com/partners/antigua-exe-13941732
Guatemala,"BIP, S. A.",Ready,+502 3235 7516,info@bip.com.gt,,"15 ave A 21-13 zona 13, Final de las Américas, Oficina BX27",https://www.odoo.com/partners/bip-s-a-15992811
Guatemala,"AppSystems, S.A.",Ready,+50240350916,arigalt@sistemas.com.gt,http://www.sistemas.com.gt,Ave. Reforma 9-00 Zona 9,https://www.odoo.com/partners/appsystems-s-a-2858277
Guatemala,C7 SYSTEM,Ready,,,,,https://www.odoo.com/partners/c7-system-24634501
Guatemala,"Accurate Partners, Sociedad Anónima",Ready,+502 3029 1170,gerber.morales@accugt.com,http://www.accugt.com,"11 calle, 6-44, oficina 802 , zona 10 , Edificio Airali",https://www.odoo.com/partners/accurate-partners-sociedad-anonima-26633933
Guatemala,"Concilia Technology, S.A",Ready,+502 22347267,kramirez@concilia.group,https://concitech.com.gt/,"Vía 4 1-00 zona 4 edificio Campus Tecnológico -TEC- Torre II, 5to. Nivel, Oficina 503, Guatemala",https://www.odoo.com/partners/concilia-technology-s-a-5487931
Guatemala,"Centro de Información y Telemática Empresarial, S.A.",Ready,+502 2200 3500,Jbarrios@comeca.com.gt,https://citel.odoo.com/,"Km 18.5 Carretera a lo de Dieguez, Condominio Bosques de Arrazola.",https://www.odoo.com/partners/centro-de-informacion-y-telematica-empresarial-s-a-11277339
Guatemala,Codigo Create,Ready,+502 3070 2311,ventas@codigocreate.com,https://codigocreate.com,"Zona 0, San Pedro Yepocapa, Chimaltenango.",https://www.odoo.com/partners/codigo-create-15584877
Guatemala,BITSYS,Ready,+502 4631 1560,ventas@bitsysgt.com,https://bitsys.odoo.com,21 Calle 23-63 Villa Hermosa 1 Zona 7,https://www.odoo.com/partners/bitsys-7397019
Guatemala,"Corporacion de Tiendas en Línea, Sociedad Anónima.",Ready,,,,,https://www.odoo.com/partners/corporacion-de-tiendas-en-linea-sociedad-anonima-322545
Guatemala,CFO Digital,Ready,+502 4838 5689,info@cfodigital.cloud,https://cfodigital.cloud/,"6 Avenida 12-24 oficina 605 HQ Fontabella, Cdad. de Guatemala 01010",https://www.odoo.com/partners/cfo-digital-6571215
Guatemala,Corporación de Sistemas Informáticos S.A,Ready,+502 56300106,sistemas@corsisa.com.gt,https://corsisa.com.gt,CALZADA ATANASIO TZUL 19-97,https://www.odoo.com/partners/corporacion-de-sistemas-informaticos-s-a-3628962
Guatemala,aquíH,Gold,+502 2228-5156,info@aquih.com,http://www.aquih.com,Via 5 1-36 Zona 4 Edificio Cuatro 36 Oficina 502,https://www.odoo.com/partners/aquih-1159729
Guatemala,ConnectAI,Ready,+502 3255 5568,info@erpconnectai.com,,15 av 18-78 zona 13,https://www.odoo.com/partners/connectai-25920368
Guatemala,Cristian Orozco,Ready,+502 3289 3813,cristianorozco@hotmail.es,,"9na Avenida 0-39 Zona 4, Barrio el Porvenir, Jalapa, Guatemala",https://www.odoo.com/partners/cristian-orozco-17561056
Guatemala,Consultores RMS,Ready,+50256012707,svictorio@consultoresrms.com,http://consultoresrms.com,"3 Av 4-70 Zona 11, Ciudad de Guatemala",https://www.odoo.com/partners/consultores-rms-2094475
Guatemala,De ideas,Ready,+502 4128 6800,dlopez@deideas.tech,,"5ta Calle A, 17-27 Zona 2",https://www.odoo.com/partners/de-ideas-13058990
Guatemala,DevCrunch,Ready,+502 5442 4703,desarrollodenegocios@devcrunch.gt,,"Km 16.5 carretera al salvador Edificio centro de negocios vilaflor Nivel 6 Oficina 609, zona 7, Santa Catarina Pinula. Guatemala.",https://www.odoo.com/partners/devcrunch-17900477
Guatemala,E-solutions S.A.,Ready,+502 4978 0926,lfguevara@e-solutions.com.gt,http://www.e-solutions.com.gt,Av 7 A 5-10 Zona 4 Guatemala - Guatemala,https://www.odoo.com/partners/e-solutions-s-a-14143683
Guatemala,Doolabs,Ready,+502 4953 1051,info@doolabs.io,https://doolabs.io,Via 4 1-00 Edificio Campus Tec II zona 4,https://www.odoo.com/partners/doolabs-4417394
Guatemala,Fogspot,Ready,+502 3000 5329,socialsaquilmer@gmail.com,,6ta Ave 29-55 lo de coy apartamentos Ancona Apto 108 Torre B zona 1 de Mixco,https://www.odoo.com/partners/fogspot-23364373
Guatemala,Frontline Digital Solutions,Ready,,,,,https://www.odoo.com/partners/frontline-digital-solutions-25069734
Guatemala,DAS Global Corp.,Ready,+502 59662700,rreynoso@dasglobalcorp.com,http://www.dasglobalcorp.com,"13 calle 5-45 zona 10, Edificio Urbana",https://www.odoo.com/partners/das-global-corp-1648253
Guatemala,"GRUPO ANDAMIA, S.A.",Ready,+502 3128 0077,rrhh@andamia.gt,https://andamia.odoo.com,"8 Avenida 2-13, zona 1",https://www.odoo.com/partners/grupo-andamia-s-a-18585423
Guatemala,Greentech,Ready,+502 5555 4555,jose.mansilla@greentech.com.gt,http://www.greentech.com.gt,"11 calle 6-21, zona 4 de Mixco. Bosques de San Nicolás. blv. Valle del sol. Zona de Negocios San Nicolás bodega #31",https://www.odoo.com/partners/greentech-23293761
Guatemala,Imox Tech,Ready,+502 3004 4035,info@imoxtech.com,https://imoxtech.com,6 Calle 7-08 Zona 1,https://www.odoo.com/partners/imox-tech-21320241
Guatemala,"Gesys, S. A.",Ready,,,,,https://www.odoo.com/partners/gesys-s-a-25599161
Guatemala,Grupo Orion,Ready,+50258200453,jorgeluiscontrerasherrera@gmail.com,https://grupoorion.com.gt/,"15 Calle 7-77, Zona 10 Edificio Óptima Centro de Negocios 5to Nivel, Oficina 501",https://www.odoo.com/partners/grupo-orion-28475827
Guatemala,"Gente, Procesos y Tecnología, S. A.",Silver,+502 5710 1833,flavio.guzman@gptsa.tech,http://www.gptsa.tech,Km 19.1 Carretera a San José Pínula,https://www.odoo.com/partners/gente-procesos-y-tecnologia-s-a-5890711
Guatemala,Grupo Kintech S.A.,Ready,+502 6669 4659,mmolina@grupokintech.com,http://www.grupokintech.com,"Blvd. Los Próceres 24-69 Z-10 Zona Pradera Torre 1, Oficina 1106",https://www.odoo.com/partners/grupo-kintech-s-a-1732281
Guatemala,Group Technology,Ready,+502 3745 1544,klopez@tudugt.com,,Gran Centro comercial Zona 4 Torre 2 Nivel 6,https://www.odoo.com/partners/group-technology-13800527
Guatemala,Innovatech,Ready,+502 2295 9720,osanchez@innovatech365.com,https://www.innovatech365.com/,19 calle 5-47 zona 10,https://www.odoo.com/partners/innovatech-16971538
Guatemala,"Importaciones y Equipos Imeqmo, S.A.",Ready,+502 2314 1222,gsanchez@imeqmo.com,http://www.imeqmo.com,5Av. Sctr. A3 Z8 Mixco C.C. Mix L.21A,https://www.odoo.com/partners/importaciones-y-equipos-imeqmo-s-a-849449
Guatemala,"Integra Tec, S.A.",Ready,+502 4169 5172,info@integratec.com.gt,http://www.integratec.com.gt/,6ta Avenida 4-54 Zona 4,https://www.odoo.com/partners/integra-tec-s-a-825088
Guatemala,Integración Inteligente de Información SA,Ready,+502 2210-1700,info@i3.gt,https://www.i3.gt/,23 avenida A 00-96 Zona 15,https://www.odoo.com/partners/integracion-inteligente-de-informacion-sa-10961015
Guatemala,INTEGRALL,Ready,+502 4834 7345,contacto@integrall.solutions,https://www.integrall.solutions/,Centro Gerencial Las Margaritas,https://www.odoo.com/partners/integrall-14239225
Guatemala,Intéligos,Gold,+502 2375 7878,diegogc@inteligos.gt,https://www.inteligos.gt,Clz. Atanasio Tzul 19-97 Zona 12,https://www.odoo.com/partners/inteligos-5855074
Guatemala,"KawiLabs, S.A.",Ready,,,,,https://www.odoo.com/partners/kawilabs-s-a-27741883
Guatemala,iRODE TECHNOLOGY,Silver,WhatsApp +502 5212 1225/ PBX +502 66766804,sales@irodetech.com,https://www.irodetech.com,Km 16.5 Carretera a el Salvador,https://www.odoo.com/partners/irode-technology-17899165
Guatemala,"Inversiones Diaz Santandrea, S.A.",Ready,+502 3041 6845,diazvictor@desantandrea.com,,"Km 22 carretera a El Salvador, Villa Capelo, Casa 8M",https://www.odoo.com/partners/inversiones-diaz-santandrea-s-a-17717484
Guatemala,J2L Technologies,Ready,+502 7792 1431,info@j2ltechgt.com,https://j2ltechgt.com/,12 Calle 1-25,https://www.odoo.com/partners/j2l-technologies-6243981
Guatemala,KOREJ Solutions,Ready,+502 4743 7001,info@korejsolutions.com,,"11 calle, 6-21 zona 4 de Mixco, bodega #14",https://www.odoo.com/partners/korej-solutions-30463949
Guatemala,ITEC,Ready,,,,,https://www.odoo.com/partners/itec-20556806
Guatemala,LeonCore Solution,Ready,,,,,https://www.odoo.com/partners/leoncore-solution-26438455
Guatemala,Kypnet,Silver,+502 7791 3805,contacto@kypnet.com,https://kypnet.com/,"2a. avendia 4-20 zona 1, Oficina 212",https://www.odoo.com/partners/kypnet-5144795
Guatemala,NDA™,Ready,,,,,https://www.odoo.com/partners/ndatm-27491352
Guatemala,"Multiservicios PADI, S.A.",Ready,+502 6646 3560,administrador@hs-servicios.com,,"20 Avenida 7-45, Zona 3 Villa nueva",https://www.odoo.com/partners/multiservicios-padi-s-a-7314702
Guatemala,"OCTOPUS INNOVATION, SOCIEDAD ANÓNIMA",Silver,+502 56991864,hsalazar@octopusinnovationsgt.com,https://octopusinnovationsgt.com/,12 avenida 38-22 zona 12 Villa sol Guatemala ciudad,https://www.odoo.com/partners/octopus-innovation-sociedad-anonima-16587084
Guatemala,NexGen,Ready,+502 52170319,aalvarado@consult-us.gt,https://www.nexgen.consult-us.gt,10 calle 0-34 zona 9,https://www.odoo.com/partners/nexgen-15580972
Guatemala,Noduu,Silver,+502 2458-4363,gerencia@noduu.com,https://www.noduu.com/,Via 4 1-00 Edificio Campus TEC 2 Oficina 1103 Zona 4,https://www.odoo.com/partners/noduu-4245809
Guatemala,"Ottek Harmony, S.A.",Ready,(+502) 2476-0000,orodriguez@ottekharmony.com,http://www.ottekharmony.com,11 ave. 36-71 Centro Once ofibodega #26 zona 11,https://www.odoo.com/partners/ottek-harmony-s-a-2122491
Guatemala,MC-Sistemas,Ready,+502 5589 9131,miguelchuga@gmail.com,http://mcsistemas.net/,"14. Ave. 2-60, zona 15",https://www.odoo.com/partners/mc-sistemas-1028173
Guatemala,Odutions,Ready,+502 5565 6651,ventas@odutions.com,http://www.odutions.com,"Distrito Moda, Edificio J, Oficina 201 Ciudad Cayalá, Boulevard Rafael Landívar Zona 16",https://www.odoo.com/partners/odutions-17253469
Guatemala,PROMIT,Ready,+502 47000610,kturcios@promitgt.com,http://promit.gt,"Oficina 701, 7A Avenida 5-45, Zona 4, Cdad. de Guatemala",https://www.odoo.com/partners/promit-1945038
Guatemala,Piensom S.A.,Silver,+502 2292-7330,info@piensom.com,https://www.piensom.com/bienvenidos,Labor de Castilla,https://www.odoo.com/partners/piensom-s-a-1760912
Guatemala,ShopperExperts S.A.,Ready,50004707,info@shopperxp.com,,12 calle 6-35 Zona 10 Apto J1,https://www.odoo.com/partners/shopperexperts-s-a-32389137
Guatemala,RPR Consulting,Ready,+502 3852-0476,ricardo@rpr-consulting.com,http://www.rpr-consulting.com,"25 Avenida 1-89, Zona 15, Edificio Insigne, Oficina 711",https://www.odoo.com/partners/rpr-consulting-11328333
Guatemala,Pionira Consulting SA,Ready,+502 3003 7033,ofeliafernandez@pioniraconsulting.com,https://pioniraconsulting.com/,2da Calle 7-79 Zona 9,https://www.odoo.com/partners/pionira-consulting-sa-16390211
Guatemala,"RSM GUATEMALA BPO, S.A.",Ready,+502 2268 9700,odoo@rsm.com.gt,https://www.rsm.global/guatemala/es,Colonia Villa Hermosa,https://www.odoo.com/partners/rsm-guatemala-bpo-s-a-5008513
Guatemala,Panela Bits,Silver,+502 4238 5022,cris@panelabits.com,https://panelabits.com,"14 avenida 7-12 Zona 14, Empresarial La Villa",https://www.odoo.com/partners/panela-bits-17284156
Guatemala,"Sistemas Tecnológicos Profesionales, S.A.",Ready,+502 5843 4137,fernando.martinez@systechpro.com.gt,http://systechpro.com.gt,BOULEVARD RAFAEL LANDIVAR 10-05 ZONA 16,https://www.odoo.com/partners/sistemas-tecnologicos-profesionales-s-a-15952721
Guatemala,Silva Technologies,Ready,+502 5877 2265,sispavgt@gmail.com,http://www.sispavgt.com,7 calle A 61-87 pinares del norte zona 18,https://www.odoo.com/partners/silva-technologies-7178559
Guatemala,Pitaya Tech,Silver,+502 30221326 / +502 56900979,info@pitaya.tech,http://www.pitaya.tech,Zona Pradera T. II Ofic. 1006 Z. 10,https://www.odoo.com/partners/pitaya-tech-1843982
Guatemala,SMARTAPPS,Ready,+502 5411 7373,aporras@smartapps.gt,,Ruta 2 4-71 zona 4 Edificio 4 Venezia. Oficina 204 B,https://www.odoo.com/partners/smartapps-14392447
Guatemala,Soporte Informático Nufio - Neexdoo,Ready,,info@neexdoo.com,,,https://www.odoo.com/partners/soporte-informatico-nufio-neexdoo-20268053
Guatemala,SmartOdu SA,Ready,+502 5569 5277,info@smartodu.com,,"23 calle 14-58 zona 4 Mixco, Condado Naranjo Penthouse Edificio Crece Torre 1, Oficina 1104.",https://www.odoo.com/partners/smartodu-sa-18665318
Guatemala,Swift Solutions,Ready,+502 4149 4957,info@swift-solutions.co,,1 calle 1-14 z16,https://www.odoo.com/partners/swift-solutions-14056151
Guatemala,"Soluciones y servicios de Software, S.A",Ready,+502 50168769,marketing@thesolvo.com,https://www.thesolvo.com/,"Av. Hincapié , 22-41 Zona 13, Oficina # 2",https://www.odoo.com/partners/soluciones-y-servicios-de-software-s-a-4318328
Guatemala,"Soluciones HW, S.A",Ready,+502 3010 5215,ventas@solucioneshw.com,http://www.solucioneshw.com,"13 Calle, 5 Avenida 'A' Zona 9, Edificio",https://www.odoo.com/partners/soluciones-hw-s-a-2333642
Guatemala,VELFASA,Silver,+50254146102,info@velfasa.com,https://velfasa.com/,"23 calle 14-50 zona 4 Mixco, Guatemala Central America",https://www.odoo.com/partners/velfasa-1215150
Guatemala,TOP Advisors S.A.,Ready,+502 34506645,ydeamond@topadvisors.online,,30 Calle 9-70 Zona 11 Edificio Mirage 2102,https://www.odoo.com/partners/top-advisors-s-a-14734672
Guatemala,"Soluciones Abacus, SA",Ready,+(502) 4732 6012,javier.santos@solucionesabacus.com,http://www.solucionesabacus.com,Avenida Reforma 1-50 zona 9 Edificio El Reformador 1101-A Nivel 11.,https://www.odoo.com/partners/soluciones-abacus-sa-8477
Guatemala,WITLINK,Ready,+502 4018 6322,soly.ruiz@witlinkgt.com,http://witlinkgt.com/,Quinta avenida 7-99 colonia Kennedy,https://www.odoo.com/partners/witlink-4972304
Guatemala,YETI ADVISERS,Ready,+502 2219 6957,info@yetiadvisers.com,,Ciudad de Guatemala,https://www.odoo.com/partners/yeti-advisers-19699511
Guatemala,XETECHS S.A.,Gold,+502 3094 2670,info@xetechs.com,http://www.xetechs.com,"6 Avenida 1-81, Zona 14, Cuidad de Guatemala, Guatemala",https://www.odoo.com/partners/xetechs-s-a-1252736
Guatemala,Wohoo Soluciones S.A.,Ready,+502 3227 1189,jorge.estrada@wohoo.tech,http://www.wohoo.tech,12 Calle 21-65 Zona 11 San Jorge,https://www.odoo.com/partners/wohoo-soluciones-s-a-3910549
Guinea,O-MIAGE,Ready,,,,,https://www.odoo.com/partners/o-miage-17681048
Guinea,AFEE-BI Consulting,Ready,,,,,https://www.odoo.com/partners/afee-bi-consulting-19676687
Guinea,BS Conseils,Ready,+224 622 738 638,boubacarsylla@bsconseils.pro,https://www.bsconseilsguinee.com/en,"Centre Emetteur, Kipé, Ratoma,",https://www.odoo.com/partners/bs-conseils-11380589
Guinea,Kanaga Consulting Guinée,Ready,+224622263200,odoo@kanagaconsulting.com,http://www.kanagaconsulting.com,"Kipé Centre Emetteur, T2, Immeuble City Market",https://www.odoo.com/partners/kanaga-consulting-guinee-3563723
Guinea,YL GROUP CONSULTING,Ready,,,,,https://www.odoo.com/partners/yl-group-consulting-12940922
Guinea,Optesis Guinée,Silver,+224 629 00 66 00,guinee@optesis.com,http://www.optesis.com,Immeuble Bambou - centre emetteur kipé,https://www.odoo.com/partners/optesis-guinee-2421815
Guyana,Automated Improvement Solutions LLC DBA Xedious,Ready,+1 954-465-5575,elinscheer@xedious.com,,219 Camp St,https://www.odoo.com/partners/automated-improvement-solutions-llc-dba-xedious-3782939
Guyana,Keen360 Inc,Silver,+5925021507,accounting@keen360.com,,24 Eping & Abary Street,https://www.odoo.com/partners/keen360-inc-6065487
Haiti,Jean-Guillaume Consulting,Ready,+509 34 00 4776,fjeanguillaume@yahoo.com,,"3 Impasse Pierrot, Rue Riché, Delmas 65",https://www.odoo.com/partners/jean-guillaume-consulting-75708
Haiti,ALLNETWORKS S.A.,Ready,+509 48 24 0846,stanley@allnetworks.com,http://www.allnetworks.com,26 Angle Rue Corail et Vivy Mitchell,https://www.odoo.com/partners/allnetworks-s-a-23379505
Haiti,Transition Digitale,Ready,,,,,https://www.odoo.com/partners/transition-digitale-4312352
Haiti,LoGix Consulting,Ready,+509 47 23 3702,jpmoyse@logix.ht,http://www.logix.ht,"# 10 BIS , IMPASSE PÉTION, FRÈRES",https://www.odoo.com/partners/logix-consulting-1279417
Honduras,Abba Tech Soluciones IT,Ready,,,,,https://www.odoo.com/partners/abba-tech-soluciones-it-27029417
Honduras,Bintell Inteligencia de Negocios SA,Ready,,,,,https://www.odoo.com/partners/bintell-inteligencia-de-negocios-sa-5002346
Honduras,ADOB Systems HN,Ready,+504 9364-8067,dosejo@adobsyshn.org,https://adobsyshn.org/,French Harbour calle principal,https://www.odoo.com/partners/adob-systems-hn-25147686
Honduras,CalebSolutions,Ready,+50488348008,mario.castillo@calebsolutionshn.com,,"Colonia La Joya, sector 1, bloque 1",https://www.odoo.com/partners/calebsolutions-13430478
Honduras,Business 360,Ready,+504 9930-1695,dagoberto.montoya@corporacion360la.com,http://www.corporacion360la.com,Residencial Santa Monica,https://www.odoo.com/partners/business-360-7648665
Honduras,4 Technology Consultant,Ready,+504 9451-6395,info@4technology.hn,https://www.4technology.hn/,Tegucigalpa FM,https://www.odoo.com/partners/4-technology-consultant-19685439
Honduras,DAMRED TECHNOLOGY S DE RL,Ready,+5049463-6784,daniel@damred.com,,"Bo inglés 1 cuadra antes de los bomberos, La Ceiba, Atlántida,",https://www.odoo.com/partners/damred-technology-s-de-rl-19775057
Honduras,AKOS HONDURAS SA DE CV,Ready,+50422680689,juan.martinez@consisa.com,https://akos.site/,"Centro comercial Nova Centro torre Nova, nivel # 8.",https://www.odoo.com/partners/akos-honduras-sa-de-cv-5710831
Honduras,D2i Solutions,Ready,+504 3381-5036,info@d2i-solutions.com,https://www.d2i-solutions.com,"Edificio Metropolis, Torre 1, Local 10710",https://www.odoo.com/partners/d2i-solutions-1293240
Honduras,Business Analytics Consulting Group S.A. de C.V.,Silver,+504 3219-3890,odoo@bacgroup.net,https://www.bacgroup.net/,"Edif.Centro Comercial Morazan, Torre 1, #8, Of.10814,",https://www.odoo.com/partners/business-analytics-consulting-group-s-a-de-c-v-933945
Honduras,DM Cloudworks,Ready,,,,,https://www.odoo.com/partners/dm-cloudworks-26417203
Honduras,Grupo Innova,Ready,504-2243-7886,pcardoza@innovahn.com,https://innovahn-grupoinnova.odoo.com,Edificio Metropolis Torre 2 Piso 11 local 2111,https://www.odoo.com/partners/grupo-innova-421572
Honduras,Grupo ADAP S.A.,Ready,+504 9989-7365,oscar.martinez@grupoadap.com,http://www.grupoadap.com/,"5 Calle S, 13 y 14 Avenida S, Cortés Edificio Lorenzo Solis Local No. 5",https://www.odoo.com/partners/grupo-adap-s-a-1095249
Honduras,GP Solutions S.A. de C.V.,Ready,+504 9924-6862,info@gpsolutionshn.com,https://www.gpsolutionshn.com,Col. Loma Linda Norte,https://www.odoo.com/partners/gp-solutions-s-a-de-c-v-14051244
Honduras,Digital Planet,Gold,+504 3180-3993,mpvalencia@digitalplanethn.com,http://www.digitalplanethn.com,Barrio El Benque 4ta Calle 9 y 10 Ave. S.O. Edificio Lanza Local 102,https://www.odoo.com/partners/digital-planet-11710384
Honduras,INTEGRATE-HN,Ready,+504 3376-3303,sac@integrate-hn.com,,Colonia Tres Caminos,https://www.odoo.com/partners/integrate-hn-27829573
Honduras,INVERSIONES FORESTA S DE RL,Ready,+504 3398-4447,jesusguifarro@forestahn.com,,"Barrio el porvenir frente escuela Clementina Suarez, Catacamas, Olacho,",https://www.odoo.com/partners/inversiones-foresta-s-de-rl-17850221
Honduras,Inversiones Apolo S.A. de C.V.,Ready,+504 3156-0696,gerardo.ordonez@pronto.hn,,2da Calle S.O. entre 22 y 23 avenida,https://www.odoo.com/partners/inversiones-apolo-s-a-de-c-v-25524900
Honduras,Kenosis Company,Ready,+504 3281-4320,consultoria@kenocia.com,http://www.kenocia.com,Res. Villa Valencia,https://www.odoo.com/partners/kenosis-company-21324289
Honduras,IT SOLUTIONS S DE RL DE CV,Ready,+504 9229-3178,info@itechnologysol.com,http://www.itechnologysol.com,Colonia moderna 1 y 2 calle 20 avenida Paseo Proceres 3re Nivel,https://www.odoo.com/partners/it-solutions-s-de-rl-de-cv-865991
Honduras,Productive Business Solutions Honduras S.A. de C.V.,Ready,+504 9493-8354,angel.arguijo@pbs.group,,"Boulevard Morazán, edificio Agalta, piso 21",https://www.odoo.com/partners/productive-business-solutions-honduras-s-a-de-c-v-22270690
Honduras,Metabix S de RL,Ready,+504 96876441,info@meta-bix.com,https://www.metabix.com,Res. Pinares Calle principal 1419,https://www.odoo.com/partners/metabix-s-de-rl-15206259
Honduras,HNET,Gold,+504 3188-0560,info@hnetw.com,http://www.hnetw.com,Torre Metropolis 21812,https://www.odoo.com/partners/hnet-4056832
Honduras,Pc Services Honduras S. de R.L.,Ready,+504 9982-6061,ualdana@pcserviceshn.com,https://www.pcserviceshn.com,"Col. Suyapa, 6 calle 9 ave. #5, San Pedro Sula, Cortés,",https://www.odoo.com/partners/pc-services-honduras-s-de-r-l-14117633
Honduras,PRIME TECHNOLOGIES SA DE CV,Ready,+504 9985-3435,info@primetech.hn,https://www.primetech.hn/,"Blvd. Suyapa, Torre Metrópolis #11404",https://www.odoo.com/partners/prime-technologies-sa-de-cv-2322647
Honduras,"Servicios y Sistemas Tecnológicos S. A., Mario Matamoros",Ready,,,,,https://www.odoo.com/partners/servicios-y-sistemas-tecnologicos-s-a-mario-matamoros-543670
Honduras,ServeleSys,Ready,+504 9654-0266,administrador@servelesys.com,https://www.servelesys.com/,"Bulevar del norte, carril hacia 105 brigada, contiguo a Interllantas, frente a Cervecería Hondureña",https://www.odoo.com/partners/servelesys-16125016
Honduras,"TELEMATICA, S. de R. L. de C.V.",Ready,+(504) 3379-1220,LRALCOCER@telematica.hn,,"Unimall Business Center, Oficina#2008",https://www.odoo.com/partners/telematica-s-de-r-l-de-c-v-10735914
Honduras,Smart Systems HN,Ready,+504 9695-5014,ramces.manun@smartsystemshn.com,http://smartsystemshn.com,"Res. Las Cascadas, Zona A",https://www.odoo.com/partners/smart-systems-hn-24891451
Hong Kong,EasyScan,Ready,+852 37469191,erp@easyscan.hk,https://easyscan.com.hk/,"Unit 502, 5/F, Horizon Sea, 33 Hung To Road",https://www.odoo.com/partners/easyscan-13327573
Hong Kong,HYPTHON LIMITED,Ready,,,,,https://www.odoo.com/partners/hypthon-limited-21582704
Hong Kong,Biz Process Pro,Ready,+852 6095 7087,donchau@bizprocess.pro,http://www.bizprocess.pro,Flat B Floor 9 Block 3B,https://www.odoo.com/partners/biz-process-pro-21196957
Hong Kong,App2One Limited,Ready,+852 3188 5716,odoohk@app2one.com,http://www.app2one.com,"Rm 508, 5/F, Tai Shing Building,",https://www.odoo.com/partners/app2one-limited-1767619
Hong Kong,Aoba Hopkins,Ready,+85291083393,info@ahimhk.com.hk,,"Fun Tower, Flat 601, 35 Hung To Road Kwun Tong, Hong Kong",https://www.odoo.com/partners/aoba-hopkins-1854134
Hong Kong,Astrafons,Ready,+852 9657 5001,info+odoo@astrafons.com,https://astrafons.com/,"Room 1004-6, Strand 50, 50 Bonham Strand East",https://www.odoo.com/partners/astrafons-17691469
Hong Kong,AIM System Limited,Ready,+852 2850 6718,leoyeung@aimsys.net,http://aimsys.net/,"Unit E, 30/F., Tower A, Billion Centre",https://www.odoo.com/partners/aim-system-limited-5055153
Hong Kong,Asta Systems Limited,Silver,+852 2528 2566,amipo.lam@astasys.com,https://www.astasys.com,"24/F, Wanchai Central Building, 89 Lockhart Road",https://www.odoo.com/partners/asta-systems-limited-2268341
Hong Kong,Aboutknowledge (Hong Kong) Limited,Ready,+852 6113 3217,alex.lee@aboutknowledge.com,http://www.aboutknowledge.com,"ROOM 16, FLOOR 7, WORLD-WIDE INDUSTRIAL CENTRE, 43-47 SHAN MEI STREET, FO TAN, SHATIN",https://www.odoo.com/partners/aboutknowledge-hong-kong-limited-671607
Hong Kong,Mudoh Cloud Limited,Ready,+852 3690 8585,odoo@mudohcloud.com,http://mudohcloud.com,"Room 607, 6/F Bonham Majoris, 40 Bonham Strand East, Sheung Wan",https://www.odoo.com/partners/mudoh-cloud-limited-14445502
Hong Kong,Pivotal Technologies Limited,Ready,+852 5300 0003,system@pivotaltechs.com,http://pivotaltechs.com,Rm 13 4/F CYBERPORT 3 CORE C SMART SPACE,https://www.odoo.com/partners/pivotal-technologies-limited-21541171
Hong Kong,QFPAY HAOJIN FINTECH LIMITED,Ready,+852 2613 9299,enquiry@qfpay.com,http://www.qfpay.global,Rm A 27/F WEST GATE TWR,https://www.odoo.com/partners/qfpay-haojin-fintech-limited-20639868
Hong Kong,Propeller Professional Services LTD. - Hong Kong,Ready,+852 6032 0832,odoo@propellerps.com,https://propellerps.com/,Unit C 8/F King Palace Plaza,https://www.odoo.com/partners/propeller-professional-services-ltd-hong-kong-27813361
Hong Kong,Capsuite Limited,Silver,+852 6167 6300,enquiry@capsuite.co,https://capsuite.co/,"Room 11-17, 29/F., Block 1, Millennium City 1, 388 Kwun Tong Road, Kwun Tong",https://www.odoo.com/partners/capsuite-limited-12075802
Hong Kong,SmartU IT Consultant Company Ltd.,Ready,+852 5501 2243,support@smartu-it.com,,"7/F., Glassview Commercial Building",https://www.odoo.com/partners/smartu-it-consultant-company-ltd-23141971
Hong Kong,Zlashy Limited,Ready,+852 3993 1640,accounts@zlashy.com,https://www.zlashy.com/en/,"Rm02-03, 16/F, Tower B, 83 King Lam Street, Cheung Sha Wan, Kowloon",https://www.odoo.com/partners/zlashy-limited-20567012
Hong Kong,Toppwork Limited,Ready,26664722,yee.yu@toppwork.com,,"Units 513 & 515, 5/F., Core Building 1,",https://www.odoo.com/partners/toppwork-limited-1198767
Hong Kong,Zubbily Asia Limited,Silver,+852 9861 6778,odoo@zubbily.com,https://www.zubbily.com/,"Unit 1104, 11/F, Crawford House, 70 Queen’s Road Central",https://www.odoo.com/partners/zubbily-asia-limited-13274700
Hungary,Informatikai Üzleti Megoldások Kft.,Ready,+36 20 932 8691,hello@uzletimegoldasok.hu,,Füredi utca 10. 4. em. 14.,https://www.odoo.com/partners/informatikai-uzleti-megoldasok-kft-18075149
Hungary,Pentatrade Kft.,Ready,,,,,https://www.odoo.com/partners/pentatrade-kft-25489321
Hungary,DO Tech,Silver,+36 1 800 1040,info@dotech.hu,https://www.dotech.hu,Akácfa u. 54.,https://www.odoo.com/partners/do-tech-10779560
Iceland,Exigo ehf.,Ready,+354 571 5080,bjornolafur@exigo.is,http://www.exigo.is,Bæjarlind 2,https://www.odoo.com/partners/exigo-ehf-3510346
India,Akarigo India,Ready,+91 11 6648 1860,info@squadsoftech.com,,"505-B, Iris Tech Park, Tower A",https://www.odoo.com/partners/akarigo-india-21385689
India,AAKORYX GLOBAL SOLUTIONS LLP,Ready,,,,,https://www.odoo.com/partners/aakoryx-global-solutions-llp-26854719
India,7Span Internet Private Limited,Ready,+91 97245 15451,kaushal@7span.com,http://7span.com,"5th Floor, 503, iSquare Corporate Park, Nr. Shukan Mall Cross Raod",https://www.odoo.com/partners/7span-internet-private-limited-13438906
India,2ISOLUTIONS CONSULTING SERVICES PRIVATE LIMITED,Silver,+91 88005 92601,virendra.rai@2isolutions.com,https://2isolutions.com/,"Ground Floor, D-9, Sec 3,",https://www.odoo.com/partners/2isolutions-consulting-services-private-limited-15682886
India,Absolin Software Solutions LLP,Ready,+91 95533 82143,sales@absolinsoft.com,https://www.absolinsoft.com/,"50-121-75, 4th Floor,SVR Complex, near 4th Town Police Station",https://www.odoo.com/partners/absolin-software-solutions-llp-1063068
India,7 dot 2 IT Consulting,Ready,+91 97111 67768,puneet.aggarwal@7dot2.com,http://www.7dot2.com,"7/2, Roop Nagar",https://www.odoo.com/partners/7-dot-2-it-consulting-18341560
India,AGBE Technology Solutions Private Limited,Silver,+91 98184 41507,business@agbeindia.com,https://www.agbeindia.com/,"307, Emaar The Palm Square, Sector 66, Golf Course Extn Road",https://www.odoo.com/partners/agbe-technology-solutions-private-limited-28616718
India,ABBLEZ TECHNOLOGIES AND ROBOTICS LLP,Ready,+91 8714831222,info@abbleztechnologies.com,https://abbleztechnologies.com/,"NH 544, Aluva",https://www.odoo.com/partners/abblez-technologies-and-robotics-llp-14617914
India,Ahex Technologies Private Limited,Silver,+91 89773 63163,parthshukla@ahex.co.in,https://ahex.co/,"Unit 301 & 302 , Third Floor, Magna Park View Towers",https://www.odoo.com/partners/ahex-technologies-private-limited-12409666
India,5Lobes Technologies Private Limited,Ready,+91 78680 14434,hema.p@5lobestechnologies.com,https://5lobestechnologies.com/,"No MB3 212, SY no 38/2,, 38/1a and 38/1b,",https://www.odoo.com/partners/5lobes-technologies-private-limited-20253898
India,Appx IT Consultancy LLP,Ready,+91 90376 63151,hello@appxit.in,https://appxit.in,"SBC 10, Level -2 Thejaswini Building",https://www.odoo.com/partners/appx-it-consultancy-llp-12354630
India,Almighty Consulting Solutions Pvt. Ltd.,Silver,+91 90335 84086,info@almightycs.com,https://www.almightycs.com/,"403, 4th Floor, Avkash One, Nr. Raysan Metro Station, Randesan",https://www.odoo.com/partners/almighty-consulting-solutions-pvt-ltd-6058653
India,ALPHA DEZINE SERVICES PRIVATE LIMITED,Ready,+91 82380 69014,Neelam@alphadezine.com,http://www.alphadezine.com,"109-110, NOTUS IT PARK",https://www.odoo.com/partners/alpha-dezine-services-private-limited-27009073
India,Alligator Infosoft,Ready,+91 9922009667,sales@alligatorinfosoft.com,http://alligatorinfosoft.com,"627/1/1B, MILKAT NO 919, ALLIGATOR AUTOMATIONS,",https://www.odoo.com/partners/alligator-infosoft-14162639
India,APP Infoweb Private Limited,Silver,+91 94260 06271,nimesh@exhelp.co.in,https://www.appinfoweb.com,"7th, B-702, The First, B/s Keshavbaugh Party Plot,",https://www.odoo.com/partners/app-infoweb-private-limited-6598120
India,ASCENSIVE TECHNOLOGIES LLP,Ready,+91 98100 91738,anurag.nayar@ascensive.in,http://ascensivetechnologies.com/,"B-113, Logix Technova , Sector 132",https://www.odoo.com/partners/ascensive-technologies-llp-1470548
India,Areterix Technologies LLP,Silver,+91 63542 36817,areterix@gmail.com,https://areterix.com,"U1, Ratnamani Tower, Nr. Star Bazaar,",https://www.odoo.com/partners/areterix-technologies-llp-6220077
India,Ascetic Business Solution LLP,Ready,+91 94274 25799,contact@asceticbs.com,https://www.asceticbs.com,"B - 557-562, Money Plant High Street, NR. BSNL Office, Jagatpur Road,",https://www.odoo.com/partners/ascetic-business-solution-llp-1182648
India,Apagen Solutions Pvt Ltd,Silver,+919971800665,prateek.jaiswal@apagen.com,http://www.apagen.com,"Suite 214, H-160, Sector 63",https://www.odoo.com/partners/apagen-solutions-pvt-ltd-341009
India,Aspireal Technologies Pvt. Ltd.,Ready,+91 9049834440,bharatc@aspireal.com,http://www.aspireal.com,"PLOT NO. 20P/21, SECRETARIAT COLONY, G1, SESHADRI ENCLAVE, MANIKONDA,",https://www.odoo.com/partners/aspireal-technologies-pvt-ltd-2067229
India,AUTOMATEGENIE AI SOLUTIONS PRIVATE LIMITED,Ready,+91 96777 73787,rameshduraisamydr@gmail.com,,"No.51/1, Service Road, Bypass Rd,",https://www.odoo.com/partners/automategenie-ai-solutions-private-limited-23398008
India,ATHARVA SYSTEM,Ready,4898 8801,support@atharvasystem.com,,"805/6/7 - Shilp Epitome, Rajpath Rangoli Road",https://www.odoo.com/partners/atharva-system-842672
India,Ayeze Comvision Technologies Private Limited,Ready,+91 97021 82888,anup@exalenze.com,http://www.exalenze.com,"Office No.102, Space 31",https://www.odoo.com/partners/ayeze-comvision-technologies-private-limited-26329478
India,Aspire Softserv Pvt Ltd,Ready,+917990073201,sales@aspiresoftserv.com,https://aspiresoftserv.com/,"402, Vishwa Complex",https://www.odoo.com/partners/aspire-softserv-pvt-ltd-7070080
India,Banibro Technologies Pvt Ltd.,Silver,+91 75985 25544,brm@banibro.com,http://www.banibro.com,"No.47,, Addon Eskar Building,",https://www.odoo.com/partners/banibro-technologies-pvt-ltd-31532511
India,Auxintech Cloud Solutions Private Limited,Ready,+91 78740 26185,business@auxincs.com,http://www.auxincs.com,"C/O Fuleshwar Bedai, Vill- Beldour, Panch- Beldour,",https://www.odoo.com/partners/auxintech-cloud-solutions-private-limited-2624957
India,BeyonData Solutions Pvt Ltd,Silver,+1 800-890-6775,odoo@beyondatagroup.com,https://www.beyondatagroup.com/,"412, Sarthik II, Opp. Rajpath Club, Sarkhej - Gandhinagar Hwy,",https://www.odoo.com/partners/beyondata-solutions-pvt-ltd-1517713
India,BOSCO SOFT TECHNOLOGIES PRIVATE LIMITED,Ready,+91 96268 00800,binfo@boscosofttech.com,https://boscosofttech.com/,231/77 SACRED HEART COLLEGE SHIPPING COMPLEX,https://www.odoo.com/partners/bosco-soft-technologies-private-limited-20944738
India,Braincrew Apps,Ready,+916358827230,info@braincrewapps.com,https://www.braincrewapps.com,"1115, Satyamev Eminence, Beside Sukan Mall",https://www.odoo.com/partners/braincrew-apps-789392
India,BIZTECH IT CONSULTANCY PRIVATE LIMITED,Ready,9879622024,maulik@biztechcs.com,https://www.biztechcs.com/,"8TH FLOOR, 801, DEV AURAM, PRAHLADNAGAR ROAD,",https://www.odoo.com/partners/biztech-it-consultancy-private-limited-12505897
India,Bussuc Technologies Private Limited,Ready,+91 77609 14682,shebin@bussuc.com,http://bussus.com,"No 117, Ward 4, PALLITHAZHATH HOUSE",https://www.odoo.com/partners/bussuc-technologies-private-limited-11192511
India,BROADTECH IT SOLUTIONS PRIVATE LIMITED,Silver,+91 484 405 0570,contact@broadtech-innovations.com,https://www.broadtech-innovations.com/,"Unit No.5A-8 , Carnival Infopark Phase II",https://www.odoo.com/partners/broadtech-it-solutions-private-limited-17556068
India,Browseinfo,Gold,"+91 82382 34631, +91-9978020412",sales@browseinfo.co.in,http://browseinfo.com,"A/901, Navratna Corporate Park, Near Ashok Vatika,",https://www.odoo.com/partners/browseinfo-3162744
India,Client Linx Software Private Ltd,Ready,+91 96000 55885,srinath.r@clsslabs.com,https://www.clsslabs.com/,"Unit 1 to 5, 2nd Floor, Alpha Block,",https://www.odoo.com/partners/client-linx-software-private-ltd-19907600
India,CAPTIVEA SOFTWARE PRIVATE LIMITED,Ready,+91 79844 85819,administrative-india@captivea.com,https://www.captivea.com/aboutus/india-offices,"4th Floor, 411 to 421, Marble Arch, Race Course Road,",https://www.odoo.com/partners/captivea-software-private-limited-22732155
India,CandidRoot Solutions Private Limited,Silver,+91 88490 36209,info@candidroot.com,https://www.candidroot.com/,"A - 358-359-360, Money Plant High Street,Near BSNL Office, S.G. Highway, Gota",https://www.odoo.com/partners/candidroot-solutions-private-limited-4509632
India,Closyss Technologies LLP,Gold,+91 8080499905,info@closyss.com,http://www.closyss.com,"201-D, Runwal & Omkar Esquare,",https://www.odoo.com/partners/closyss-technologies-llp-13254479
India,Caret IT Solutions Pvt. Ltd.,Gold,+91 93168 53376,sales@caretit.com,http://www.caretit.com,"501, Pratik Mall,",https://www.odoo.com/partners/caret-it-solutions-pvt-ltd-2036036
India,Cloudmonte Technologies Pvt Ltd,Ready,+91 97186 18506,businesshead@cloudmonte.com,http://www.cloudmonte.com,"C-31 2nd Floor Sector 6, Noida",https://www.odoo.com/partners/cloudmonte-technologies-pvt-ltd-11449715
India,CRYSTALDATA SOFTWARE SERVICES INDIA PRIVATE LIMITED,Ready,+91 98203 73936,admin@crystaldatasoftware.com,https://www.crystaldatainc.com/,Unit No-305 Goldcrest Business Complex L.B.S.Marg Ghatkopar West,https://www.odoo.com/partners/crystaldata-software-services-india-private-limited-16559897
India,Cybrosys Techno Solutions Pvt.Ltd,Silver,+91 86068 27707,odoo@cybrosys.com;aneez@cybrosys.com,https://www.cybrosys.com,"Neospace, Kinfra Techno Park,",https://www.odoo.com/partners/cybrosys-techno-solutions-pvt-ltd-759167
India,DHECODED AI PRIVATE LIMITED,Ready,+91 98195 67965,gagandeep@dhecoded.ai,http://dhecoded.ai,"R NO. 2, BK NO 1679, Section-26,",https://www.odoo.com/partners/dhecoded-ai-private-limited-32618705
India,DeckSpectra Technologies LLP,Ready,,,,,https://www.odoo.com/partners/deckspectra-technologies-llp-16622404
India,EARBOR LLP,Ready,+91 94949 43394,ram@earbor.com,https://earbor.com/,"PLOT NO.755,, SS TUMMALAS",https://www.odoo.com/partners/earbor-llp-25835898
India,CLOUDSCIENCE LABS PRIVATE LIMITED,Silver,+91 92138 28808,badan@cloudsciencelabs.com,http://www.cloudsciencelabs.com/,"Tower-1, Techzone 4",https://www.odoo.com/partners/cloudscience-labs-private-limited-15692380
India,BOTSPOT INFOWARE PRIVATE LIMITED,Ready,+91 8153896966,botspotinfoware@gmail.com,https://www.botspotinfoware.com/,"NR. R.K. ROYAL HALL, OFFICE NO. 302,",https://www.odoo.com/partners/botspot-infoware-private-limited-14205336
India,DX8 TECHNOLOGIES PRIVATE LIMITED,Ready,+91 98719 62687,anuja.gupta@dxeight.com,https://dx8.in/,"454,",https://www.odoo.com/partners/dx8-technologies-private-limited-20719831
India,DREAMZ TECH SOLUTIONS PVT LTD,Ready,+91 89290 98222,marketing@dreamztech.com,https://dreamztech.com/,"AQ-7, 6th Floor, Ambient Building, Sector V Saltlake",https://www.odoo.com/partners/dreamz-tech-solutions-pvt-ltd-11668078
India,EMERGING ALLIANCE,Silver,+91 44 4710 0689,sales@group-ea.com,http://www.emerging-alliance.com,L55 27th street Chennai,https://www.odoo.com/partners/emerging-alliance-18470276
India,EGUARDIAN GLOBAL SERVICES INDIA PRIVATE LIMITED,Ready,,,,,https://www.odoo.com/partners/eguardian-global-services-india-private-limited-21881995
India,Engage & Reap Technologies Private Limited,Ready,+91 9594131602,info@engagenreap.com,,"IFS Business Centre, 206/1 , Rash Behari Avenue, Golpark, Hindustan Park, Gariahat, Kolkata 700029",https://www.odoo.com/partners/engage-reap-technologies-private-limited-18079887
India,EvvoTech,Silver,9316522924,dhruv@evvotech.in,http://evvotech.in,"621, Bilva Trade Hub, Mahendranagar Chowkdi",https://www.odoo.com/partners/evvotech-20612275
India,ENTERPRISE SYSTEM SOLUTIONS PRIVATE LIMITED,Ready,+91 90438 83237,pradeepr@esspl.com,,"CC.BUILDING, INFO CITY,",https://www.odoo.com/partners/enterprise-system-solutions-private-limited-13261208
India,ERP Harbor Consulting Services,Ready,+91 79846 78478,contact@erpharbor.com,https://www.erpharbor.com/,"305, Yash Aqua, Vijay Cross Road, 120 Feet Ring Road,",https://www.odoo.com/partners/erp-harbor-consulting-services-2753502
India,Eternal Web Private Limited,Ready,+91 98257 54893,contact@eternalsoftsolutions.com,https://www.eternalsoftsolutions.com,"1001, PV Enclave, B/H Rajpath Club, off Sindhubhavan Marg, Bodakdev",https://www.odoo.com/partners/eternal-web-private-limited-12158691
India,FADEL SOFTWARE SOLUTIONS PRIVATE LIMITED,Ready,,,,,https://www.odoo.com/partners/fadel-software-solutions-private-limited-17408905
India,EXELA TECHNOLOGIES INDIA PRIVATE LIMITED,Silver,+91 98409 04318,gowrishankar.krishnamurthy@xbpasia.com,,"9th Floor, ICC Tech Park City",https://www.odoo.com/partners/exela-technologies-india-private-limited-16369295
India,FAST TRACK PROJECTS PRIVATE LIMITED,Ready,+91 99080 15282,siddartha.bhandari@ftprotech.com,http://www.ftprotech.com/,"UNIT 302, SURYA ARCADE, CYBER HILLS, PJR NAGAR,",https://www.odoo.com/partners/fast-track-projects-private-limited-18001676
India,Emipro Technologies Pvt. Ltd.,Gold,+91 79 6936 1530,info@emiprotechnologies.com,http://www.emiprotechnologies.com,"2nd Floor, “Shyamantak”, Everest Park,",https://www.odoo.com/partners/emipro-technologies-pvt-ltd-32230995
India,FEGNO TECHNOLOGIES LLP,Ready,+91 91886 10812,info@fegno.com,http://www.fegno.com,"1ST Floor, Plot No.16, Geo Infopark, KINFRA, Geo Infopark",https://www.odoo.com/partners/fegno-technologies-llp-3264329
India,FINSOL CONSULTANCY PVT LTD,Ready,,,,,https://www.odoo.com/partners/finsol-consultancy-pvt-ltd-22236852
India,Evozard Consulting Services Private Limited,Silver,8000168707,odooapp.evozard@gmail.com,https://www.evozard.com/,"1105, Vihav Supremus, Near Iscon Heights, Gotri Road",https://www.odoo.com/partners/evozard-consulting-services-private-limited-3847147
India,FLEXSIN TECHNOLOGIES,Ready,+91 99530 01337,info@flexsin.com,https://www.flexsin.com/,G 63,https://www.odoo.com/partners/flexsin-technologies-14784107
India,Forvis Mazars LLP,Ready,+91 97172 46752 9560120006,naman.aggarwal@mazars.co.in,https://www.forvismazars.com/in/en,"Udyog Vihar Phase 4, Plot No. 51& 52",https://www.odoo.com/partners/forvis-mazars-llp-22976169
India,Galaxy Weblinks Limited.,Ready,+91 94065 82066,odoo.support@galaxyweblinks.com,https://www.galaxyweblinks.com/,"Galaxy Weblinks Limited, Second Floor, 216, Shalimar Corporate Center, South Tukoganj, Indore,",https://www.odoo.com/partners/galaxy-weblinks-limited-7185115
India,FLOWEAZY SOFTWARE SOLUTIONS LLP,Ready,+91 97420 90660,vinayak@floweazy.com,https://floweazy.com/,"T-103,ADARSH PALM RETREAT, TOWER-5",https://www.odoo.com/partners/floweazy-software-solutions-llp-15157785
India,GEMINI CONSULTING & SERVICES INDIA PRIVATE LIMITED,Ready,,,,,https://www.odoo.com/partners/gemini-consulting-services-india-private-limited-18711675
India,GLOBALS ITES PRIVATE LIMITED,Ready,+91 89716 11186,sachin.s@globalsinc.com,http://www.globalsinc.com,"6TH, 607, Brigade Senate 2, OUTER RING ROAD,",https://www.odoo.com/partners/globals-ites-private-limited-30021843
India,FINABLE CONSULTING PRIVATE LIMITED,Silver,+91 98194 28326,manish.periwal@finableconsulting.com,https://finableconsulting.com,"S-1060 AKSHAR BUSINESS PARK PLOT NO.03, SECTOR-25 Turbhe,",https://www.odoo.com/partners/finable-consulting-private-limited-21110754
India,GLOBX DIGITAL LLP,Ready,+91 81293 29595,globx.india@globx.rw,,"A6, Koprambil Heights, Manackyapaddy, Seaport - Airport Road",https://www.odoo.com/partners/globx-digital-llp-31867354
India,Globalteckz,Ready,+91 9833344333 | +91 9773530597,sales@globalteckz.com,http://www.globalteckz.com/,"42-43, 2nd Floor - Mohmed Ali Mansion,",https://www.odoo.com/partners/globalteckz-653869
India,GREY SPACE COMPUTING PRIVATE LIMITED,Ready,+91 99753 99794,business@greyspacecomputing.com,,"Flat A-1104, Sn-3/3b/1/1 3/4/5/6",https://www.odoo.com/partners/grey-space-computing-private-limited-27840890
India,Greytrix Business Solutions Pvt. Ltd.,Ready,+91 98920 34749,sales@greytrix.com,https://greytrixbizsolutions.com/,"B301, Everest Nivara Infotech Park 1",https://www.odoo.com/partners/greytrix-business-solutions-pvt-ltd-17221548
India,HASHSTUDIOZ TECHNOLOGIES PRIVATE LIMITED,Ready,,,,,https://www.odoo.com/partners/hashstudioz-technologies-private-limited-26708169
India,GSUS Star Software Solutions Private Limited,Silver,7339566389,srikanth@gsusstar.com,https://gsussoftware.in/,"TEK MEADOWS No: 51, Tower C, 4th floor, SH 49A",https://www.odoo.com/partners/gsus-star-software-solutions-private-limited-20189841
India,Heliconia Solutions Pvt. Ltd.,Ready,+919574200013,hello@heliconia.io,http://www.heliconia.io,"541-543 SWC HUB, Opp. Rajpath Complex,",https://www.odoo.com/partners/heliconia-solutions-pvt-ltd-1063969
India,GURUEBS TECH CONSULTING PRIVATE LIMITED,Silver,+91 97730 94116,info@guruebs.com,http://www.guruebs.com,"Plot No 385/2522/393,",https://www.odoo.com/partners/guruebs-tech-consulting-private-limited-29763077
India,HMRC INDUSTRY PRIVATE LIMITED,Ready,+91 98965 11155,Mddesk@hmrcgroups.com,http://www.hmrcgroups.com/,AMAR MARKET VIP COLONY,https://www.odoo.com/partners/hmrc-industry-private-limited-13374057
India,iFenSys InfoTech Private Limited,Ready,+91 94434 03748,moses@ifensys.com,http://www.ifensys.com,"S1, PLOT 2,3, MAPLE HOMES, NAGALAKSHMI AVENUE, 1ST MAIN ROAD, SITHALAPAKKAM,",https://www.odoo.com/partners/ifensys-infotech-private-limited-6087300
India,Icon TechSoft Pvt. Ltd.,Ready,+91 9898835853,info@icontechsoft.com,https://icontechsoft.com/,"110, Jimmy Tower, Gondal Rd,",https://www.odoo.com/partners/icon-techsoft-pvt-ltd-17628686
India,Highshine IT Solutions Private Limited,Silver,+91 98409 84513,harigautham@highshine.in,https://highshine.in/,"No.17, Self Help Industrial Estate, Baliga Rd,",https://www.odoo.com/partners/highshine-it-solutions-private-limited-15925862
India,Gritxi Technologies Pvt. Ltd.,Ready,+91 99983 20832,henil.patel@gritxi-tech.in,,"401, Altimus",https://www.odoo.com/partners/gritxi-technologies-pvt-ltd-15046478
India,INFINTOR SOLUTIONS LLP,Ready,+919422799989,odoo.in@infintor.com,http://www.infintor.com,"8th Floor, Vismaya Infopark, TBC",https://www.odoo.com/partners/infintor-solutions-llp-8973246
India,Intech Creative Services Pvt Ltd,Ready,+91 99717 77210,devashish@ics-global.in,http://www.theintechgroup.com,"05, INFO TOWER-I",https://www.odoo.com/partners/intech-creative-services-pvt-ltd-23359111
India,INSOFT.COM PRIVATE LIMITED,Silver,+91 98400 30468,george@insoft.com,https://www.odoo.insoft.com/,"1st Floor, F1, DOOR NO.1/558,",https://www.odoo.com/partners/insoft-com-private-limited-11952816
India,Kavi Software Technologies Pvt Ltd,Silver,+91 95000 98903,odoo@kaviglobal.com,http://www.kaviglobal.com,"4D,Jamals Orchid,1st Main road, Jayachandran Nagar, Jalladianpet, Kanchipuram",https://www.odoo.com/partners/kavi-software-technologies-pvt-ltd-17174193
India,KORECENT SOLUTIONS PRIVATE LIMITED,Ready,+91 73476 66724,solutions@korecent.com,https://korecent.com/,"4th Floor, Plot No. 7, Panchkula IT Park, Unnamed Road,",https://www.odoo.com/partners/korecent-solutions-private-limited-19007378
India,Jupical Technologies Pvt. Ltd.,Ready,+91 91294 00912,hello@jupical.com;anil@jupical.io,https://www.jupical.io/,"8th Floor, Office No. 808, RK World Tower,",https://www.odoo.com/partners/jupical-technologies-pvt-ltd-14077236
India,IPROGRAMMER SOLUTIONS PRIVATE LIMITED,Ready,+91 879 621 9605,sales@iprogrammer.co,http://www.iprogrammer.com,"Office No. 103, 104, Pride Portal, Off SB Road, Behind JW Marriott",https://www.odoo.com/partners/iprogrammer-solutions-private-limited-1457547
India,KLIENT INFORMATICS PVT LTD,Ready,+91 80562 87320,hari@klientinformatics.com,,"NO 84, 1 FLOOR PILLAYAR,KOIL STREET,",https://www.odoo.com/partners/klient-informatics-pvt-ltd-8696233
India,JMR INFOTECH INDIA PRIVATE LIMITED,Ready,,,,,https://www.odoo.com/partners/jmr-infotech-india-private-limited-15342560
India,KoderXpert Technologies LLP,Ready,+917487974892,sales@koderxpert.com,http://www.koderxpert.com,"Shivam 1/ 112, Amba Business Park, Trimandir",https://www.odoo.com/partners/koderxpert-technologies-llp-13281587
India,Linescripts Softwares Pvt. Ltd.,Silver,8989822828,developers@linescripts.com,http://www.linescripts.com,"Office Number 402, Garden Plaza,",https://www.odoo.com/partners/linescripts-softwares-pvt-ltd-9584428
India,MICRA DIGITAL LLP,Ready,+91 79903 50415,brijesh@micrasolution.com,https://www.micra.digital,"OFFICE - 401, RK EMPIRE",https://www.odoo.com/partners/micra-digital-llp-23220206
India,LINKS4ENGG INDIA PRIVATE LIMITED,Silver,+91 73068 89096,arung@links4engg.com,https://www.links4engg.com/,"98/2525, PR Complex, Pullukadu Road, Manvila, Kulathoor",https://www.odoo.com/partners/links4engg-india-private-limited-16316004
India,MAGNETO IT SOLUTIONS PRIVATE LIMITED,Ready,+91 99989 59084,info@magnetoitsolutions.com,https://www.magnetoitsolutions.com,"25298 FM 2978 Rd, Unit A",https://www.odoo.com/partners/magneto-it-solutions-private-limited-27286875
India,MAINSTAY NEXT PRIVATE LIMITED,Ready,+91 98310 27879,rajiv.m@consultmainstay.in,,"S No. 58/3/1, kapil woodrow",https://www.odoo.com/partners/mainstay-next-private-limited-25408072
India,Mordant Business Solutions,Ready,+91 8733083063,contact@mordantbs.com,https://www.mordantbs.com,"Office No.427 Arth Business Center (ABC) Complex,",https://www.odoo.com/partners/mordant-business-solutions-10043411
India,Ksolves India Ltd.,Gold,+91 81307 04295,kirti.sharma@ksolves.com,http://Ksolves.com,"2nd Floor, Smartworks, Tower-D, Logix Cyber Park, Sector 62",https://www.odoo.com/partners/ksolves-india-ltd-6069511
India,Master Software Solutions,Ready,+16472273695,info@mastersoftwaresolutions.com,https://www.mastersoftwaresolutions.com/,Plot No I-51 Sector 83 Alpha IT City Mohali,https://www.odoo.com/partners/master-software-solutions-17131656
India,NAMAH SOFTECH PRIVATE LIMITED,Silver,+91 81045 44899,director@namahsoftech.com,http://www.namahsoftech.com,"BLOCK-A, OFFICE-407-B URBAN-2 VASNA BHAYLI ROAD VADODARA",https://www.odoo.com/partners/namah-softech-private-limited-16781468
India,Nliven Technologies,Ready,+91 72259 60558,info@nliventech.net,,"113,",https://www.odoo.com/partners/nliven-technologies-24554439
India,NEXUSEPM CONSULTING PRIVATE LIMITED,Ready,,,,,https://www.odoo.com/partners/nexusepm-consulting-private-limited-27035836
India,New Horizons Cybersoft Ltd,Silver,+91 93973 06732,haroon@nhclindia.com,http://www.nhclindia.com,"Soma Enterprise,Road no 10,Bhanjarahills",https://www.odoo.com/partners/new-horizons-cybersoft-ltd-1924123
India,Nichi-In Software Solutions Pvt. Ltd.,Ready,+91 80 2672 0882,sales.odoo@nichi.com,http://www.nichi.com,"#813, Dr. Puneeth Rajkumar Road, Hosakerehalli, Banashankari 3rd stage",https://www.odoo.com/partners/nichi-in-software-solutions-pvt-ltd-7731567
India,Nioses Tech Private Limited,Silver,+91 98212 62880,moses@nioses.com,https://nioses.com/,"B 402, Antartica, Lodha Aqua CHS, Mahajan wadi, Oppo. Thakur Mall,",https://www.odoo.com/partners/nioses-tech-private-limited-14303342
India,Kanak Infosystems LLP,Silver,+91 981-810-8884,info@kanakinfosystems.com,http://www.kanakinfosystems.com,"474, Vikas Kunj, Vikas puri,",https://www.odoo.com/partners/kanak-infosystems-llp-19492
India,Navabrind IT Solutions Pvt Ltd,Gold,+91 99942 18611,avas@navabrindsol.com,https://www.navabrindsol.com/,"46/4, Novel Tech Park, Hosur Rd,",https://www.odoo.com/partners/navabrind-it-solutions-pvt-ltd-697848
India,PHENOM CLOUD INDIA PRIVATE LIMITED,Ready,,,,,https://www.odoo.com/partners/phenom-cloud-india-private-limited-24361344
India,OASYS Tech Solutions Private Limited,Ready,+91 82498 41008,roman.swain@oasystspl.com,http://oasystspl.com,"Fortune Tower, Maitri Vihar",https://www.odoo.com/partners/oasys-tech-solutions-private-limited-22282886
India,Ontash India Technologies Private Limited,Ready,+91 94952 57523,odoo_india_managers@ontash.net,http://ontash.net,"Unit 15 SAHYA, KozhikodeKSITIL Special Economic Zone",https://www.odoo.com/partners/ontash-india-technologies-private-limited-28892359
India,OTOMINDZ CONSULTING LLP,Ready,+91 88909 22279,services@otomindz.com,,"TD 409, R-TECH CAPITAL HIGH STREET",https://www.odoo.com/partners/otomindz-consulting-llp-23378558
India,Mindphin Technologies Pvt. Ltd.,Silver,9998040067,info@mindphin.com,https://mindphin.com/,"East 626, Siddhraj Z Square",https://www.odoo.com/partners/mindphin-technologies-pvt-ltd-10727770
India,PINNACLE SEVEN TECHNOLOGIES PRIVATE LIMITED,Silver,+91 422 450 6535,info@pinnacleseven.com,http://www.pinnacleseven.com,"No. 6, Kaanchan Building, Huzur Road",https://www.odoo.com/partners/pinnacle-seven-technologies-private-limited-7624178
India,Primacy Infotech Private Limited,Silver,7003500108,odoo@primacyinfotech.com,http://primacyinfotech.com,"601, 6th Floor, Webel Tower I, BN-4",https://www.odoo.com/partners/primacy-infotech-private-limited-8850840
India,PHYTEC EMBEDDED PVT LTD,Ready,,,,,https://www.odoo.com/partners/phytec-embedded-pvt-ltd-18346606
India,PRASHANT DINDAYAL POPALI,Ready,+91 98228 22242,sunny.popali@gmail.com,http://spopli.com,45-52 YASHWANT NAGAR SAKRI ROAD DHULE,https://www.odoo.com/partners/prashant-dindayal-popali-16603179
India,Oodu Implementers Private Limited,Gold,,ganesh.v@odooimplementers.com,https://www.odooimplementers.com/,"A502, The Residency, Umiya Nagar, Vishveshwar Nagar Road, Behind Umiya Mata Mandir,",https://www.odoo.com/partners/oodu-implementers-private-limited-2199251
India,PREFORTUNE TECHNOLOGIES LIMITED LIABILITY PARTNERSHIP,Ready,+91 9924261976,info@prefortune.com,,1326 R K WORLD TOWER 150 Feet Ring Road Rajkot,https://www.odoo.com/partners/prefortune-technologies-limited-liability-partnership-17884479
India,NAKSHATRA SALES & SERVICES,Silver,+91 82371 36168,marketing@nakshatrainfo.com,http://www.nakshatrainfo.com/,"Shri Samartha Krupa building, Office 2, Second Floor, Plot 287, Sector 4, Santnagar, Moshi Pradhikaran Moshi- Pune, Maharashtra- 412105",https://www.odoo.com/partners/nakshatra-sales-services-18634289
India,Prism IT Solutions Private Limited,Ready,+91 98220 13026,info@prismit.com,https://www.prismitindia.com/,"First Floor, 814B, DEMECH HOUSE,",https://www.odoo.com/partners/prism-it-solutions-private-limited-20679295
India,QUADRIC INFORMATION TECHNOLOGY PRIVATE LIMITED,Ready,,odoo@quadricit.com,,,https://www.odoo.com/partners/quadric-information-technology-private-limited-19229442
India,RANMAN LABS,Silver,+91 79750 29997,ranjan.mp@ranmanlabs.com,https://www.ranmanlabs.com/,"Manyata Redwood, Block D3, Manyata Tech Park",https://www.odoo.com/partners/ranman-labs-20454301
India,Reliution,Ready,+91 94265 26840,info@reliution.com,https://reliution.com/,"601 - Corporate Levels,",https://www.odoo.com/partners/reliution-7443555
India,Prixgen Tech Solutions Private Limited,Silver,+91 9531841111,karthik@prixgen.com,http://www.prixgen.com,"#2622 Krishna Kaveri Complex,",https://www.odoo.com/partners/prixgen-tech-solutions-private-limited-1450290
India,RIGHT ANGLE SOLUTIONS,Ready,+91 8438943229,siddharth@rightangle.dev,https://www.rightangle.dev/,"4/536/1, S.S.GARDEN, Kattur Road,",https://www.odoo.com/partners/right-angle-solutions-21408563
India,S3N CONSULTING SERVICES (OPC) PRIVATE LIMITED,Silver,+91 93562 18575,contact@s3ncs.com,http://www.s3ncs.com,"1, 1, C/o Megha Vikas Huddar, Gondia,",https://www.odoo.com/partners/s3n-consulting-services-opc-private-limited-19883773
India,Prime Minds Consulting Private Limited,Ready,+91 99453 79059,swalvekar@primemindz.com,,"22nd Floor, 'Regus’, World Trade Center, 26/1, Dr Rajkumar Rd, Malleshwaram,",https://www.odoo.com/partners/prime-minds-consulting-private-limited-1875204
India,QWY SOFTWARE PRIVATE LIMITED,Silver,,,,,https://www.odoo.com/partners/qwy-software-private-limited-15572188
India,Savydigitech Consulting & Services,Ready,,,,,https://www.odoo.com/partners/savydigitech-consulting-services-16592594
India,SETU CONSULTING SERVICES PRIVATE LIMITED,Ready,+91 75676 85929,viraj@setuconsulting.com,http://www.setuconsulting.com,"Office No. 610, Time Square-2, Near Ayodhya Chowk",https://www.odoo.com/partners/setu-consulting-services-private-limited-6391581
India,SoftPrime Consulting Private Limited,Ready,+91 96990 09328,info@softprimeconsulting.com,https://softprimeconsulting.com/,"C-104, C- Block, Sector-65, NOIDA",https://www.odoo.com/partners/softprime-consulting-private-limited-12007448
India,Spellbound Soft Solutions,Ready,+91 76005 68857,sales@spellboundss.com,https://www.spellboundss.com,"724, I Square Corporate Park, Near CIMS Hospital, Main Road, Science City Rd",https://www.odoo.com/partners/spellbound-soft-solutions-6050846
India,SpurTree Technologies Pvt. Ltd.,Ready,+91 96328 17563,naresh.bhat@spurtreetech.com,https://www.spurtreetech.com/,"3rd Floor, No.54, 13th Main, 17th Cross, Sector-6,",https://www.odoo.com/partners/spurtree-technologies-pvt-ltd-25024669
India,SA PODIT Services LLP,Ready,9899584666,info@poditservices.com,,"A 901, 4th Avenue, GAUR CITY 1, Sector 4,",https://www.odoo.com/partners/sa-podit-services-llp-15156467
India,Steigend IT Solutions,Silver,+91 99461 61106,info@steigendit.com,http://www.steigendit.com,"#24, Infopark TBC,",https://www.odoo.com/partners/steigend-it-solutions-1032200
India,Surekha Technologies Pvt. Ltd.,Ready,+91 6353726304,enquiry@surekhatech.com,https://www.surekhatech.com/,"201, 3rd Eye II, Chimanlal Girdharlal Rd, nr. Panchvati Circle, Ambawadi",https://www.odoo.com/partners/surekha-technologies-pvt-ltd-4715165
India,SYGMETIV PRIVATE LIMITED,Silver,+919746966897,admin@sygmetiv.com,http://www.sygmetiv.com,"Kaloor kadavanthra Road, Kathrikadav, Kochi, Ernakulam,",https://www.odoo.com/partners/sygmetiv-private-limited-13054239
India,Serpent Consulting Services Pvt. Ltd.,Silver,+919879354457,contact@serpentcs.com,http://www.serpentcs.com/,301 Siddhraj Zavod,https://www.odoo.com/partners/serpent-consulting-services-pvt-ltd-160703
India,SynapseIndia Outsourcing Pvt. Ltd.,Ready,+91 120 429 0800,info@synapseindia.com,http://www.synapseindia.com,"HOUSE NO 11, BLOCK A, POCKET 6,",https://www.odoo.com/partners/synapseindia-outsourcing-pvt-ltd-10370484
India,Synodica Solutions Pvt. Ltd.,Silver,+91 88 666 111 30,info@synodica.com,https://synodica.com,"514-515, Laxmi Enclave-2",https://www.odoo.com/partners/synodica-solutions-pvt-ltd-5985053
India,Synconics Technologies Pvt. Ltd.,Ready,+91 94268 64274,contact@synconics.com,http://www.synconics.com,"B-33, 1th Floor Sanidh Gujarat",https://www.odoo.com/partners/synconics-technologies-pvt-ltd-626268
India,TARGET INTEGRATION CONSULTANCY PRIVATE LIMITED,Ready,+91 96676 85684,in@targetintegration.com,http://www.targetintegration.com,"536,B3 Spaze iTech Park",https://www.odoo.com/partners/target-integration-consultancy-private-limited-12045620
India,TECHNAUREUS INFO SOLUTIONS PRIVATE LIMITED,Ready,,jasad@technaureus.com,https://www.technaureus.com/,"KSITIL Special Economic Zone, Unit No. 2E Second Floor Sahya Building - Government Cyberpark",https://www.odoo.com/partners/technaureus-info-solutions-private-limited-17634561
India,Tatvamasi Labs,Silver,+91 95113 52099,sales@tatvamasilabs.com,https://tatvamasilabs.com/,"304, Middle point, Near mahadev chowk, Mota varachha",https://www.odoo.com/partners/tatvamasi-labs-12326722
India,TECHGINIA GLOBAL PRIVATE LIMITED,Ready,+91 98112 99501,amit@techginia.com,http://www.techginia.com,"ALTF 1st Floor, Orchid Business Park, Sector-48 Gurugram",https://www.odoo.com/partners/techginia-global-private-limited-14616881
India,Technogeo Soft Solution Pvt. Ltd,Silver,,info@geotechnosoft.com,http://www.geotechnosoft.com,"1st Floor, Alfa Business Center,",https://www.odoo.com/partners/technogeo-soft-solution-pvt-ltd-1186628
India,TECHOSOFT SOLUTIONS (OPC) PRIVATE LIMITED,Ready,,,,,https://www.odoo.com/partners/techosoft-solutions-opc-private-limited-21373568
India,TECHMATIC SYSTEMS INDIA PRIVATE LIMITED,Silver,+91 90529 42797,sailajab@techmaticsys.com,http://www.techmaticsys.com,"CYBER GATEWAY, 1st Floor, Wing 1, Block D",https://www.odoo.com/partners/techmatic-systems-india-private-limited-14930407
India,TECHSOFYA DIGITAL PRIVATE LIMITED,Ready,+91 81049 42541,odoo@techsofya.com,https://www.techsofya.com/,"903, Corporate Annexe, Next to Udhyog Bhavan Sonawala Udhyog,",https://www.odoo.com/partners/techsofya-digital-private-limited-30571217
India,TECHVOOT SOLUTIONS,Ready,+91 90333 61683,hello@techvoot.com,http://techvoot.com/,"703, Venus Atlantis Corporate Park,",https://www.odoo.com/partners/techvoot-solutions-18298112
India,Tenth Planet Technologies- India,Ready,9840302789,kumaran@tenthplanet.in,,"807, p.t.lee building, 6th floor - Anna salai",https://www.odoo.com/partners/tenth-planet-technologies-india-1008586
India,TechUltra Solutions Pvt. Ltd.,Gold,+91-9998885804,contact@techultrasolutions.com,https://techultrasolutions.com,"902, 904 Pinnacle Business Park, Corporate Road, Prahladnagar",https://www.odoo.com/partners/techultra-solutions-pvt-ltd-3953642
India,TEFUGEN TECHNOLOGIES PRIVATE LIMITED,Ready,+91 431 250 0322,it.erp.odoo@tefugen.com,http://www.tefugen.com,"L-2, Electrical and Electronics Industrial Estate,Thuvakudi,",https://www.odoo.com/partners/tefugen-technologies-private-limited-13872645
India,Teckzilla Technologies,Gold,+91 82330 83333,dipesh@teckzilla.net,http://www.teckzilla.net/,"E-1205, Ganesh Glory 11, Jagatpur Road, Off S. G. Highway,",https://www.odoo.com/partners/teckzilla-technologies-12578977
India,TeqStars Technologies,Ready,+91 77790 16719,info@teqstars.com,http://teqstars.com,"1102, Wings Business Bay",https://www.odoo.com/partners/teqstars-technologies-1525023
India,THAPOVAN INFO SYSTEMS PVT,Ready,,,,,https://www.odoo.com/partners/thapovan-info-systems-pvt-16932461
India,Trivecta Digital Solutions Private Limited,Ready,+91 98947 55569,param.venkat@trivectadigital.com,http://www.trivectadigital.com,"DE0,Whispering Heights,132, St.Mary's Rd",https://www.odoo.com/partners/trivecta-digital-solutions-private-limited-16406333
India,Uncanny Consulting Services LLP,Ready,+91 9558249614,hello@uncannycs.com,http://uncannycs.com/,"B-602, Shilp Corporate Park, Rajpath Rangoli Rd, PRL Colony, Thaltej",https://www.odoo.com/partners/uncanny-consulting-services-llp-3959532
India,UNISAS ITBUSINESS SOLUTIONS PRIVATE LIMITED,Ready,+918590785291,avinash@unisasitbiz.com,http://www.unisasitbiz.com,"7/61 , First Floor, New No 7, Old No 4 (4/15-16), Mookambika Complex,",https://www.odoo.com/partners/unisas-itbusiness-solutions-private-limited-18214147
India,Warlock Technologies Pvt Ltd,Silver,09033214053,info@warlocktechnologies.com,http://www.warlocktechnologies.com,"601-pratik mall, Kudasan",https://www.odoo.com/partners/warlock-technologies-pvt-ltd-3435649
India,Veevee Infotech,Ready,+919688305363,vijay@veeveeinfotech.com,https://www.veeveeinfotech.com/,"1st Floor, 18/58/2, Opp Kids Club",https://www.odoo.com/partners/veevee-infotech-18115608
India,WEBKUL SOFTWARE PVT LTD,Silver,+91 99900 64874,support@webkul.com,https://webkul.com/,"2nd, 4th (Unit No. 407 & 408) and 5th Floor",https://www.odoo.com/partners/webkul-software-pvt-ltd-13619
India,Webrulers Infotech LLP,Ready,+91 96627 51867,info@webrulersinfotech.com,https://webrulersinfotech.com/,"B - 907, Titanium Square,",https://www.odoo.com/partners/webrulers-infotech-llp-27449037
India,WISPY CLOUD SOLUTIONS LLP,Ready,+918530072815,onkar.shinde@wispycloud.io,,"202, Floor-2, Plot-76, Rajyog Chs, Sakharam Keer Marg, Mahim",https://www.odoo.com/partners/wispy-cloud-solutions-llp-22231647
India,TIMUS CONSULTING SERVICES (OPC) PRIVATE LIMITED,Ready,+91 80028 38002,business@timusconsulting.com,http://www.timusconsulting.com/,"FL-301, SN 47/1/1 & 47/1/2 Kondhwa Kd B-Wing Pune",https://www.odoo.com/partners/timus-consulting-services-opc-private-limited-17224874
India,Skyscend Business Solutions Pvt. Ltd.,Ready,"+91 99094 53634, +91 97252 51544",info@skyscendbs.com,http://www.skyscendbs.com,"B-312, The Landmark, Opp. The Spicy Street. Kudasan.",https://www.odoo.com/partners/skyscend-business-solutions-pvt-ltd-3844640
India,Shadail Technology Private Limited,Ready,07977352693,shadail.technology@gmail.com,http://www.shadailtech.com,"602, Raj Oaks, Mtnl Road, Mira Road, Mumbai,",https://www.odoo.com/partners/shadail-technology-private-limited-5589802
India,SHAURYA TECHNOSOFT PRIVATE LIMITED,Ready,9890211319,sachin.satpute@shauryatechnosoft.com,https://shauryatechnosoft.com/home,"1st Floor, Cybernex,",https://www.odoo.com/partners/shaurya-technosoft-private-limited-19856877
India,Silver Touch Technologies Ltd.,Silver,79 400227704,info@silvertouch.com,https://www.silvertouch.com/,"2nd Floor, Saffron Tower,",https://www.odoo.com/partners/silver-touch-technologies-ltd-2751460
India,TheERPbot,Ready,+91 9521502818,contact@theerpbot.com,https://www.theerpbot.com/,"Office no. 9, 4th Floor, Shrinath Mall, near Bajrangarh Circle, Ajmer-305001, Rajasthan, India",https://www.odoo.com/partners/theerpbot-19503268
India,Softhealer Technologies Private Limited,Gold,+91 93288 25451,sales@softhealer.com,https://softhealer.com,"530, West Gate 2, nr. Ayodhya Chowk, Krishna Society,",https://www.odoo.com/partners/softhealer-technologies-private-limited-13363635
Indonesia,4NET PRIMA SOLUSI,Ready,+62 21 57998749,marketing.odoo@4netps.co.id,https://www.4netps.co.id/,"GEDUNG EPICENTRUM WALK SOUTH 529 A, JL. HR RASUNA SAID, KARET KUNINGAN, SETIABUDI, KOTA ADM. JAKARTA SELATAN, DKI JAKARTA, 12940",https://www.odoo.com/partners/4net-prima-solusi-24248530
Indonesia,BITMATIC INOVASI TEKNOLOGI,Ready,,,,,https://www.odoo.com/partners/bitmatic-inovasi-teknologi-31908191
Indonesia,CITRA KREASI TEKNOLOGI INDONESIA,Ready,,,,,https://www.odoo.com/partners/citra-kreasi-teknologi-indonesia-25386335
Indonesia,Agata Jonle Internasional,Ready,+62 817-266-534,martin@agata.co.id,https://agata.co.id/,"GEDUNG ONE PACIFIC PLACE LT.11 JL JENDERAL SUDIRMAN KAV 52-53, SENAYAN, KEBAYORAN BARU, KOTA ADM. JAKARTA SELATAN, DKI JAKARTA, 12190",https://www.odoo.com/partners/agata-jonle-internasional-19126144
Indonesia,BINARI CIPTA SOLUSI,Ready,+62 816-1910-007,contact@binari-solusi.com,,"GEDUNG METROPOLITAN TOWER LT.19 UNIT B JL. RA KARTINI TB SIMATUPANG KAV 14 RT . 000 RW 000, CILANDAK BARAT, CILANDAK, KOTA ADM. JAKARTA SELATAN, DKI JAKARTA",https://www.odoo.com/partners/binari-cipta-solusi-21995057
Indonesia,Adi Data Informatika,Ready,+62 21 53660016,junus@adidata.co.id,http://www.adidata.co.id,"GEDUNG PERKANTORAN GRAHA KENCANA LT. 7, JL. RAYA PEJUANGAN, UNIT C, 88, KEBON JERUK",https://www.odoo.com/partners/adi-data-informatika-20131451
Indonesia,Artax,Silver,+62 811-3131-163,odoo@artax.id,,Ciputra World Office Tower 27th Floor Jl. Mayjend Sungkono,https://www.odoo.com/partners/artax-25021564
Indonesia,Data Labs Analytics,Ready,,,,,https://www.odoo.com/partners/data-labs-analytics-21658777
Indonesia,EBISNISKU MITRA CONSULTING,Ready,,,,,https://www.odoo.com/partners/ebisnisku-mitra-consulting-27195196
Indonesia,Ditama Teknologi Indonesia,Ready,(+62) 853 8251 6899,support@ditama.id,http://www.ditama.id,"18 OFFICE PARK LT 10 UNIT A JL TB SIMATUPANG, 18, KEBAGUSAN, PASAR MINGGU, KOTA ADM. JAKARTA SELATAN, DKI JAKARTA, 12520",https://www.odoo.com/partners/ditama-teknologi-indonesia-19053308
Indonesia,Edaptec Solusi Indonesia,Ready,+62 812-3574-874,"edaptec@gmail.com, Edaptec.info@gmail.com",https://www.edaptec.id/,"Jl Medokan Asri Utara, 7,10 [F-5]",https://www.odoo.com/partners/edaptec-solusi-indonesia-18807598
Indonesia,Alpha Solusi Teknologi,Ready,+62 821-1035-0461,aris@alphasoft.co.id,https://alphasoft.id,District 91 Unit A10 BSD Tangerang Selatan,https://www.odoo.com/partners/alpha-solusi-teknologi-2605306
Indonesia,Farobar Tekno Daya,Ready,,,,,https://www.odoo.com/partners/farobar-tekno-daya-20296643
Indonesia,Dwidasa Samsara Indonesia,Ready,+62 878-0678-8833,nurul.ismail@dwidasa.com,,"RUKO JALUR SUTERA, PAKUALAM, 29A, 53, PAKUALAM, SERPONG UTARA, KOTA TANGERANG SELATAN, BANTEN, 15335",https://www.odoo.com/partners/dwidasa-samsara-indonesia-16761076
Indonesia,Global Service Indonesia,Ready,+62 878-9000-4234,adm.proc@globalservice.co.id,http://globalserviceindonesia.co.id/,"JL RAYA BEKASI KM 22, CAKUNG BARAT, CAKUNG, KOTA ADM. JAKARTA TIMUR, DKI JAKARTA, 13910",https://www.odoo.com/partners/global-service-indonesia-16247554
Indonesia,HANARA PRIMA SOLUSINDO,Ready,,,,,https://www.odoo.com/partners/hanara-prima-solusindo-24518323
Indonesia,Falinwa Indonesia,Gold,+62 821-2292-7814,sales_indo@falinwa.com,https://www.falinwa.com,"Jalan Raya Daan Mogot No. 3M, Jelambar, Grogol Petamburan, Kota Administrasi Jakarta Barat, DKI Jakarta.",https://www.odoo.com/partners/falinwa-indonesia-1020053
Indonesia,Goja Solutions,Silver,+6281232348498 (Whatsapp),hello@gojasolutions.com,,"JENDERAL SUDIRMAN SCBD NO. 52-53, UNIT 78, LEVEL 1 PACIFIC PLACE MALL RT. 005 RW. 003, SENAYAN, KEBAYORAN BARU, KOTA ADM. JAKARTA SELATAN, DKI JAKARTA",https://www.odoo.com/partners/goja-solutions-6628480
Indonesia,Innovation Cloud Services (ICS Compute),Ready,+622150886328,sales@icscompute.com,https://www.icscompute.com/solutions/,"Menara Caraka Lt. 3, Jl. Mega Kuningan Barat Blok E.4.7 No. 1 Kawasan Mega Kuningan, Kuningan Timur, Setiabudi",https://www.odoo.com/partners/innovation-cloud-services-ics-compute-18342469
Indonesia,GLOBAL KREATIF INOVASI,Gold,+62 812-9172-0240,setyo@kreatifodoo.com,https://kreatifsolution.odoo.com/,"SOHO CAPITAL PODOMORO CITY, 19TH FLOOR, JALAN LETJEN S. PARMAN KAVLING 28, RT003/RW 005, TANJUNG DUREN SELATAN, GROGOL, PETAMBURAN, KOTA ADM JAKARTA BARAT, DKI JAKARTA",https://www.odoo.com/partners/global-kreatif-inovasi-23551357
Indonesia,KOLLAZ META NAWASENA,Ready,,,,,https://www.odoo.com/partners/kollaz-meta-nawasena-23550925
Indonesia,JUKE SOLUSI TEKNOLOGI,Silver,+622142878772,partnership@jukesolutions.com,https://jukesolutions.com/erp/odoo-implementation/,"JL. CEMPAKA PUTIH TENGAH I, -, 5 F, CEMPAKA PUTIH TIMUR, CEMPAKA PUTIH, KOTA ADM. JAKARTA PUSAT, DKI JAKARTA, 10510",https://www.odoo.com/partners/juke-solusi-teknologi-16831633
Indonesia,Arkana Indonesia,Gold,+62 812-3000-2326,sales@arkana.co.id,https://arkana.co.id,Jl. Ampera Raya No.50A,https://www.odoo.com/partners/arkana-indonesia-21049967
Indonesia,Merah Cipta Media,Ready,+62 811-9787-227,acroo@mcm.id,https://merahciptamedia.co.id/,"WISMA 77 TOWER 2 LT 3, JL LETJEND S PARMAN",https://www.odoo.com/partners/merah-cipta-media-16620011
Indonesia,Artsys Integrasi Solusindo,Ready,+62 817-6580-777,artsysid@gmail.com,http://www.artsys.id,"Gedung Grand Slipi Tower Jalan Letjen S Parman, Kav 22-24, Level 42 G, Palmerah, Palmerah",https://www.odoo.com/partners/artsys-integrasi-solusindo-3194232
Indonesia,Mirai Svarna Digital,Ready,+62 818-0882-8933,sales@miraitech.id,,"Pakubuwono Business Center, Jl. Ciledug raya No.99 B, Pakubuwono Terrace North Building Unit GF RT.012 RW.005 Cipulir, Kebayoran Lama, Kota Adm. Jakarta Selatan, DKI Jakarta",https://www.odoo.com/partners/mirai-svarna-digital-1677846
Indonesia,LOTHARIN DIGINEST UNILINK INDONESIA,Ready,,,,,https://www.odoo.com/partners/lotharin-diginest-unilink-indonesia-17569591
Indonesia,KRAKATAU INFORMATION TECHNOLOGY,Ready,,,,,https://www.odoo.com/partners/krakatau-information-technology-20962928
Indonesia,LinkedERP,Silver,+62 813-1936-1023,"ferry@linkederp.com, info@linkederp.com",http://www.linkederp.com,"Podomoro City, Ruko Mediterania GSA B/8DH",https://www.odoo.com/partners/linkederp-21543903
Indonesia,Metrocom Jaddi Technology,Ready,+62 811-1911-9658,"farras.putri@metrocomjaddi.com , ready@metrocomjaddi.com",http://www.metrocomjaddi.com,"Jl Prof. Dr. Supomo, SH 290, Menteng Dalam, Tebet, Kota Adm. Jakarta Selatan, DKI Jakarta, 12870",https://www.odoo.com/partners/metrocom-jaddi-technology-17565447
Indonesia,Lintang Utama Infotek,Ready,+62 8113084084,admin.odoo@lui.co.id,https://lui.co.id/,"JL. TYTYAN INDAH, A.2, 07, KALIBARU, MEDANSATRIA, KOTA BEKASI, JAWA BARAT, 17133",https://www.odoo.com/partners/lintang-utama-infotek-17727994
Indonesia,Mplus Solusi Perdana,Ready,+62 85174442142,ghina.devina@mplus.software,,"GEDUNG SOUTH QUARTER TOWER A LT 18 UNIT F & G, JL RA KARTINI KAV 8, CILANDAK BARAT, CILANDAK, KOTA ADM. JAKARTA SELATAN, DKI JAKARTA, 12430",https://www.odoo.com/partners/mplus-solusi-perdana-16238626
Indonesia,Prima Sistem Terpadu,Ready,,,,,https://www.odoo.com/partners/prima-sistem-terpadu-19728730
Indonesia,PT Berkah Teknologi Industri,Ready,,,,,https://www.odoo.com/partners/pt-berkah-teknologi-industri-17389542
Indonesia,Perseroan Terbatas - Badan Mapan Sukses Sejahtera,Ready,,,,,https://www.odoo.com/partners/perseroan-terbatas-badan-mapan-sukses-sejahtera-17736722
Indonesia,PT. Aruna Dirgantara Radhika,Silver,+62 813-1584-7119,kusuma.laura@gmail.com,https://exacc.biz/,"JL. LETJEND SOEPENO GRAND ITC PERMATA HIJAU B GROGOL UTARA, KEBAYORAN LAMA KOTA ADM. JAKARTA SELATAN DKI JAKARTA",https://www.odoo.com/partners/pt-aruna-dirgantara-radhika-14244914
Indonesia,Probus Teknologi Indonesia,Ready,+62 851-5927-9917,info@probus.id,,"TIERRA SOHO 3RD FLOOR UNIT D-20, JL. RAYA DARMO HARAPAN I, KOTA SURABAYA, 60187",https://www.odoo.com/partners/probus-teknologi-indonesia-28117973
Indonesia,PT. Cakkavala Solusi Teknologi,Ready,+62 811-5778-911,admin@expertri.id,https://expertri.id/,"NAKHODA NO. 3 RT. 003 KARANG MUMUS, SAMARINDA KOTA KOTA SAMARINDA KALIMANTAN TIMUR",https://www.odoo.com/partners/pt-cakkavala-solusi-teknologi-17181646
Indonesia,PT. Doodex Jaya Makmur,Ready,+62 878-6142-2689,odoo@doodex.net,https://doodex.net/,Gedung SOR Pesona Merapi Jl. Kapten Haryadi KM Sinduharjo Ngaglik Kab. Sleman Daerah Istimewa Yogyakarta,https://www.odoo.com/partners/pt-doodex-jaya-makmur-29971625
Indonesia,Portcities Indonesia,Gold,+62 812 1176 5068,"id@portcities.net, finance-indonesia@portcities.net, jia-zhun@portcities.net",https://portcities.net/r/GcQ,"RINJANI, 2B, BENDUNGAN, GAJAHMUNGKUR, KOTA SEMARANG, JAWA TENGAH, 50231",https://www.odoo.com/partners/portcities-indonesia-21988673
Indonesia,PT. Gmath Pro Indonesia,Ready,+62 819-9949-8564,gmathpro@gmail.com,,"L'Avenue Office Tower, Lantai 27 Unit C, Jalan Raya Pasar Minggu Kav. 16, Pancoran, Kota Adm. Jakarta Selatan DKI Jakarta",https://www.odoo.com/partners/pt-gmath-pro-indonesia-25227221
Indonesia,PT. Eka Reka Palakerti Indonesia (ERP Indonesia),Ready,+62 822-1000-3774,anang@erpindonesia.co.id,https://erpindonesia.com/,Jl. Bukit Wisnu no 7,https://www.odoo.com/partners/pt-eka-reka-palakerti-indonesia-erp-indonesia-1753357
Indonesia,PT Inti Teknologi Informasi,Ready,,,,,https://www.odoo.com/partners/pt-inti-teknologi-informasi-8833985
Indonesia,PT. KENCANA CAHAYA GANDEWA,Ready,,,,,https://www.odoo.com/partners/pt-kencana-cahaya-gandewa-19798967
Indonesia,PT HIT Digital Indonesia,Silver,+62 811-1900-3371,marketing@hitdigital.id,http://www.hitdigital.id/,Gedung Office 8 Lt 10 Jl. Jenderal Sudirman Kav 52-53 RT. 008 RW. 003,https://www.odoo.com/partners/pt-hit-digital-indonesia-7649288
Indonesia,PT. Inspirasi Cipta Teknologi,Silver,+62 812-1497-107,i2cstudio.id@gmail.com,https://www.i2cstudio.com/,Jln. Mekar Permai II no. 6 - Mekar Wangi,https://www.odoo.com/partners/pt-inspirasi-cipta-teknologi-23644820
Indonesia,PT. Maksi Integrasi Teknologi,Ready,+62 818-8284-2888,admin@maksitech.id,,"KOMPLEK SANGGAR HURIP - JL. SANGGAR KENCANA VIII No.3 JATI SARI, BUAHBATU KOTA BANDUNG JAWA BARAT",https://www.odoo.com/partners/pt-maksi-integrasi-teknologi-15346525
Indonesia,PT. Abajoo Transformasi Teknologi,Silver,+62 851-7963-4700,info@mail.abajoo.co.id,http://www.abajoo.co.id,"CIKUNIR RAYA, JALAN H. NAPIAH NOMOR 6 RT. 003 RW. 003 JAKAMULYA, BEKASI SELATAN",https://www.odoo.com/partners/pt-abajoo-transformasi-teknologi-17355404
Indonesia,PT. KAI TEKNOLOGI APLIKATIF,Silver,,,,,https://www.odoo.com/partners/pt-kai-teknologi-aplikatif-19625003
Indonesia,PT. MEDIATAMA INDO TEKNOLOGI,Ready,,,,,https://www.odoo.com/partners/pt-mediatama-indo-teknologi-26926683
Indonesia,PT. Max Solusindo Jaya,Ready,,,,,https://www.odoo.com/partners/pt-max-solusindo-jaya-22543003
Indonesia,Naska Jala Dewa,Ready,+62 21 29308321,partner@naska.id,http://naska.id,"Jl. Raya Puspiptek Panorama Serpong, B1, 6, RT 001/RW 006, Bakti Jaya, Setu, Kota Tangerang Selatan, Banten, 15344",https://www.odoo.com/partners/naska-jala-dewa-20249955
Indonesia,PT. PRIMA SAKTI AGRO,Ready,,,,,https://www.odoo.com/partners/pt-prima-sakti-agro-30745851
Indonesia,PT. ROYAN BYTESOURCE INDONESIA,Silver,,,,,https://www.odoo.com/partners/pt-royan-bytesource-indonesia-20070239
Indonesia,PT. Shooe Digital Tech Indonesia,Ready,,,,,https://www.odoo.com/partners/pt-shooe-digital-tech-indonesia-23625525
Indonesia,PT REZIUM DIGITAL NUSANTARA,Ready,+62 813-4839-1733,mrezapahlevi19@gmail.com,,"JL. PROF MOH YAMIN NO.7, RENON, BALI RT. 000 RW. 000, RENON, DENPASAR SELATAN",https://www.odoo.com/partners/pt-rezium-digital-nusantara-32988687
Indonesia,RAYA HIDUP MANDIRI,Ready,,,,,https://www.odoo.com/partners/raya-hidup-mandiri-23810433
Indonesia,PT Supertype Teknologi Nusantara,Ready,,,,,https://www.odoo.com/partners/pt-supertype-teknologi-nusantara-28771716
Indonesia,SAMAFITRO,Ready,,,,,https://www.odoo.com/partners/samafitro-24570748
Indonesia,PUNDI MAS BERJAYA,Ready,,,,,https://www.odoo.com/partners/pundi-mas-berjaya-27415699
Indonesia,PT. Xapiens Teknologi Indonesia,Gold,+622129770900,"Hana.Yulianti@xapiens.id, Geraldus.Silalahi@xapiens.id, reno.sasongko@xapiens.id",https://xapiens.id/,"GEDUNG MITRA LT. 4, JL JEND. GATOT SUBROTO KAV. 21",https://www.odoo.com/partners/pt-xapiens-teknologi-indonesia-16075927
Indonesia,PT. UNRAVEL CONSULTING INDONESIA,Silver,+62 813-2524-6808,hi@1ravel.com,https://1ravel.com/,"SOVEREIGN PLAZA LT.8 UNIT A, JL. TB SIMATUPA CILANDAK BARAT, CILANDAK KOTA ADM. JAKARTA SELATAN DKI JAKARTA",https://www.odoo.com/partners/pt-unravel-consulting-indonesia-17018485
Indonesia,Sinergi Karya Solusindo,Gold,+6281296268950,andri.tan@sinerka.id; admin@sinerka.id,https://www.sinerka.id/,"JL. TEKNO WIDYA BOULEVARD TEKNO, D, 01, SETU, SETU",https://www.odoo.com/partners/sinergi-karya-solusindo-18978507
Indonesia,Sinergi Tuntas Solusi,Ready,+62 813-2411-2290,info@sinergituntassolusi.com,https://sinergituntassolusi.com/,Menara Batavia Lt. 12A Jl. K.H. Mas Mansyur Kav. 126 Karet Tengsin Tanah Abang,https://www.odoo.com/partners/sinergi-tuntas-solusi-14905685
Indonesia,SINAR APLIKASI JAYA LAKSANA,Silver,08119171999,info@readytogo.id,http://readytogo.id,"JALAN KESEHATAN RAYA NO 8 RT.003 RW.006, PETOJO SELATAN, GAMBIR, JAKARTA PUSAT",https://www.odoo.com/partners/sinar-aplikasi-jaya-laksana-22559216
Indonesia,SPEKTRUM INOVASI TEKNOLOGI,Ready,,,,,https://www.odoo.com/partners/spektrum-inovasi-teknologi-23599645
Indonesia,Sun Artha Putra Mandiri,Ready,,,,,https://www.odoo.com/partners/sun-artha-putra-mandiri-17817885
Indonesia,Solvix Teknologi Digital,Ready,,,,,https://www.odoo.com/partners/solvix-teknologi-digital-19823014
Indonesia,Sinergi Data Totalindo,Gold,+62811 997 381,arimatea@dynamic.co.id,https://sinergidata.co.id/,"TALAVERA OFFICE PARK LT. 28, JL. TB. SIMATUPANG KAV. 22-26, CILANDAK BARAT, CILANDAK",https://www.odoo.com/partners/sinergi-data-totalindo-888726
Indonesia,THINQ TECHNOLOGY MILIK BERSAMA,Ready,+62 813-8243-7894 or +62 857-1178-2579,thinqindonesia@gmail.com,http://www.thinq-tech.id,"PLAZA SUMMARECON BEKASI LEVEL 7 JALAN BULEVARD AHMAD YANI KAV, K.01 RT. 000 RW.000, HARAPANMULYA, MEDANSATRIA, KOTA BEKASI",https://www.odoo.com/partners/thinq-technology-milik-bersama-24755786
Indonesia,Unotek Dimensi Mandiri,Ready,+628111404019,erywibowo@unotek.co.id,https://www.unotek.co.id/,"GEDUNG KIRANA TWO LT.10A JL. BOULEVARD TIMUR NO.88, PEGANGSAAN DUA, KELAPA GADING, KOTA ADM. JAKARTA UTARA, DKI JAKARTA,14250",https://www.odoo.com/partners/unotek-dimensi-mandiri-17180038
Indonesia,(TILabs) Technology Innovation Labs .PT,Ready,+62 811-593-2882,info@tilabs.id,http://tilabs.id,"Jalan Orchid Ruko Cleon Park Unit 8, Cakung Timur, Cakung",https://www.odoo.com/partners/tilabs-technology-innovation-labs-pt-17038275
Indonesia,VISI INTECH INDONESIA,Silver,+62 21 58354481,finance.team@visi-intech.id,https://www.visi-intech.com/odoo/,"JALAN PURI KEMBANGAN RAYA NOMOR 10 E, KEMBANGAN SELATAN, KEMBANGAN, KOTA ADM. JAKARTA BARAT, DKI JAKARTA, 11610",https://www.odoo.com/partners/visi-intech-indonesia-20165493
Iraq,Al-Lamam Information Technology,Silver,+964 780 916 1645,lamam.co.ltd@gmail.com,http://www.allamam.com,Almansour st17,https://www.odoo.com/partners/al-lamam-information-technology-17402138
Iraq,1Creative Business Management Solution,Ready,,,,,https://www.odoo.com/partners/1creative-business-management-solution-28730315
Iraq,Anutech,Ready,+9647867007030,info@anu.ltd,http://www.Anu.ltd,"Ali Al-Salih 406 , 52 , 3 Close to 14th of Ramadan Bridge",https://www.odoo.com/partners/anutech-17264381
Iraq,Al-Sanaya Al-Arabia for Software and Information Technology,Ready,+964 770 261 1717,ahmad.hasan@sanayatechs.com,http://sanayatechs.com,"Baghdad: Sinaa Street 6th Floor, Al-Masar Building - Basra: Istiklal Street",https://www.odoo.com/partners/al-sanaya-al-arabia-for-software-and-information-technology-16136078
Iraq,BITCO,Ready,+964 7737427709,azher.a@bitco.co,https://bitco.co,"609 locally, Street 24, House 4, Al Mansour District",https://www.odoo.com/partners/bitco-8038075
Iraq,Al-Tina company,Ready,+90 552 372 19 84,usama.samarrayi@tina-iq.com,https://tina-iq.com/software,"47 Sinaa St, Karrada",https://www.odoo.com/partners/al-tina-company-12187365
Iraq,Al-Taif Alteqani Company for Software Ltd.,Silver,+964 783 000 3322,info@altaifalteqani.com,http://www.altaifalteqani.com,Karrada Al-Sharqiya,https://www.odoo.com/partners/al-taif-alteqani-company-for-software-ltd-12449322
Iraq,Abranik Software Technology,Gold,+964 770 157 0462,rozhgar.latif@abranik.com,http://www.abranik.com,Office 7 - Floor 1 - Mix Tower N | Darwaza City,https://www.odoo.com/partners/abranik-software-technology-6023752
Iraq,Arcella Telecom,Ready,+964 751 758 8575,odoo@arcellaco.com,http://arcellatelecom.com,"214 Italian Village2, Erbil, Kurdistan Region, Iraq",https://www.odoo.com/partners/arcella-telecom-11954497
Iraq,Entity Management System,Silver,+964 750 351 3758,info@ems-erp.com,http://ems-erp.com,"100m str, opposite to Family Mall, business office",https://www.odoo.com/partners/entity-management-system-15126667
Iraq,Dot Future,Ready,9647504728732/9647706700173,presales@dot-future.com,http://www.dot-future.com,"Office 7, Floor 8, Building T3",https://www.odoo.com/partners/dot-future-3666070
Iraq,Advicts,Gold,+964 773 7880 880,odoo@advicts.com,http://advicts.com/,"Erbil Branch: 577, ITALIAN 2 COMPOUND, 120M ST. ERBIL, KURDISTAN REGION OF IRAQ.",https://www.odoo.com/partners/advicts-4302382
Iraq,Dartodia,Silver,+964 770 061 6392,qutaiba.adnan@dartodia.com,http://dartodia.com,Al-Harithya,https://www.odoo.com/partners/dartodia-21179252
Iraq,Ever Digital for General Trading Ltd.,Ready,+964 750 225 7777,info@ever-digital.com,https://www.ever-digital.com,"Empire Business Tower, T4 - Floor 2, Office No. 5 - Empire World",https://www.odoo.com/partners/ever-digital-for-general-trading-ltd-22607617
Iraq,Business Cloud,Silver,+964 770 925 8169,husam.rafid@sahabatalaamal.com,,"Building 151, Lane 15",https://www.odoo.com/partners/business-cloud-1737901
Iraq,Future Of Technology,Gold,+964 781 111 7305,manar.z@ft.iq,https://odoo.ft.iq/,Baghdad - Erbil - Najaf Iraq,https://www.odoo.com/partners/future-of-technology-12629377
Iraq,EJAF Technology,Gold,+964 750 233 2419,a.rabee@ejaftech.iq,http://www.ejaftech.iq,"Erbil Branch 1: 40m Rd, Dream City, Villa #1201 / Erbil Branch 2: Empire Business Tower, T3 Floor 12 - Office 6",https://www.odoo.com/partners/ejaf-technology-1549920
Iraq,EasyBooks Iraq Ltd,Silver,+964 770 243 2828 / +9647502007111,info@easybooks-iq.com,http://easybooks-iq.com,"Sulaymaniyah, Ashti, Xala Haji Roundabout, Black House Building, Second Floor, Apt No.1 .",https://www.odoo.com/partners/easybooks-iraq-ltd-1333489
Iraq,Honey Bird for IT Solutions,Ready,+964 772 133 3866,info@honey-bird.net,http://honey-bird.net,"Gulan street, Quattro tower",https://www.odoo.com/partners/honey-bird-for-it-solutions-14796006
Iraq,Iraq Soft,Ready,+964 7748087705,hamed@iraq-soft.com,http://iraq-soft.com,Iraq - Baghdad - Al-Sina'a Street / Adjacent to the University of Technology - Marjan Institute Street,https://www.odoo.com/partners/iraq-soft-21836633
Iraq,Magic Quantum,Ready,+964 770 277 7001,zaid.hadi@magic-quantum.com,https://www.magic-quantum.com/,Bureau No. B12 – bldg. 10,https://www.odoo.com/partners/magic-quantum-16934951
Iraq,Golden Lead Stay,Ready,+964 770 536 2244,info@goldenleadstay.com,http://goldenleadstay.com,Palestine St.,https://www.odoo.com/partners/golden-lead-stay-23477846
Iraq,ITech,Silver,+964 7828000549,ibrahim.muwafaq@i-tech-iq.com,,Al-Harthyia,https://www.odoo.com/partners/itech-11805190
Iraq,MiroTech for IT LTD,Ready,+964 770 141 6261,info@mirotech.com,http://www.mirotech.com/,Kurdistan,https://www.odoo.com/partners/mirotech-for-it-ltd-30031307
Iraq,Innovation Corner for Business Solutions,Ready,+964 750 290 0006,saman.hassan@ic-bs.com,http://ic-bs.com,"The Boulevard, B1, Erbil, Iraq",https://www.odoo.com/partners/innovation-corner-for-business-solutions-14331945
Iraq,KPIS Consulting and Finance Services,Silver,+964 7869466802,info@moashirat.com,https://moashirat.com/,"Iraq, Baghdad, Al Mansour, Anwar Al Mansour, Floor4, Office #405",https://www.odoo.com/partners/kpis-consulting-and-finance-services-13841036
Iraq,MaliaTec Al Iraqiya,Ready,+964 770 256 6008,peterchalhoub@maliagroup.com,http://maliagroup.com,"Italian Village 1, Villa 351",https://www.odoo.com/partners/maliatec-al-iraqiya-12454764
Iraq,Master Minds,Ready,+964 7719138339,Talent@mastermindsiraq.com,https://mastermindsiraq.com/,yarmook,https://www.odoo.com/partners/master-minds-13297675
Iraq,Sama Ard Alfurat,Ready,+964 784 110 0600,Dev@samaardalfurat.com,http://samaardalfurat.com,Mansour,https://www.odoo.com/partners/sama-ard-alfurat-3585125
Iraq,Netgate-Iraq,Ready,+964 772 555 8654,technical@netgate-iraq.com,http://netgate-iraq.com,شارع الصناعة,https://www.odoo.com/partners/netgate-iraq-18019849
Iraq,Najah Al-Mustathmr LTD Co.,Silver,+964 783 836 3706,info-odoo@najahalmustathmr.com,http://www.najahalmustathmr.com,الطويسة ، شارع اللجنة الاولمبية,https://www.odoo.com/partners/najah-al-mustathmr-ltd-co-17963504
Iraq,Origami Solutions,Silver,+964 750 721 4666 - +964 773 707 1515,sales@origami-iq.com,https://origami-iq.com/,Erbil-Ankawa /Baghdad-Almnsour,https://www.odoo.com/partners/origami-solutions-5377233
Iraq,Mesopo Agency,Ready,+9647762003003 +9647500448444,info@mesopo.net,http://www.mesopo.net,"Phoenix Tower, Floor 4, office 414",https://www.odoo.com/partners/mesopo-agency-20338933
Iraq,Promo Media Agency,Ready,+964 750 335 3252,info@promo-agency.co,http://promo-agency.co,Wavey Avenue Block C Floor 12th Office 5,https://www.odoo.com/partners/promo-media-agency-19612584
Iraq,Techno House IT Solutions,Ready,+964 7810602660,admin@technohouseiq.com,http://technohouseiq.com,Baghdad: Karrada Dakhil - Diamond Mall,https://www.odoo.com/partners/techno-house-it-solutions-14328333
Iraq,TAMM for Information and Communication Technology,Ready,+964 770 393 7747,ceo@tamm.com.iq,http://tamm.com.iq,baghdad,https://www.odoo.com/partners/tamm-for-information-and-communication-technology-20316630
Iraq,Statements Company,Ready,+964 751 440 6959,eyad.turk@statementsco.com,http://statementsco.com,"Wavy Avenue , A2 Office 2",https://www.odoo.com/partners/statements-company-11966873
Iraq,Techno Pro,Ready,+964 750 091 0902,info@techno-proiq.com,http://www.techno-pros.com,"West Park Complex, Erbil, Kurdistan Region of Iraq",https://www.odoo.com/partners/techno-pro-24208499
Iraq,Uruk Engineering Services Co. Ltd,Silver,+964 783 320 3496,saif.khalid@urukco.com,https://www.urukco.com/,"Building 25 Street No.1, Districit 609",https://www.odoo.com/partners/uruk-engineering-services-co-ltd-4419883
Iraq,Ultimate Software Solution,Ready,+964 750 818 0590,yousif@usofts.com,https://usofts.com,"128 District, Ankawa",https://www.odoo.com/partners/ultimate-software-solution-12702751
Iraq,UpKnowledge,Ready,+964 773 877 7449,info@upknowledgeco.com,http://www.upknowledgeco.com,Al-Doora District,https://www.odoo.com/partners/upknowledge-19754031
Iraq,ProviderX,Ready,+964 777 555 1176,info@providerx.tech,http://www.providerx.tech,Al-Jamea District,https://www.odoo.com/partners/providerx-6452095
Ireland,Mainline Solutions Limited,Ready,,,,,https://www.odoo.com/partners/mainline-solutions-limited-26087949
Ireland,Smart Information Technologies Ireland,Ready,+44 7718 125402,ireland@smart-ltd.co.uk,https://smart-ltd.co.uk/,Skybridge House - Dublin Airport,https://www.odoo.com/partners/smart-information-technologies-ireland-7169712
Ireland,Combined Media Company,Ready,,,,,https://www.odoo.com/partners/combined-media-company-7935359
Ireland,Fusion Technologies Ltd,Ready,,,,,https://www.odoo.com/partners/fusion-technologies-ltd-30819612
Ireland,Valeordo,Ready,+353 86 679 4862,smcdonnell@valeordo.com,http://valeordo.com,Monaleen Road,https://www.odoo.com/partners/valeordo-16382021
Ireland,Cirrus ERP Ltd,Ready,+353872266124,admin@cirruserp.ie,http://datacam.ie,Mountain Lodge,https://www.odoo.com/partners/cirrus-erp-ltd-2065746
Ireland,Target Integration Ltd.,Ready,+353 1 886 5684,ie@targetintegration.com,http://www.targetintegration.com,"3015 Lake Dr, Citywest",https://www.odoo.com/partners/target-integration-ltd-15389
Ireland,Numla,Ready,,,,,https://www.odoo.com/partners/numla-7778145
Israel,Apropos,Ready,,,,,https://www.odoo.com/partners/apropos-18747484
Israel,GCCTEAM - GLOBALCOMPUTERS COMMUNICATION TEAM LTD,Ready,,,,,https://www.odoo.com/partners/gccteam-globalcomputers-communication-team-ltd-24316935
Israel,Ygol InternetWork,Ready,+972.3.720.8818,yves@ygol.com,http://www.ygol.com,Ha-Yahalom 40,https://www.odoo.com/partners/ygol-internetwork-456804
Israel,D!Gi - Digital with an Agenda ltd.,Ready,,yoram@digitale.co.il,,,https://www.odoo.com/partners/d-gi-digital-with-an-agenda-ltd-17988095
Israel,Scale Up Right,Ready,+972 54-632-1302,leon@scaleupright.com,https://www.scaleupright.com/,Rabbi Meir St. 18A,https://www.odoo.com/partners/scale-up-right-9246954
Israel,Retama | Resilient Software Solutions,Silver,+972 765994500,office@retama.co.il,https://retama.co.il,Haenergia 77,https://www.odoo.com/partners/retama-resilient-software-solutions-5304954
Israel,AI1 | All in One Enterprise Solutions,Silver,+972 54-430-6526,karim@kad.is,,Avigayil St 8,https://www.odoo.com/partners/ai1-all-in-one-enterprise-solutions-23082751
Israel,Bizzup - Gilliam Management Services & Information Systems Ltd.,Silver,+972 54-574-5271,lg@bizzup.app,https://bizzup.odoo.com/,32 Kehilat Padova,https://www.odoo.com/partners/bizzup-gilliam-management-services-information-systems-ltd-7605647
Israel,Layline Tech,Gold,+972 9-975-2211,office@laylinetech.com,http://www.laylinetech.com,Harishonim 3,https://www.odoo.com/partners/layline-tech-1845894
Italy,ALTAnet srl,Ready,,,,,https://www.odoo.com/partners/altanet-srl-13166788
Italy,Avvale S.p.A.,Silver,,,,,https://www.odoo.com/partners/avvale-s-p-a-12627672
Italy,CASPIAN STRATEGIES & IT MANAGEMENT SRL,Silver,,,,,https://www.odoo.com/partners/caspian-strategies-it-management-srl-21724740
Italy,CLICKODE SOCIETA’ COOPERATIVA,Ready,+39 051 082 7432,segreteria@clickode.it,https://www.clickode.com,"Via Galileo Galilei, 2",https://www.odoo.com/partners/clickode-societa-cooperativa-1003740
Italy,BNOW SRLS,Ready,+39 011 1911 8023,info@bnow.it,http://bnow.it,"via G. Donizetti, 26",https://www.odoo.com/partners/bnow-srls-7623375
Italy,B2T S.r.l.,Silver,+39 329 3462094,odoo@b2t.it,https://www.b2t.it/,Via Cadorna 25/D,https://www.odoo.com/partners/b2t-s-r-l-7220479
Italy,A.B.C. srl,Silver,+39 0924 509218,v.scarlata@abcstrategie.it; g.eterno@abcstrategie.it; i.cusumano@abcstrategie.it,https://abcstrategie.odoo.com/,Via Canapè 20,https://www.odoo.com/partners/a-b-c-srl-4885615
Italy,Bagubits Srls,Silver,+39 392 751 6034,info@bagubits.it,https://www.bagubits.it,Via Carlo Chiapello 1,https://www.odoo.com/partners/bagubits-srls-6636921
Italy,Ati Comunicazione,Silver,+39 347 041 7754,angelo.alabiso@aticomunicazione.it,https://aticomunicazione.it,Via Oltrecolle 145,https://www.odoo.com/partners/ati-comunicazione-7434170
Italy,BLOOMUP SRL,Silver,+39 055 535 1222,commerciale@bloomup.it,https://www.bloomup.it/,"Via Pratese, 213",https://www.odoo.com/partners/bloomup-srl-7400695
Italy,Codestorm Srl,Silver,+390384938583,odoo@codestorm.it,http://codestorm.it,Via Bernardo Quaranta 45,https://www.odoo.com/partners/codestorm-srl-8946892
Italy,Codice Colombo Srl,Ready,,,,,https://www.odoo.com/partners/codice-colombo-srl-25512294
Italy,Denani Srl,Silver,,,,,https://www.odoo.com/partners/denani-srl-11749716
Italy,DC Engineering,Silver,+390828671096,info@dcsystem.it,http://www.dcsystem.it,Via Vanvitelli 13,https://www.odoo.com/partners/dc-engineering-5926874
Italy,CodexWare S.r.l.,Ready,08119849123,info@codexware.com,http://codexware.com,Via Santo Spirito 22/C,https://www.odoo.com/partners/codexware-s-r-l-19223199
Italy,Digital Automations srl,Silver,+39 351 348 9714,odoo@digitalautomations.it,http://www.digitalautomations.it,Via Del Gazzato 20/8,https://www.odoo.com/partners/digital-automations-srl-4363495
Italy,e.RATIO,Ready,+39 080 314 7346,info@eratio.it,https://www.eratio.it/,"Via Bari, 150",https://www.odoo.com/partners/e-ratio-5926790
Italy,Digiduu S.r.l.,Gold,+39 0444 1834081,chiedi@digiduu.com,https://www.digiduu.it/,"Via Zamenhof, 200",https://www.odoo.com/partners/digiduu-s-r-l-15891421
Italy,EsseTech marchio by DueEsseTi Srl,Silver,+39 333 652 0821,gzarbo@essetech.net,http://www.essetech.net,Via del Seprio 42,https://www.odoo.com/partners/essetech-marchio-by-dueesseti-srl-5274566
Italy,Dinamiche Aziendali Srl,Ready,+39 338 357 7158,mconte@dinamicheaziendali.it;,http://www.dinamicheaziendali.it,"Via G.Porzio, 4",https://www.odoo.com/partners/dinamiche-aziendali-srl-724492
Italy,Globalist Technology,Ready,+39 340 572 1694,r.delgatto@gb-technology.com,https://gb-technology.com/,"Via G.Garibaldi, 35",https://www.odoo.com/partners/globalist-technology-7748091
Italy,iDigital3,Silver,,,,,https://www.odoo.com/partners/idigital3-15494184
Italy,Foreach SRL,Silver,,,,,https://www.odoo.com/partners/foreach-srl-13706319
Italy,KeyType Srl,Silver,+39 02 30613071,info@keytype.it,https://www.keytype.it/,Viale Certosa 218,https://www.odoo.com/partners/keytype-srl-13829491
Italy,LINEA COMPUTERS Srl,Ready,,,,,https://www.odoo.com/partners/linea-computers-srl-12366605
Italy,Intesys S.r.l.,Ready,,,,,https://www.odoo.com/partners/intesys-s-r-l-19812337
Italy,KH Project&Solutions srl,Ready,+39 0444 021675,info@khps.it,https://www.khps.it/,Galleria Crispi 41,https://www.odoo.com/partners/kh-project-solutions-srl-3194854
Italy,HOVERTURE SRL,Gold,+39 06 450 3673,info@rapsodoo.com; amministrazione@hoverture.com,https://www.rapsodoo.com,Via Aurelia 547,https://www.odoo.com/partners/hoverture-srl-31118927
Italy,Huroos Srl,Gold,+39 342 004 5936,f.ranieri@huroos.com,https://www.huroos.com,Via Guglielmo Marconi 12,https://www.odoo.com/partners/huroos-srl-7274999
Italy,LIMEPEAK,Ready,,,,,https://www.odoo.com/partners/limepeak-20393433
Italy,Net Informatica S.r.l.,Ready,0445 192 2130,commerciale@net-informatica.it,http://www.net-informatica.it,"Via Prà Bordoni, 46",https://www.odoo.com/partners/net-informatica-s-r-l-12195693
Italy,Nextev S.r.l.,Ready,,,,,https://www.odoo.com/partners/nextev-s-r-l-1036293
Italy,Mistral Digital Solutions,Ready,,,,,https://www.odoo.com/partners/mistral-digital-solutions-19329080
Italy,Novi Data Srl,Silver,+393489238523,commerciale@novidata.it; amministrazione@novidata.it,http://www.novidata.it,via Dalton 40,https://www.odoo.com/partners/novi-data-srl-1208935
Italy,Maia Management,Ready,,info@maiamanagement.it,,,https://www.odoo.com/partners/maia-management-17377850
Italy,Lobra S.r.l.,Ready,,,,,https://www.odoo.com/partners/lobra-s-r-l-2491691
Italy,NPT di Neves Parrottino,Ready,,,,,https://www.odoo.com/partners/npt-di-neves-parrottino-2182640
Italy,NUVIAX SRL,Ready,,,,,https://www.odoo.com/partners/nuviax-srl-21974337
Italy,NSA ITALIA S.R.L.,Ready,+39 06 8402 5061,business@nesea.it,https://nesea.it,VIA BENOZZO GOZZOLI 92/A,https://www.odoo.com/partners/nsa-italia-s-r-l-19673226
Italy,Nexapp S.r.l.,Silver,+39 351 538 4793,zsimonetti@webeasytech.com,https://easytechgroup.it/odoo/,Largo Adua 1,https://www.odoo.com/partners/nexapp-s-r-l-1276126
Italy,PixelStudio SRL,Ready,,,,,https://www.odoo.com/partners/pixelstudio-srl-17363834
Italy,PROGRESSO SRL,Ready,,,,,https://www.odoo.com/partners/progresso-srl-2435058
Italy,PCCube srl,Ready,+39 335 778 4826,rconte@pccube.com,https://www.pccube.com/about-us/,Via della vite 41,https://www.odoo.com/partners/pccube-srl-2720312
Italy,Planet Soluzioni srl,Ready,,info@plansol.it,,,https://www.odoo.com/partners/planet-soluzioni-srl-18215341
Italy,Revoldata S.R.L.,Ready,+39 329 735 6113,odoo@revoldata.it,http://revoldata.it,VIA PASQUINELLI N 2/A,https://www.odoo.com/partners/revoldata-s-r-l-16543917
Italy,QMIND SRL,Ready,+39 0432 163 8759,info@qmind.it,http://www.qmind.it,VIA FRANCESCO MANTICA 6,https://www.odoo.com/partners/qmind-srl-21483737
Italy,Openforce srl,Gold,+39 02 21119472,alessandrocamilli@openforce.it,http://openforce.it,"Via Mercantini, 2",https://www.odoo.com/partners/openforce-srl-1986856
Italy,Pixora S.r.l.,Gold,+39 095 3285402,info@pixora.it,https://www.pixora.it/,"Via Vittorio Emanuele da Bormida, 51",https://www.odoo.com/partners/pixora-s-r-l-6751254
Italy,S-ERP,Ready,,,,,https://www.odoo.com/partners/s-erp-12374179
Italy,SYTEL REPLY,Ready,,v.paci@reply.it,,,https://www.odoo.com/partners/sytel-reply-9302591
Italy,SOLUVIA SRL,Ready,,,,,https://www.odoo.com/partners/soluvia-srl-26680389
Italy,Teuron S.r.l.,Ready,+39 055 010 8332,info@teuron.it,http://teuron.it,"Via Cherzani, 16",https://www.odoo.com/partners/teuron-s-r-l-1823944
Italy,THERA S.r.l.,Ready,+39 348 223 7071,maurizio.panighello@thera.srl,http://thera.srl,Via Saccon di Lia 35b,https://www.odoo.com/partners/thera-s-r-l-12664138
Italy,Teksistemi s.r.l.,Ready,,,,,https://www.odoo.com/partners/teksistemi-s-r-l-8973772
Italy,To Bee srl,Silver,+39 0815635366,ivano@3d0.it,,Via Pomigliano N° 2,https://www.odoo.com/partners/to-bee-srl-19947818
Italy,Trizero,Ready,,,,,https://www.odoo.com/partners/trizero-16382643
Italy,SYDEA S.r.l.,Silver,+39 393 242 1308,amministrazione@sydea.com,https://www.sydea.it/,"Via Edith Stein, 7",https://www.odoo.com/partners/sydea-s-r-l-11171274
Italy,UNITIVA SRL,Gold,+39 081 658 1180,amministrazione@unitiva.it,https://unitiva.it,Via Medina 40,https://www.odoo.com/partners/unitiva-srl-5470915
Italy,Webcircles srl,Silver,,info@webcircles.it,,,https://www.odoo.com/partners/webcircles-srl-6265148
Italy,Webmonks S.r.l.,Ready,,,,,https://www.odoo.com/partners/webmonks-s-r-l-3745208
Italy,wedoo s.r.l.,Ready,,info@we-doo.it,,,https://www.odoo.com/partners/wedoo-s-r-l-26471455
Italy,Withub s.p.a,Ready,+39 051 648 6632,team-odoo@withub.it,https://www.withub.it,Via Rubens 19,https://www.odoo.com/partners/withub-s-p-a-10371390
Italy,QuickStart2 Srl,Silver,+39 031 035 2090,l.guerra@quickstart2.com,https://www.quickstart2.com,"Via Cecilio, 2",https://www.odoo.com/partners/quickstart2-srl-9923744
Italy,STeSI Consulting,Gold,800 88 10 32,info@stesi.consulting,http://www.stesi.consulting,C.so Francesco Ferrucci,https://www.odoo.com/partners/stesi-consulting-2649749
Jamaica,Lzign Limited,Ready,+1 876-881-9326,johnsonlav@lzign.com,http://lzign.com,9 Lounsbury Ave,https://www.odoo.com/partners/lzign-limited-30839217
Jamaica,Softbridge Solutions Ltd.,Ready,+1 876-328-8717,info@softbridgeja.com,https://softbridgeja.odoo.com/,"4 Leonard Road, Kingston 10",https://www.odoo.com/partners/softbridge-solutions-ltd-16017139
Jamaica,M Mobile Lab limited,Silver,8764206736,mjohnson@mobile-lab.org,https://www.mobile-lab.org/,"59 ½ Mannings Hill Road, Kingston 8.",https://www.odoo.com/partners/m-mobile-lab-limited-4420481
Jamaica,SWIT Global Consultants,Ready,+1 876-361-8601,info@switglobal.net,,"Suite 7, 4 Torrington Avenue",https://www.odoo.com/partners/swit-global-consultants-16207435
Jamaica,SupportCrewe,Ready,+1(888)735-2250,robinson@caryllcrewe.com,,Port Antonio PO Box 54,https://www.odoo.com/partners/supportcrewe-20079017
Jamaica,ALLNETWORKS JAMAICA,Ready,+509 48 24 0846,Odoojm@allnetworks.com,,Jamaica,https://www.odoo.com/partners/allnetworks-jamaica-11219368
Jamaica,PaperLess Solutions Limited,Silver,+1 876-478-5172,start@paperless360.com,https://paperless.odoo.com/,22B Old Hope Rd.,https://www.odoo.com/partners/paperless-solutions-limited-2880570
Japan,ALUBENA TERRA Inc.,Silver,+81 70-9308-4810,odoo@alubena-terra.com,https://www.alubena-terra.com/,215-0032,https://www.odoo.com/partners/alubena-terra-inc-21264119
Japan,Aria Enterprise,Ready,,esab@ariaenterprise.com,https://odoojapan.aria-e.co/,220-0012,https://www.odoo.com/partners/aria-enterprise-949360
Japan,"VTI JAPAN CO., LTD",Ready,,,,,https://www.odoo.com/partners/vti-japan-co-ltd-27655338
Japan,ALUBENA Inc.,Ready,03-6774-6974,alubena_odoo@alubena.com,,1000006,https://www.odoo.com/partners/alubena-inc-3778682
Japan,Falinwa Limited Japan,Ready,,japan@falinwa.com,,170-0002,https://www.odoo.com/partners/falinwa-limited-japan-16477994
Japan,Port Cities Japan K.K.,Ready,03-6272-3820,jp@portcities.net,https://portcities.net/r/QLA,1000005,https://www.odoo.com/partners/port-cities-japan-k-k-3759981
Jordan,Lava Solutions,Ready,+962 7 9933 0980,hamzeh@lavasolutions.com,https://www.lavasolutions.com/,"King Abdullah ll Street, King Hussein Business Park, Bldg. 10 – Second Floor, Ammann , Jordan",https://www.odoo.com/partners/lava-solutions-5870757
Jordan,Autographics Co,Silver,"+962 79 6721569, +962 6 5532483, +962 6 5531600",info@autographics-inc.com,http://autographics-inc.com,"Al-Sweifieh, Salah As Suhaymat Str, Park Plaza, 7th Floor, Office No. 703, P.O Box 17105, Amman 11195, Jordan",https://www.odoo.com/partners/autographics-co-10371914
Jordan,Levateq,Ready,+962 7 98404622,aj@levateq.com,https://levateq.com,Amman,https://www.odoo.com/partners/levateq-5423709
Jordan,ArtiKeys,Ready,+962770107000/+962 6 402 0202,info@artikeys.com,,"Hayat Building, University Street, Tlaa AL-Ali Amman, Jordan",https://www.odoo.com/partners/artikeys-17977234
Jordan,Alnada Jordan Investment,Ready,+962.799.70.1619,info@alnada.org,http://alnada.org,Shmaisany,https://www.odoo.com/partners/alnada-jordan-investment-18429998
Jordan,Agile Consulting,Silver,+962797826829 \ +962795071343,abdalrahman.barakat@agilemena.com,http://www.agilemena.com,"8th Circle, Prs. Tharwat Street, Saudi Complex",https://www.odoo.com/partners/agile-consulting-19387995
Jordan,AlShayeb Partners,Silver,+962 7 9862 2761,info@alshayebco.com,https://www.alshayebco.com/,Prince Muhammad St 255-249,https://www.odoo.com/partners/alshayeb-partners-19640716
Jordan,Jordan Computer Trading Company,Ready,+962 6 464 3896,software@jocom.jo,https://software.jocom.jo/,"Building #8, Omar Al Khyyam St., Al Weibdeh",https://www.odoo.com/partners/jordan-computer-trading-company-3478327
Jordan,Matalqa CPAs,Ready,+962 7 9994 9926,info@matalqa.com,https://matalqa.com/,Amman,https://www.odoo.com/partners/matalqa-cpas-20434019
Jordan,Flex Ops,Gold,+962778250825,fares.saffarini@flex-ops.com,http://www.flex-ops.com,Mecca Street - Hajjar Aswad complex Office 105,https://www.odoo.com/partners/flex-ops-5853393
Jordan,Minerets Tech,Ready,+966 50 335 7890,s.shahwan@minerets.com,http://minerets.com,11941 Jordan,https://www.odoo.com/partners/minerets-tech-14621491
Jordan,Prosys software solutions,Ready,+962 7 8589 3934,info@prosysjo.com,,Jordan - Amman - Al-Madina Al-Tibbiyya Street,https://www.odoo.com/partners/prosys-software-solutions-17629369
Jordan,ORO Enterprise,Ready,+962 7 9529 9496,fares.h@oroenterprise.com,https://www.oroenterprise.com,Amman,https://www.odoo.com/partners/oro-enterprise-12823236
Jordan,Pinnacle Innovation IT Consulting,Ready,+962 7 9927 5658,sales@pijordan.com,https://www.fraxnet.com/,"P.O.Box 927094,",https://www.odoo.com/partners/pinnacle-innovation-it-consulting-2751389
Jordan,Midaad Consultation,Silver,96278925487,info@midaad.com,http://www.midaad.com,Mecca Street,https://www.odoo.com/partners/midaad-consultation-7723666
Jordan,SoftwareBank,Ready,+962 7 7752 7852,info@softwarebankme.com,,20 Shat Al Arab Street,https://www.odoo.com/partners/softwarebank-24106922
Jordan,Smartech Solutions,Ready,+962 7 9866 3013,info@smartech-co.com,,Amman,https://www.odoo.com/partners/smartech-solutions-24986557
Jordan,Unitex Controls,Ready,+962 7 9556 2221,firas.obeido@unitexcontrols.io,,muneer abdeen,https://www.odoo.com/partners/unitex-controls-22519769
Jordan,Re-structure Tech,Gold,+962 7 99147472,info@retechjo.com,https://www.retechjo.com/,Madinah Street,https://www.odoo.com/partners/re-structure-tech-9220628
Jordan,Smart Way Business Solutions,Gold,+962 6 523 1318,odoo@smartway.co,https://www.smartway.co,Shafa Badran Street,https://www.odoo.com/partners/smart-way-business-solutions-543505
Jordan,STRIDE Business Solutions,Ready,+962 7 8683 8387,admin@stridebs.com,https://www.stridebs.com,"King Hussein Business Park, King Abdullah II St 242",https://www.odoo.com/partners/stride-business-solutions-14430101
Jordan,TechYouKnow,Ready,+962 7 9914 9261,Suleiman.mosleh@techyouknow.com,http://Techyouknow.com,"2th Floor, Anshasi Building No28, Sate’ Al Husari St.",https://www.odoo.com/partners/techyouknow-12266268
Jordan,End Point Soft,Ready,+962 7 98324267,odoo@endpointsoft.com,https://endpointsoft.com/,Amman,https://www.odoo.com/partners/end-point-soft-18461202
Kazakhstan,AtyrauTechInvest,Silver,+7 771 002 5444,info@atikz.com,http://www.atikz.com,Dosmukhammedov str 2,https://www.odoo.com/partners/atyrautechinvest-20385460
Kazakhstan,NORSEC Delta Projects,Ready,+7 712 231 5566,g.pastukhov@norsec.kz,http://norsec.kz,"Nursaya microdistrict, Kenzhebay Madenova st., 7A",https://www.odoo.com/partners/norsec-delta-projects-12098517
Kazakhstan,AppStream LLP,Silver,+7 777 140 2314,info@appstream.kz,http://www.appstream.kz,10 Dinmukhamed Kunayev St,https://www.odoo.com/partners/appstream-llp-11242099
Kenya,Gravity Wave Solutions Ltd,Ready,,,,,https://www.odoo.com/partners/gravity-wave-solutions-ltd-32873655
Kenya,Elewa,Ready,,,,,https://www.odoo.com/partners/elewa-13676124
Kenya,ACCSOFT SOLUTIONS LTD,Ready,,,,,https://www.odoo.com/partners/accsoft-solutions-ltd-24317326
Kenya,Animatrix ERP Solutions Ltd,Silver,+254 722 351288,ab@animatrixafrica.com,https://animatrixafrica.com,Baobab Road,https://www.odoo.com/partners/animatrix-erp-solutions-ltd-3694421
Kenya,Forty Seven C Financial Consultants Limited,Ready,,,,,https://www.odoo.com/partners/forty-seven-c-financial-consultants-limited-25806072
Kenya,ERP business-sys ltd,Ready,0718509735,raj@business-sys.com,,The Mirage Tower 2,https://www.odoo.com/partners/erp-business-sys-ltd-15588607
Kenya,ABN Consulting Group,Ready,+254 719 884215,info@abn.consulting ; sydney@abn.consulting,http://www.abn.consulting,"Nextgen Mall, Office M 28B, Mombasa Road",https://www.odoo.com/partners/abn-consulting-group-26775694
Kenya,ADIteK Infotech Limited,Silver,+254774842248,info@aditekit.com,,"81, Parklands Road",https://www.odoo.com/partners/aditek-infotech-limited-13133273
Kenya,Advance Insight Kenya,Gold,+31 6 2722 5606‬,sales@advanceinsight.dev,https://www.advanceinsight.dev/,"Jacaranda Avenue 22, Lavington",https://www.odoo.com/partners/advance-insight-kenya-6557402
Kenya,ATLANCIS Technologies,Ready,+254205132100,edward.Irura@atlancis.com,https://www.atlancis.com/,"5th Floor Top Plaza,",https://www.odoo.com/partners/atlancis-technologies-2397742
Kenya,MeshBA Ltd,Ready,+254 703 557379,arun.balasundaram@meshbaco.com,,"AK 119, Slip Road, Off Wayaki Way, Westlands",https://www.odoo.com/partners/meshba-ltd-24678216
Kenya,Kola Technologies Ltd Kenya,Ready,+254768471502 / +254758296965,ke@kolapro.com,http://www.kolapro.com,"Limuru Road, Building: Suraj Plaza, Starehe District",https://www.odoo.com/partners/kola-technologies-ltd-kenya-14909574
Kenya,Magnolia Technology Solutions,Silver,+254 745818250,info@magnolia.co.ke ; ann.njeri@magnolia.co.ke,https://www.magnolia.co.ke,"Mpesi Lane, Westlands",https://www.odoo.com/partners/magnolia-technology-solutions-9128690
Kenya,Innovus Tech Consultants Limited,Silver,+254 722 659121,odoo@innovus.co.ke,http://innovus.co.ke/,"Nkrumah Road, Mombasa Trade Center, South Tower, 9th Floor",https://www.odoo.com/partners/innovus-tech-consultants-limited-2100937
Kenya,InventX Limited,Ready,,,,,https://www.odoo.com/partners/inventx-limited-27557445
Kenya,Muse Lab LTD,Ready,+254 724 378976,merciematu@gmail.com,,Karengata Park Gate 47,https://www.odoo.com/partners/muse-lab-ltd-24375504
Kenya,Integrity Business Outsourcing Solutions,Ready,+254 728 111 432,bijal@ibos.co.ke,http://www.ibos.co.ke,PO Box 98112,https://www.odoo.com/partners/integrity-business-outsourcing-solutions-818982
Kenya,Nexo Solutions Limited,Ready,,,,,https://www.odoo.com/partners/nexo-solutions-limited-23693651
Kenya,Kylix Technologies Ltd,Ready,+254 789 622602,jokech@kylix.online,https://kylix.online,P. O. Box 5304,https://www.odoo.com/partners/kylix-technologies-ltd-6324237
Kenya,PRISAQ LTD,Ready,,,,,https://www.odoo.com/partners/prisaq-ltd-29666461
Kenya,Sainath Solutions Ltd.,Ready,+254 799 154414,jaisnair1972@gmail.com,http://www.sainathsolutions.com/,"B10, SUMMIT APARTMENTS,",https://www.odoo.com/partners/sainath-solutions-ltd-2074572
Kenya,Techno Brain (SEZ) Group,Ready,+254733171455,"nandan@technobraingroup.com,adoyo.makanga@technobraingroup.com",,"P.O. Box No.57666-00200, Unit Number 3.1, 3rd Floor,Unit 3.1, North Tower, Two Rivers",https://www.odoo.com/partners/techno-brain-sez-group-15507445
Kenya,Synergy Application & Services,Ready,+254799501602,odoo@saas.co.ke,,"Kenyatta Avenue, Lydia Arcade",https://www.odoo.com/partners/synergy-application-services-8947470
Kenya,Simplify IT,Ready,+254722706701,gmunene@simplifyit.co.ke,https://www.simplifyit.co.ke,"2nd Floor, Abcon House, Masaba Road, LowerHill",https://www.odoo.com/partners/simplify-it-1154998
Kenya,Trinate Global Limited,Gold,+254703146469 / +254780146469,elen.shah@trinateglobal.com,http://trinateglobal.com/,"Mayfair Suites, 1st floor, Suite no.3, Parklands Road, Westlands.",https://www.odoo.com/partners/trinate-global-limited-1659735
Kenya,Wanaag Solutions Ltd,Ready,+254728657020,wanaagsolutions@gmail.com,https://wanaag.odoo.com/,3rd Parklands Avenue,https://www.odoo.com/partners/wanaag-solutions-ltd-8499430
Kenya,SERPENTCS AFRICA LTD,Silver,0705883463,info@erpbox-solutions.com,,P.O. BOX 254705883463,https://www.odoo.com/partners/serpentcs-africa-ltd-11045553
Kosovo,BERIX L.L.C.,Ready,,,,,https://www.odoo.com/partners/berix-l-l-c-29208423
Kosovo,Zero | Kosovo,Ready,+355 69 23 56 809,kosovo@zeroo.expert,https://www.zero.com.al,"Connect - Ukshin Hoti, Prishtina 10000",https://www.odoo.com/partners/zero-kosovo-10157619
Kosovo,EasySolutions SHPK,Ready,,,,,https://www.odoo.com/partners/easysolutions-shpk-27355887
Kosovo,Numinco Solutions,Ready,,,,,https://www.odoo.com/partners/numinco-solutions-28174740
Kuwait,One Iteration for Technical and computer services,Silver,+965 6516 4020,info@one-iteration.com,http://www.One-iteration.com,Nouf Tower Floor 10 Office 2 - Jaber al mubarak Street,https://www.odoo.com/partners/one-iteration-for-technical-and-computer-services-3223177
Kuwait,GLOBAL BRAND CO FOR COMPUTERS WLL,Ready,+965 504 44078,khsalah@globalbrandkw.com,http://www.globalbrandkw.com,Tunis street,https://www.odoo.com/partners/global-brand-co-for-computers-wll-21221402
Kuwait,Kernel IT Solutions L.L.C,Silver,+965 2226 1299 +971588269811,os@kernelme.com,http://kernelme.com,"Fahad Al Salem St, Al Qibla Area",https://www.odoo.com/partners/kernel-it-solutions-l-l-c-18235996
Kuwait,Hulul project management LLC,Silver,+965 6964 6499,contact@hulul.me,,"Fahad Al-Salem Street, Al-Salam Tower, 18th Floor",https://www.odoo.com/partners/hulul-project-management-llc-16897930
Kuwait,Shaghaf,Ready,+965 9859 9027,m.hussain@shaghaf.co,https://www.shaghaf.co,Al Soor Street - Block 13 - Plot 9 - Sahara Tower 4th Floor,https://www.odoo.com/partners/shaghaf-21890363
Kuwait,Dynamic Solutions - KW,Ready,+965 6566 8071,admin@dsq8.com,https://dynamicsolutionsq8.com/,Tunis Street,https://www.odoo.com/partners/dynamic-solutions-kw-15572449
Kuwait,Centrix Plus Integrated Solution,Silver,+965 2208 5405,info@centrixplus.com,https://centrixplus.com/,"Kuwait City , Kuwait",https://www.odoo.com/partners/centrix-plus-integrated-solution-7601641
Kuwait,MicroSolutions Kuwait,Silver,+965 66955679,webinfo@mskuwait.com,https://mskuwait.com,"Mubarak Complex, Abdulla Abdullataif Al Othman St, Hawally",https://www.odoo.com/partners/microsolutions-kuwait-7002599
Kuwait,Pro Comrades,Silver,+965 9604 5454,info@procomrades.com,https://www.procomrades.com/,"Bin Khaldoon St 17, Yousif Complex, Floor 1, Office 3",https://www.odoo.com/partners/pro-comrades-11554227
Kuwait,Walnut Software Solutions,Gold,+96550664994,info@walnutit.com,http://www.walnutit.com,"Hamad Alsaqr Street, Kharafi Tower, 9th Floor",https://www.odoo.com/partners/walnut-software-solutions-5787955
Kuwait,Eco Tech,Silver,+96599757254,nada@ecotechq8.com,http://www.ecotechq8.com/,"Kuwait City, Sharq, Ahmad Al Jaber St., Dar Alawadhi Tower, 2nd Floor",https://www.odoo.com/partners/eco-tech-2663045
Laos,"Laooddoo Co., Ltd.",Ready,+856 20 78 944 995,info@laooddoo.com,http://laooddoo.com,"Nongbone Rd, Kolao Tower 2, 9th Floor, Nongbone village, Saysettha District",https://www.odoo.com/partners/laooddoo-co-ltd-3143312
Latvia,Allegro IT,Ready,,,,,https://www.odoo.com/partners/allegro-it-2085484
Latvia,Lailio Solutions SIA,Ready,+37167717566,info@lailio.com,https://lailio.software/en,Mūkusalas 41,https://www.odoo.com/partners/lailio-solutions-sia-2024248
Latvia,"Devtouch!, SIA",Ready,,,,,https://www.odoo.com/partners/devtouch-sia-18302756
Latvia,Midis RSEZ,Silver,+371 291 002 36,odoo@midis.eu,http://midis.eu/,"Viļakas iela 1,",https://www.odoo.com/partners/midis-rsez-1306266
Lebanon,ERP Factory SARL,Ready,+961 76 687 007,contact@erp-factory.co,http://www.erp-factory.co,Beirut,https://www.odoo.com/partners/erp-factory-sarl-6230432
Lebanon,ERPify Cloud Solutions,Ready,,,,,https://www.odoo.com/partners/erpify-cloud-solutions-9380679
Lebanon,El Haceb,Ready,+961 1 736 173,whariri@haceb.com.lb,http://haceb.com.lb,Hamra,https://www.odoo.com/partners/el-haceb-15210314
Lebanon,Analyb,Silver,+96181237688,info@analyb.com,https://www.analyb.com/,Bsalim,https://www.odoo.com/partners/analyb-2656944
Lebanon,Bee Consulting,Ready,+961 71 410 451,admin@consultingbeegroup.com,https://www.consultingbeegroup.com/,Old Saida Road,https://www.odoo.com/partners/bee-consulting-20341249
Lebanon,ERP Cloud S.a.r.l,Silver,+961 5 459 982,ali.atwi@erpxcloud.com,http://erpcloudllc.com,"Akkawi Center, Hazmieh",https://www.odoo.com/partners/erp-cloud-s-a-r-l-9316455
Lebanon,Credobyte,Silver,+961 4 710 505,info@credobyte.com,https://credobyte.com,"B-28 Center, Second Floor",https://www.odoo.com/partners/credobyte-9406223
Lebanon,Fekra Media,Ready,,,,,https://www.odoo.com/partners/fekra-media-30334312
Lebanon,Extreme Business,Ready,+961 3 115 844,info@extremeaudit.com,http://extremeaudit.com,Lebanon Tripoli Dam&Farez,https://www.odoo.com/partners/extreme-business-16926350
Lebanon,EDM – Engineering Design & Manufacturing,Gold,+961 3 729 105,info@edm.com.lb,https://edm-tech.com/,"Unesco, Saeb Salam Av.",https://www.odoo.com/partners/edm-engineering-design-manufacturing-775700
Lebanon,Global Technology Solutions,Ready,+961 1 900 044,kamil.geadah@gtslb.com,http://gtslb.com,Nahr El Mout,https://www.odoo.com/partners/global-technology-solutions-11799415
Lebanon,IT Cherry Co.,Ready,+961 1 375 105,h.haidar@itcherry.net,http://www.itcherry.net,"Blue Building, 5th floor – Omar Bin Abdul-Aziz Street – Hamra",https://www.odoo.com/partners/it-cherry-co-6896490
Lebanon,ITOS,Silver,+961 71 504 667,management@itos-me.com,http://itos-lb.com,Jomaizeh,https://www.odoo.com/partners/itos-7586001
Lebanon,JAB GROUPS S.A.L,Ready,+40 746 995 418,samer@jabgroups.com,,"139, Berlin St, 2nd Flr",https://www.odoo.com/partners/jab-groups-s-a-l-27159473
Lebanon,INOVIA,Ready,+961 3 256 323,hello@inoviadev.com,,Tripoli,https://www.odoo.com/partners/inovia-9506492
Lebanon,Circosoft,Silver,+961 81 825 170,info@circosoft.net,,"Lebanon - Beirut, Ain Mreisse, Mina 365 Bldg",https://www.odoo.com/partners/circosoft-17039461
Lebanon,Keeways S.A.R.L.,Ready,+961 70 913 435,info@keeways.com,https://keeways.com/,Sodeco Street,https://www.odoo.com/partners/keeways-s-a-r-l-18311977
Lebanon,MALIATEC S.A.L,Ready,,,,,https://www.odoo.com/partners/maliatec-s-a-l-28178861
Lebanon,KC Industrial Solutions,Ready,+961 70 804 322,khaled@kciss.com,https://kciss.com/,"Saydeh Street, Sin el Fil",https://www.odoo.com/partners/kc-industrial-solutions-18311950
Lebanon,Novium SARL,Ready,+961 3 524 091,info@novium.io,https://www.aegionglobal.com,"Broumana 44th Street, 970 building",https://www.odoo.com/partners/novium-sarl-22608882
Lebanon,Plennix Technologies,Gold,+961 71 559 054,sales.lebanon@plennix.com,https://www.plennix.com,"9th Floor, Symposium Center, Sin El Fil",https://www.odoo.com/partners/plennix-technologies-6482788
Lebanon,Tecomsa S.A.L.,Gold,+961 1 399 996,odoo@tecomsa.me,https://tecomsa.me/,"Badaro, Beirut, Lebanon",https://www.odoo.com/partners/tecomsa-s-a-l-2245530
Lebanon,SOFTQUE SARL,Ready,+961 71 254 353,admin@softque.tech,https://www.softque.tech,Hadath,https://www.odoo.com/partners/softque-sarl-14819599
Lebanon,The Industrial Kingdom,Ready,+961 3 621 813,valerie.zakka@theindustrialkingdom.com,https://theindustrialkingdom.com/,"Berytech Bldg, Mar Roukoz P.O.Box Riad El Solh, Beirut",https://www.odoo.com/partners/the-industrial-kingdom-26676294
Lebanon,Weave Wider,Ready,+961 70 431 271,arida@weavewider.com,,"Trillium Beirut, Block C, 6th Floor, Pierre Gemayel Avenue, Corniche El Nahr, Beirut",https://www.odoo.com/partners/weave-wider-22525492
Lebanon,UTILIC ENTERPRISE DMCC,Silver,+961 71 000 664,a.abouzeid@utilicenterprise.com,https://www.utilicenterprise.com,"DMCC Business Center L1, Jewerly & Gemplex 3",https://www.odoo.com/partners/utilic-enterprise-dmcc-14248235
Lebanon,Azkatech,Gold,+9613123977,info@azka.tech,https://azka.tech,"Victoria Tower Building, 4th Floor, Before Fiat Bridge, Pierre Gemayel, Corniche El Nahr,",https://www.odoo.com/partners/azkatech-1740990
Lebanon,NavyBits,Silver,+961 81 920 075,info@navybits.com,http://www.navybits.com,"Bahsas, Jamal Abdul Nasser Street - Talal Center - 1st floor",https://www.odoo.com/partners/navybits-1148678
Lebanon,Zyrado,Ready,+46 70 057 78 89,info@zyrado.com,,Dekwaneh,https://www.odoo.com/partners/zyrado-24759283
Lebanon,ZmaestroERP,Ready,+961 81 813444,hhmedeh@zmaestro.com,https://zmaestroerp.com/,Hazmiyeh Square Center,https://www.odoo.com/partners/zmaestroerp-13132626
Lebanon,QUANTUM TRADING CO,Ready,+961 3 215 295,ibrahim@quantum.cc,http://www.quantum.cc,Boulevard Saeb Salam,https://www.odoo.com/partners/quantum-trading-co-22518109
Libya,Sahab Company for Communications and Information Technology,Silver,+218916994488,odoo@sahab.ly,http://www.sahab.ly,الدائري الثالث - السراج,https://www.odoo.com/partners/sahab-company-for-communications-and-information-technology-11151203
Libya,Gazzal Libya,Ready,+218 91-0443444,fathi.azouz@gazzal.ly,,Tripoli,https://www.odoo.com/partners/gazzal-libya-10459633
Libya,Saed Global,Silver,+218 91-0336069,sales@saedglobal.ly,http://saedglobal.ly/,Al Nofleen,https://www.odoo.com/partners/saed-global-9962460
Libya,Fogits Libya,Ready,+218 91-1443500,marhaba@fogits.ly,http://www.fogits.ly,"Jarabah Road, Noflieen,",https://www.odoo.com/partners/fogits-libya-25843469
Libya,Al-Ijtihad International for Financial Services & Information Technology,Ready,,m.erkhies@alejtehad.com,,,https://www.odoo.com/partners/al-ijtihad-international-for-financial-services-information-technology-16264599
Libya,Maxab,Ready,+218 91-4058811,info@maxb.ly,https://www.maxb.ly/,Office 603 - Sixth Floor - Al-Safwa Building - Jeraba Street - Tripoli,https://www.odoo.com/partners/maxab-14374557
Libya,Mizan Consultancy & training,Silver,+218 92-5574101,info@mizan.com.ly,http://Mizan.com.ly,"Fifth Floor Office 4, Alsalam Building, 23 July street,, in Front of 7 October Hospital.",https://www.odoo.com/partners/mizan-consultancy-training-5080857
Libya,GIGA LTD,Ready,+218 91-4690024,info@giga.ly,http://www.giga.ly,Al-Kahf Street,https://www.odoo.com/partners/giga-ltd-3902463
Libya,Hemfa Company,Ready,+218 91-0300003,a.alzarog@hemfa.com,http://hemfa.com,"V6J8+RW4, Wessaayt abderri Road, Tripoli",https://www.odoo.com/partners/hemfa-company-3980361
Libya,Cubes Libya,Silver,+218 91-5688884,Info@cubes.ly,https://erp.cubes.ly,النوفليين - بجانب السوق الأرضي,https://www.odoo.com/partners/cubes-libya-3890964
Libya,Wakib Technical Solutions,Ready,+218 92-7211148,info@wakib.ly,http://www.wakib.ly,"Tripoi, Jaraba Street, Alsafwa building, Office 304",https://www.odoo.com/partners/wakib-technical-solutions-23246774
Libya,Websers Technology,Gold,+90 552 726 90 67,admin@websers.ly,http://websers.ly,Istanbul,https://www.odoo.com/partners/websers-technology-13319874
Libya,Streamline Technology Ltd,Silver,+218 92 0924268,odoo@streamline.com.ly,http://www.streamline.com.ly,"Ahmed Rafiq Al Mehdawi St,",https://www.odoo.com/partners/streamline-technology-ltd-2435015
Libya,TechnoMates,Ready,+218915600111,info@tmict.com,,غوط الشعال - بالقرب من جزيرة الدائري,https://www.odoo.com/partners/technomates-2772534
Libya,Tag Technology Ltd,Ready,+218 91-9051755,info@tag.com.ly,https://tagtechnology.odoo.com/,السبعة,https://www.odoo.com/partners/tag-technology-ltd-17300860
Lithuania,"HardChain, MB",Ready,+37065042261,info@rocketfixer.com,https://www.rocketfixer.com/,Paukščių Tak. 2A-40,https://www.odoo.com/partners/hardchain-mb-777463
Lithuania,"UAB ""SANDAS""",Ready,+370 650 59077,info@sandas.lt,https://sandas.lt,Smolensko g. 6,https://www.odoo.com/partners/uab-sandas-1977109
Lithuania,"Umina LT, MB",Ready,+370 670 59401,tomas@umina.eu,https://www.umina.eu,"Saulėtekio al. 15, Technologijų parkas",https://www.odoo.com/partners/umina-lt-mb-4769611
Lithuania,Honestus UAB,Ready,+370 663 69955,info@honestus.lt,http://www.honestus.lt/,Girulių g. 10,https://www.odoo.com/partners/honestus-uab-2220340
Lithuania,"Via laurea, UAB",Gold,+370 46 302530,info@vialaurea.com,https://www.vialaurea.com,Kuosų g. 16 - 95,https://www.odoo.com/partners/via-laurea-uab-3693063
Lithuania,Versada UAB,Silver,+370 37 245885,info@versada.eu,http://www.versada.eu,Gedimino g. 46A-9,https://www.odoo.com/partners/versada-uab-387815
Lithuania,"Devtouch!, UAB",Silver,+370 679 50071,aidas@devtouch.lt,http://devtouch.lt,Vytenio st. 22-309,https://www.odoo.com/partners/devtouch-uab-7898398
Lithuania,"Avakompas, UAB",Ready,+37067397800,algirdas@avakomp.lt,http://avakomp.lt,J. Galvydžio g. 5,https://www.odoo.com/partners/avakompas-uab-10451163
Luxembourg,B.L.E.V. Sàrl,Ready,+32 474 75 71 20,bk@blev.lu,http://www.blev.lu,Am Dueref 48,https://www.odoo.com/partners/b-l-e-v-sarl-2328412
Luxembourg,Cyberioo S.à r.l.,Ready,,,,,https://www.odoo.com/partners/cyberioo-s-a-r-l-9998304
Luxembourg,Cellenza Luxembourg SAS,Ready,+32 494 22 22 60,jeremy.meisch@cellenza.com,,"11, Rue des Trois Cantons",https://www.odoo.com/partners/cellenza-luxembourg-sas-16590640
Luxembourg,C2D System House Luxembourg s.a.,Ready,+352 20 20 26 75,odoo@c2d.eu,https://www.c2d.eu,"3, op der Poukewiss",https://www.odoo.com/partners/c2d-system-house-luxembourg-s-a-4658985
Luxembourg,Doo by Fiscoges,Ready,+352 45 93 49 35,christophe.driess@doobyfiscoges.lu,https://www.doobyfiscoges.lu,"Rue principale, 9",https://www.odoo.com/partners/doo-by-fiscoges-22834198
Luxembourg,IT Consultancy Sàrl,Silver,+352 20 60 26 661,info@it-c.lu,http://www.it-c.lu/,21 rue de Garnich,https://www.odoo.com/partners/it-consultancy-sarl-4094989
Luxembourg,EM-ERP Sarls,Silver,+352666777224,info@elomab.com,https://www.elomab.com/,11 Rue de l'industrie,https://www.odoo.com/partners/em-erp-sarls-14726041
Luxembourg,By-Doo - Groupe IBGraf,Silver,,,,,https://www.odoo.com/partners/by-doo-groupe-ibgraf-14511481
Luxembourg,Captivea Luxembourg,Gold,+352 20 33 41 42,contactlu@captivea.com,https://www.captivea.com/fr_FR/odoo/odoo-partner-luxembourg,4 Rue Samuel Beckett,https://www.odoo.com/partners/captivea-luxembourg-7180742
Luxembourg,MATICS,Ready,,,,,https://www.odoo.com/partners/matics-24392893
Luxembourg,NSI Luxembourg PSF,Ready,+352 32 42 39 9150,odoo@nsi.lu,http://nsi.lu,"25, Rue Henri Koch",https://www.odoo.com/partners/nsi-luxembourg-psf-16747724
Luxembourg,Linadoo,Ready,,,,,https://www.odoo.com/partners/linadoo-29703976
Luxembourg,Metrum,Gold,+352 26 00 87 01,info@metrum.lu,https://www.metrum.lu,"Rue du Kiem, 153-155A",https://www.odoo.com/partners/metrum-976137
Luxembourg,SimplyCIT,Ready,+352671045717,info@simplycit.lu,,"28, Rue des Etats-Unis",https://www.odoo.com/partners/simplycit-823781
Luxembourg,Smart PME,Ready,,,,,https://www.odoo.com/partners/smart-pme-14712807
Luxembourg,Optitoo,Silver,+352 39 53 99 1,info@optitoo.lu,https://www.optitoo.lu/,53 Route d'Arlon,https://www.odoo.com/partners/optitoo-15332972
Luxembourg,Sinfony SA,Silver,+352 661 406 977,antoine.ngo@sinfony.eu,,"4, RUE DU FORT WALLIS",https://www.odoo.com/partners/sinfony-sa-4454724
Luxembourg,Squareflow,Ready,+32 468 54 33 31,alexandre.carrera@squareflow.lu,,"Rue du puits Romain, 33",https://www.odoo.com/partners/squareflow-14600529
Luxembourg,Acsone Luxembourg,Silver,+352 20 21 10 20,info@acsone.eu,https://www.acsone.eu,Zone Industrielle 22,https://www.odoo.com/partners/acsone-luxembourg-25266
Madagascar,Captivea Madagascar,Ready,,,,,https://www.odoo.com/partners/captivea-madagascar-31900719
Madagascar,Falinwa Madagascar,Ready,,,,,https://www.odoo.com/partners/falinwa-madagascar-28069967
Madagascar,Ingenosya Business Services,Silver,+261 32 05 693 62,contact@ingenosya.mg,http://www.ingenosya.com,Lot III U 134 Anosizato EST 101,https://www.odoo.com/partners/ingenosya-business-services-1004709
Madagascar,eTECH,Silver,+261 34 19 620 90,odoo@etechconsulting-mg.com,http://www.etechconsulting-mg.com,"Immeuble Trade Tower Ivandry, Antananarivo 101 – MADAGASCAR",https://www.odoo.com/partners/etech-954943
Madagascar,KASIA SARL,Silver,+261 34 32 994 32,contact@kasia.mg,https://kasia.mg/,"Rez-de-chaussé, Bâtiment Q2",https://www.odoo.com/partners/kasia-sarl-5646729
Madagascar,Nexources,Gold,+261 (0) 38 94 094 59,nexources@nexources.com,https://www.nexources.com/,22 Rue Andrianary Ratianarivo,https://www.odoo.com/partners/nexources-4235507
Malaysia,Byetime Consulting and Solution (M) Sdn Bhd,Ready,+60 17-313 3284,kianwee@byetime.ai,https://byetime.ai/,"47, Jalan Setia Permai U13/42C,",https://www.odoo.com/partners/byetime-consulting-and-solution-m-sdn-bhd-28859415
Malaysia,Forth North Technologies Sdn Bhd,Ready,,,,,https://www.odoo.com/partners/forth-north-technologies-sdn-bhd-20803529
Malaysia,GENTECH AI SDN. BHD.,Ready,+60 12-321 2833,simon@gentech-ai.com,,Level 19 Boutique Office 1-D (Bo1D) Menara 2,https://www.odoo.com/partners/gentech-ai-sdn-bhd-25821997
Malaysia,Alitec Solutions Sdn Bhd,Ready,+60327123253,admin@alitec.asia,https://www.alitec.sg/,"Wisma S P Setia, (A) C3-0315, Jalan Indah 15, Taman Bukit Indah",https://www.odoo.com/partners/alitec-solutions-sdn-bhd-11379552
Malaysia,Flow Digital,Ready,+60 17-888 1055,hello@flowdigital.my,,"MeHub 28, 3, Jalan PJU 5/4, Dataran Sunway",https://www.odoo.com/partners/flow-digital-18725907
Malaysia,BROWSEINFO MALAYSIA PLT,Ready,+60-0340432576,malaysia@browseinfo.in,,"255 JALAN MAAROF,",https://www.odoo.com/partners/browseinfo-malaysia-plt-5576824
Malaysia,Grenapps Solutions Sdn. Bhd.,Ready,,,,,https://www.odoo.com/partners/grenapps-solutions-sdn-bhd-27288910
Malaysia,EASY OUTDESK SDN. BHD.,Ready,+60 10-277 5642,safi@easyoutdesk.com,https://easyoutdesk.com/,"IKON CONNAUGHT, L5-17. 160, Jalan Cerdas, Taman Connaught.",https://www.odoo.com/partners/easy-outdesk-sdn-bhd-23899799
Malaysia,Boyang Consultancy Services SDN.BHD,Ready,+60 14-667 1931,contact@boyangcs.com,https://boyangcs.com/,"Suite 21,1B-15, Block 1B, Level 15, Plaza Sentral, Jalan Stesen Sentral 5",https://www.odoo.com/partners/boyang-consultancy-services-sdn-bhd-26508084
Malaysia,Hayago Tech Sdn Bhd,Ready,+60197096436,hello@hayago.tech,https://hayago.tech/,WORQ KL Gateway,https://www.odoo.com/partners/hayago-tech-sdn-bhd-22344957
Malaysia,Computs Sdn Bhd,Gold,+60 3-7733 7735,sales@computs.com.my,http://www.computs.com.my,"14-1, Jalan Wan Kadir 4",https://www.odoo.com/partners/computs-sdn-bhd-5094311
Malaysia,Keyway Digital Labs Sdn. Bhd.,Silver,+6017-4759882,info@keyway.com.my,,"Plot 237, Lengkok Perindustrian Bukit Minyak 3, Bukit Minyak Industrial Estate, Simpang Ampat,",https://www.odoo.com/partners/keyway-digital-labs-sdn-bhd-21423894
Malaysia,Precomp (Malaysia) Sdn Bhd,Ready,+60 19-682 9888,steven@precomp.net,http://peppolsync.com,"Level 14 & 15, D’PULZE Cyberjaya, Lingkaran Cyber Point Timur Cyber 12, 43200 Cyberjaya Selangor",https://www.odoo.com/partners/precomp-malaysia-sdn-bhd-1355778
Malaysia,Quocent Sdn Bhd,Ready,+60 17-582 9050,saswat@quocent.com,,"06-01 & 06M-01, Level 6 & 6M,Menara The Stride, Bukit Bintang City Centre, No. 2, Jalan Hang Tuah",https://www.odoo.com/partners/quocent-sdn-bhd-5286176
Malaysia,Wiz Asia Sdn Bhd,Silver,+60 12-286 3169,sales@wiz.asia,,"2nd Floor, Wisma Ismazuri",https://www.odoo.com/partners/wiz-asia-sdn-bhd-10436835
Malaysia,RMAICT Sdn. Bhd.,Ready,+60 13-865 8768,joseph.tiong@rmaict.com,https://rmaict.com,"Level 12, Menara Glomac TTDI,",https://www.odoo.com/partners/rmaict-sdn-bhd-25823162
Malaysia,WAON TECHNOLOGIES SDN. BHD.,Ready,+60 11-3723 1019,admin@waon.my,https://waon.my/,"BO1-A-9, Menara 2, KL Eco City, 3, Jln Bangsar 59200 Kuala Lumpur WP Malaysia",https://www.odoo.com/partners/waon-technologies-sdn-bhd-23020075
Malaysia,SL Software Solutions Sdn Bhd,Ready,,,,,https://www.odoo.com/partners/sl-software-solutions-sdn-bhd-18264187
Malaysia,Port Cities Malaysia,Silver,+60 3-2096 9568,my@portcities.net,https://portcities.net/r/pWv,"Penthouse, Centrepoint South, The Boulevard, Mid Valley City, Lingkaran Syed Putra, 59200 Bangsar",https://www.odoo.com/partners/port-cities-malaysia-1005137
Malaysia,Onnet Consulting Sdn Bhd,Ready,+60 4-638 6599,enquiry@on.net.my,https://onnet.my/,"80-2, Persiaran Bayan Indah, Bayan Bay",https://www.odoo.com/partners/onnet-consulting-sdn-bhd-726914
Malaysia,A1 Consulting Sdn Bhd,Silver,+607 460 0364,my@a1consulting.asia,http://www.a1consulting.asia,"Suite 02-01, 2nd Floor, the Dason Nexus, Jalan Indah 15/2, Bukit Indah",https://www.odoo.com/partners/a1-consulting-sdn-bhd-13662463
Maldives,Acconse,Ready,+960 7549049,info@acconse.com,,"7th Floor, M. Faamudheyrige Orchid Magu",https://www.odoo.com/partners/acconse-23505765
Maldives,ROKNET,Ready,+960 400-0004,hello@roknet.mv,https://roknet.mv/index.php,"M.Lonuveli, Koarukendi Hingun",https://www.odoo.com/partners/roknet-7133007
Maldives,Eches Pvt Ltd,Ready,+960 7790989 / 7790787,info@echesconsultancy.com,http://www.echesconsultancy.com,"Golden Tower, Buruzu Magu, Male 20306",https://www.odoo.com/partners/eches-pvt-ltd-13368570
Maldives,PBS Services (Pvt) Ltd - Member of the PBSS Group,Ready,+960 765-0957,maldives@perfectbss.com,https://www.perfectbss.com,"G Rozary View,2nd Floor, Husnuheena Magu,",https://www.odoo.com/partners/pbs-services-pvt-ltd-member-of-the-pbss-group-27593972
Maldives,ICT Field Pvt Ltd,Ready,+9607784026,mrifath@gmail.com,https://www.ictfield.com/,"Ma. Haivakaruge, 14A",https://www.odoo.com/partners/ict-field-pvt-ltd-13135458
Maldives,EUSOL,Gold,+960 7793404,info@eusol.net,https://eusol.net/,"9th Floor, Kendhigas Hingun",https://www.odoo.com/partners/eusol-10284119
Maldives,Exponent Pvt Ltd,Silver,+960 777-4489,info@exponent.mv,,"7th Flr, Ma. Favourite",https://www.odoo.com/partners/exponent-pvt-ltd-15338066
Maldives,HASH Maldives,Silver,+960 7457070,samah@hash.mv,http://www.hash.mv,"M. Areeka, 2nd Floor",https://www.odoo.com/partners/hash-maldives-14122176
Mali,"Conseil, Management, Audit et Formation SAS (CMAF SAS)",Ready,+223 66 69 08 57,mahamadoum.kamissoko@cmafinternational.com,http://www.cmafinetrnational.com,"Hamadallaye ACI 2000, Près de la Direction Nationale de pêche",https://www.odoo.com/partners/conseil-management-audit-et-formation-sas-cmaf-sas-5018024
Mali,AUDITEC FIDUCIAIRE,Ready,+1 514-791-8865,contact@auditecfiduciaire.com,,"Hamdallaye ACI 2000 Rue 432, Porte 622.",https://www.odoo.com/partners/auditec-fiduciaire-13432427
Mali,Growth Mali,Ready,+223 76 40 99 64,abdalanas@yahoo.fr,,Kalabancoura,https://www.odoo.com/partners/growth-mali-3963283
Mali,Digiten SARL,Ready,+223 70 98 76 68,digitensarl@gmail.com,http://www.digitengroup.com,Hamdallaye ACI,https://www.odoo.com/partners/digiten-sarl-4955133
Mali,AOS,Silver,+223 73 60 73 73,contact@aosmali.com,http://www.aosmali.com,"Hamdallaye ACI 2000, PLACE CAN",https://www.odoo.com/partners/aos-1255858
Malta,Zero | Malta,Ready,+356 7991 8888,malta@zeroo.expert,https://www.zero.com.al,"Sterling Building Green Co-Space, Floor 2, Office 250, Enrico Mizzi Street, XBX 1453, Ta' Xbiex, Malta",https://www.odoo.com/partners/zero-malta-26321179
Malta,PrettyNeat Software,Silver,+35699376616,odoo@prettyneat.io ; nathan.xerri@prettyneat.io,https://www.prettyneat.io/,MRA 049B Marsa Industrial Estate,https://www.odoo.com/partners/prettyneat-software-10295580
Malta,Aviense Ltd.,Ready,+356 7902 2011,info@aviense.eu,https://aviense.eu/,"Regent House, 61, Triq Bisazza",https://www.odoo.com/partners/aviense-ltd-10491690
Malta,Carabao Limited,Ready,+356 7970 4164,info@carabaosolutions.com,,"Level 1, JL Building, 63 Luqa Road, Paola, PLA",https://www.odoo.com/partners/carabao-limited-6875892
Malta,eMerge,Silver,+356 7766 6667,jason@emerge.com.mt,,Triq Marija Addolorata,https://www.odoo.com/partners/emerge-1659042
Malta,Centric,Ready,+356 9959 9424,kieransant@centricmt.com,https://www.centricmt.com/,Triq Giovanni Papaffy,https://www.odoo.com/partners/centric-24942457
Malta,4Sight Technologies Limited,Silver,+356 2780 0882,"accounts@4sight.mt, dcatania@4sight.mt, mmamo@4sight.mt",http://www.4sight.mt,"No 22, Level 1, Triq Wenzu Dyer",https://www.odoo.com/partners/4sight-technologies-limited-1660848
Martinique,Easiboot,Ready,+596 696 37 69 81,franck@easiboot.fr,https://www.easiboot.fr/,14 Bis chemin Barème,https://www.odoo.com/partners/easiboot-14498112
Martinique,Niboo Outre-Mer,Silver,+596 696 68 55 15,sales.caraibes@niboo.com,http://niboo.com,"12 rue des arts et métiers, Immeuble EQUINOXES, Lot.Dillon Stade",https://www.odoo.com/partners/niboo-outre-mer-11500055
Martinique,Nalios Antilles-Guyane,Silver,+596 696 83 83 80,cre@nalios.com,https://www.nalios.com/,"3, rue Marie Dupil",https://www.odoo.com/partners/nalios-antilles-guyane-15670705
Martinique,NASDY,Ready,+596 596 10 65 01,odoo@nasdy.fr,http://www.nasdy.fr,1 route de la folie,https://www.odoo.com/partners/nasdy-2324068
Martinique,iodalis,Ready,+596 696 54 05 48,contact@iodalis.fr,https://www.iodalis.fr,25 Lotissement Prestige de Jambette,https://www.odoo.com/partners/iodalis-15516172
Mauritania,ACPEC SARL,Silver,+222 36632006,acpec.info@gmail.com,https://www.acpec-sarl.com/,"C74, Route Nouadhibou (Av. Cheickh Zaid Al-Nahyan)",https://www.odoo.com/partners/acpec-sarl-982629
Mauritania,SMART MS,Gold,+222 45254508,odoo@smartmssa.com,https://www.smartmssa.com,SMART MS ILOT M LOT 67 30032,https://www.odoo.com/partners/smart-ms-12800681
Mauritania,Advanced Biz Consulting (ABC),Ready,+222 20025252,contact@abc.mr,,Soukouk,https://www.odoo.com/partners/advanced-biz-consulting-abc-9005834
Mauritius,Kudoo Technologies,Ready,2670636,contact@gokudoo.com,https://www.gokudoo.com,"MCL Lot 5, Coastal Road, 30525 1207-03 MU",https://www.odoo.com/partners/kudoo-technologies-16899189
Mauritius,One Solution Consulting Limited,Gold,+230 59393939,ved@oscl.mu,http://www.oscl.mu,7th Floor Nexsky Building,https://www.odoo.com/partners/one-solution-consulting-limited-6892090
Mauritius,LexCorp IT Ltd,Ready,,,,,https://www.odoo.com/partners/lexcorp-it-ltd-22216541
Mauritius,Sandbox Consulting,Ready,,,,,https://www.odoo.com/partners/sandbox-consulting-16151900
Mauritius,SPOON CONSULTING LTD,Ready,,,,,https://www.odoo.com/partners/spoon-consulting-ltd-21056429
Mauritius,SSL Consulting Services Ltd,Silver,+2304632000,info@sslconsultingservice.com,http://www.sslconsultingservice.com,"Ebene Junction, Rue de la Democratie",https://www.odoo.com/partners/ssl-consulting-services-ltd-3752393
Mauritius,Ignite Africa Ltd,Ready,,,,,https://www.odoo.com/partners/ignite-africa-ltd-17548929
Mauritius,Moses Consulting Ltd,Silver,+230 5754 1694,thierry@moses-consulting.com,https://www.moses-consulting.com/,"The Hive, Nouvelle Usine",https://www.odoo.com/partners/moses-consulting-ltd-13588626
Mauritius,KD World Consulting Ltd,Ready,,,,,https://www.odoo.com/partners/kd-world-consulting-ltd-19028632
Mauritius,STATE INFORMATICS LIMITED,Ready,,,,,https://www.odoo.com/partners/state-informatics-limited-24289943
Mauritius,TechInstra,Silver,+23052588784,jaleel@techinstra.com,https://www.techinstra.com/,"Ave Tamarin, Morc Ruisseau Palmyre",https://www.odoo.com/partners/techinstra-11903801
Mauritius,Hossen Financial Consultancy Ltd,Gold,+230 5910 3493,contact@hossenconsultancy.com,https://www.hossenconsultancy.com/,"The Hive Workplace, Nouvelle Usine, Floréal",https://www.odoo.com/partners/hossen-financial-consultancy-ltd-14348069
Mexico,ARIEL BOLIVAR RAMIREZ HERNÁNDEZ,Ready,5540258406,aramirez@isux.mx,https://www.isux.mx/,"CALLE 7, 59, SECCIÓN 16",https://www.odoo.com/partners/ariel-bolivar-ramirez-hernandez-8011303
Mexico,ARCA Labs,Silver,,,,,https://www.odoo.com/partners/arca-labs-20634885
Mexico,ALABOOL TECHNOLOGIES,Silver,56 4631 7627,ventas@alabool.mx,,Retorno 3 de Ignacio Zaragoza 46 A,https://www.odoo.com/partners/alabool-technologies-5779721
Mexico,ARKODE HOLDING GROUP,Silver,+52 33 3190 1744,rodrigo.yeo@arkode.io,https://arkode.io,FUENTES DEL MIRADOR 32,https://www.odoo.com/partners/arkode-holding-group-24890884
Mexico,ALKU IS IN THE HOUSE,Silver,667 187 6636,contacto@alkumx.com,,JOSEFA ORTIZ DE DOMINGUEZ 259,https://www.odoo.com/partners/alku-is-in-the-house-16951982
Mexico,ALEUX MEXICO,Ready,,,,,https://www.odoo.com/partners/aleux-mexico-25572704
Mexico,ALTREGY SOLUTIONS,Gold,+52 81 1642 2014,expect.different@one2many.ai,http://mx.one2many.ai/implementa-odoo,AVENIDA LAZARO CARDENAS 2400. INTERIOR B21F,https://www.odoo.com/partners/altregy-solutions-17280021
Mexico,APLICACIONES Y PROGRAMAS PENSADOS EN TI,Ready,+52 442 278 4302,info@appti.mx,http://www.appti.mx,CALLE GRAL ALVARO OBREGON 123 B,https://www.odoo.com/partners/aplicaciones-y-programas-pensados-en-ti-8072204
Mexico,ARGIL CONSULTING,Silver,+52 272 721 5449,admon@argil.mx,http://www.argil.mx/,PONIENTE 10 180,https://www.odoo.com/partners/argil-consulting-464478
Mexico,ADOC365,Ready,+529999441162,analia@consultoresadoc.mx,http://www.adoc365.mx,CALLE 20 NUMERO EXTERIOR 71F,https://www.odoo.com/partners/adoc365-12560500
Mexico,AUGE CRM,Ready,+52 4422502711,odoo@augetec.com,https://augetec.com/,Mirador de Tequisquiapan #28,https://www.odoo.com/partners/auge-crm-11916239
Mexico,ASESORES Y SOLUCIONES ANFEPI,Gold,52 999 520 0611,info@anfepi.com,http://www.anfepi.com,CACAO 22,https://www.odoo.com/partners/asesores-y-soluciones-anfepi-2046840
Mexico,BREAKTHROUGH CONSULTING SERVICES,Ready,,,,,https://www.odoo.com/partners/breakthrough-consulting-services-20867200
Mexico,CARLOS ALONSO MORALES MARTINEZ,Ready,,,,,https://www.odoo.com/partners/carlos-alonso-morales-martinez-31557232
Mexico,B1 PRO SOLUCIONES DE TI,Silver,+52 56 1113 8469,yramirez@b1pro.com.mx,http://www.b1pro.com.mx,HOMERO 538 DEPTO 304-B,https://www.odoo.com/partners/b1-pro-soluciones-de-ti-8724506
Mexico,BDO MX,Ready,+52 55 9020 4885,yael.rodriguez@bdomexico.com,https://www.bdomexico.com/,Avenida Paseo de la Reforma No. 505,https://www.odoo.com/partners/bdo-mx-11651998
Mexico,AVANGUARDIA TECH,Silver,+52 55 6609 8003,alfredo.lopez@avanguardiatech.com,,"Carolina 100, Desp. 102 y 103,",https://www.odoo.com/partners/avanguardia-tech-6279568
Mexico,CARLOS ALEJANDRO OBREGON LAZCANO,Silver,+52 55 7100 1050,caob@chemon.lat,https://www.chemon.lat,Calzada Legaria 40,https://www.odoo.com/partners/carlos-alejandro-obregon-lazcano-24095882
Mexico,BUSINESS INSIGHTS,Ready,+52 55 4631 3002,contacto@biz-in.mx,,AV. VASCO DE QUIROGA 3900,https://www.odoo.com/partners/business-insights-10036936
Mexico,CASTILLO MIRANDA Y COMPAÑIA,Ready,+52 55 8503 4200,contacto@bdomexico.com,http://bdomexico.com,Avenida Paseo de la Reforma No. 505,https://www.odoo.com/partners/castillo-miranda-y-compania-11372788
Mexico,CENTRO DE TECNOLOGIA NSG,Ready,,,,,https://www.odoo.com/partners/centro-de-tecnologia-nsg-11271201
Mexico,CENTRAL DE SERVICIOS DISRUPTIVOS GARAGE DE MEXICO,Silver,,,,,https://www.odoo.com/partners/central-de-servicios-disruptivos-garage-de-mexico-17509048
Mexico,CONSORCIO VANMAC,Silver,+52 446 117 2550,odoo@witann.com,https://www.witann.com,CIRCUITO AZALEAS 400,https://www.odoo.com/partners/consorcio-vanmac-14503064
Mexico,BIRTUM SOLUCIONES MEXICO,Gold,+52 55 4169 6956,ffr@birtum.com,https://www.birtum.com,FLORENCIA 31 803,https://www.odoo.com/partners/birtum-soluciones-mexico-3475357
Mexico,CHECK-UP EMPRESARIAL,Ready,,,,,https://www.odoo.com/partners/check-up-empresarial-13511188
Mexico,CONSULTORA MENZE,Ready,,,,,https://www.odoo.com/partners/consultora-menze-16839080
Mexico,CONSULTORIA VG & COMPAÑIA,Ready,,,,,https://www.odoo.com/partners/consultoria-vg-compania-12112507
Mexico,CONSULTORIA Y PROYECTOS FLOLOP,Ready,"9996362069, 5517989143",ventas@flolop.com,,9 424,https://www.odoo.com/partners/consultoria-y-proyectos-flolop-11220178
Mexico,CENTRICITAL,Ready,+528183966347,daniel.garcia@centricital.com,https://www.centricital.com,BLVD ANTONIO L RODRIGUEZ 2100 PISO 11 INT 116,https://www.odoo.com/partners/centricital-5493451
Mexico,CONSULTORIA EN TECNOLOGIAS DE INFLEXYON,Silver,33-3348-1370,contacto@inflexyon.mx,https://www.inflexyon.mx,AV. LÁZARO CÁRDENAS 3670 330,https://www.odoo.com/partners/consultoria-en-tecnologias-de-inflexyon-6429371
Mexico,CS TECHNO,Ready,,,,,https://www.odoo.com/partners/cs-techno-23643123
Mexico,CORETEAM TECH,Ready,+52 668 2 22 60 65,miguel.gastelum@coreteam.mx,https://coreteam.mx/,Miguel Hidalgo y Costilla 736,https://www.odoo.com/partners/coreteam-tech-4203868
Mexico,CRESALA,Ready,+52 55 3086 9992,contacto@generalgroupmx.com,https://www.mxgeneraldesign.com/,HAMBURGO 182,https://www.odoo.com/partners/cresala-22442030
Mexico,DAVID AUGUSTO GALVAN ALVARADO,Ready,,,,,https://www.odoo.com/partners/david-augusto-galvan-alvarado-14800295
Mexico,CUSTOM ROBOTIC SERVICES CRS,Silver,+52 55 7923 3825,hello@crsglobal.net,,HALACHO 225,https://www.odoo.com/partners/custom-robotic-services-crs-23226838
Mexico,Dataliza,Ready,+52 664 375 1829,info@dataliza.mx,https://www.dataliza.mx,SACRAMENTO 5064,https://www.odoo.com/partners/dataliza-19561010
Mexico,EMAANU MEXICO,Ready,,,,,https://www.odoo.com/partners/emaanu-mexico-31301952
Mexico,DAVID ISRAEL ESCALANTE AGUILAR,Ready,+52 55 7479 7909,descalante@cfs-pits.com,,CALLE AVENIDA 609 EXT 26,https://www.odoo.com/partners/david-israel-escalante-aguilar-18704997
Mexico,EMERALD-IT,Ready,8182048367,alberto@emerald-it.com,http://emerald-it.com,CALLE HUMBERTO JUNCO VOIGT 2307 TORRE 1 PISO 2 OFICINA 8,https://www.odoo.com/partners/emerald-it-3816914
Mexico,ESTRATEGIAS Y SOLUCIONES EN IT,Silver,3331266969,inavarro@estrasol.com.mx,http://www.estrasol.com.mx,MEXICALTZINGO 1987 NUMERO INTERIOR 201,https://www.odoo.com/partners/estrategias-y-soluciones-en-it-1798356
Mexico,ENG SOLUCIONES,Ready,,,,,https://www.odoo.com/partners/eng-soluciones-10349039
Mexico,FERNANDO DAVID CALATAYUD ZEPEDA,Ready,,,,,https://www.odoo.com/partners/fernando-david-calatayud-zepeda-14438226
Mexico,ESTRATEGAS EN NEGOCIOS DIGITALES NEDI S DE RL DE CV,Ready,+525572451434,informacion@nedi.mx,http://nedi.mx,ENCINO 46,https://www.odoo.com/partners/estrategas-en-negocios-digitales-nedi-s-de-rl-de-cv-2760089
Mexico,FIXDOO SOLUTIONS,Ready,+52 272 114 7171 --- +52 272 229 1946,info@fixdoo.mx,,TORTOLA CONDOMINIO 46 3,https://www.odoo.com/partners/fixdoo-solutions-5328547
Mexico,EXTENDRIX ECOMMERCE SERVICES,Ready,,,,,https://www.odoo.com/partners/extendrix-ecommerce-services-3714570
Mexico,EXDOO TI,Gold,+52 771 185 8913,info@exdoo.mx,,EMILIO ASIAIN 100,https://www.odoo.com/partners/exdoo-ti-6593641
Mexico,FONDEOPYME,Ready,,,,,https://www.odoo.com/partners/fondeopyme-1281959
Mexico,GABRIEL ULISES SANTIAGO JAIMES,Ready,+52 55 4372 1430,santiago@niidus.com.mx,,Calle Melchor Ocampo 22,https://www.odoo.com/partners/gabriel-ulises-santiago-jaimes-23544225
Mexico,GALARTEC CONSULTORES,Ready,,,,,https://www.odoo.com/partners/galartec-consultores-21962672
Mexico,GALVANO PLATING,Ready,,inge@galvano.mx,,,https://www.odoo.com/partners/galvano-plating-6244630
Mexico,GS DESARROLLO EN TECNOLOGIA,Ready,+52 81 5000 0076,ktovar@globalsoft.email,,BELISARIO DOMINGUEZ 2470,https://www.odoo.com/partners/gs-desarrollo-en-tecnologia-11474916
Mexico,GRUPO PROARE MEXICO,Ready,,,,,https://www.odoo.com/partners/grupo-proare-mexico-17189561
Mexico,HECHO ESTA,Ready,,,,,https://www.odoo.com/partners/hecho-esta-23800893
Mexico,Hernandez Guerra Consultores,Ready,+52 55 9527 6463 52 56 6667 0740,contacto@hgconsultor.com,http://www.hgconsultor.com,Jaime Balmes 11 Torre A Piso 1 Plaza Polanco,https://www.odoo.com/partners/hernandez-guerra-consultores-1660024
Mexico,Humanytek,Silver,+52-33-1983-1083/4,contacto@humanytek.com,http://www.humanytek.com,Calle Coral 2766,https://www.odoo.com/partners/humanytek-600600
Mexico,INCEPTIO,Ready,4778425874,mario.rivera@inceptio.com.mx,,BENEDICTO XV 114,https://www.odoo.com/partners/inceptio-20689580
Mexico,INGENIERIA CONDOR,Silver,,,,,https://www.odoo.com/partners/ingenieria-condor-5231730
Mexico,INFORMATION TECHNOLOGY ONLINE,Ready,+52 81 1413 7507,jccantoral@itonline.com.mx,,RIO PANUCO 423,https://www.odoo.com/partners/information-technology-online-985164
Mexico,INNCONSMX,Silver,,,,,https://www.odoo.com/partners/innconsmx-11581704
Mexico,Ingeniosys Ingeniería de software SA de CV,Ready,+52 (81) 21071160,ventas@ingeniosys.net,http://www.ingeniosys.net,ANTONIO L. RODRIGUEZ 2100 PISO 11 INT. 116,https://www.odoo.com/partners/ingeniosys-ingenieria-de-software-sa-de-cv-4013685
Mexico,GW DIGITAL CONSULTING GROUP,Silver,+52 81 22024029,management@gwcg.co,,"Calzada del Valle, 400 Sur, Local 8 y 9",https://www.odoo.com/partners/gw-digital-consulting-group-11498426
Mexico,IDEANET,Ready,+52 81 1690 5573,josue.garcia@ideanet.com.mx,,BOSQUE MILANES 1507,https://www.odoo.com/partners/ideanet-1282086
Mexico,INNOMATE,Ready,,,,,https://www.odoo.com/partners/innomate-21894143
Mexico,IRMA GUADALUPE ROCHIN GARCIA,Ready,,,,,https://www.odoo.com/partners/irma-guadalupe-rochin-garcia-15189781
Mexico,JJM CONSULTORIA Y SOLUCIONES EN TECNOLOGIA,Ready,,,,,https://www.odoo.com/partners/jjm-consultoria-y-soluciones-en-tecnologia-19216651
Mexico,JOSE ANTONIO PEREZ MARTINEZ,Ready,,,,,https://www.odoo.com/partners/jose-antonio-perez-martinez-19620053
Mexico,JALV TECHNOLOGIES CONSULTING,Ready,,,,,https://www.odoo.com/partners/jalv-technologies-consulting-27621463
Mexico,Keep Pushing Business,Ready,,,,,https://www.odoo.com/partners/keep-pushing-business-24334984
Mexico,INTEGRA INFORMATICA ADMINISTRATIVA,Ready,+52 81 8277 2456,mavalos@integrainformatica.mx,http://www.integrainformatica.com,AGUSTIN LARA 816,https://www.odoo.com/partners/integra-informatica-administrativa-2285147
Mexico,JUAN FRANCISCO RAMIREZ ROMERO,Ready,,,,,https://www.odoo.com/partners/juan-francisco-ramirez-romero-11147601
Mexico,Jose Luis Medina,Ready,,,,,https://www.odoo.com/partners/jose-luis-medina-4134156
Mexico,JOSE ENRIQUE FIGUEROA RIVERA,Ready,,,,,https://www.odoo.com/partners/jose-enrique-figueroa-rivera-24135728
Mexico,ITE SOLUCIONES DISRUPTIVAS,Ready,+(52) 55 15311049,administracion@itesoluciones.com,http://www.itesoluciones.com,MIGUEL LAURENT 15 BIS INT 404 A,https://www.odoo.com/partners/ite-soluciones-disruptivas-9836119
Mexico,KLIO DATADRIVEN COACHING & SERVICES MEXICO IIDS,Ready,,,,,https://www.odoo.com/partners/klio-datadriven-coaching-services-mexico-iids-17386364
Mexico,Líder Control y Automatización S.A. de C.V.,Ready,,,,,https://www.odoo.com/partners/lider-control-y-automatizacion-s-a-de-c-v-1487869
Mexico,LAVA STUDIO,Ready,+52 33 3128 8252,abraham.lara@lava.mx,http://www.lava.mx,CUITLAHUAC 215,https://www.odoo.com/partners/lava-studio-12209818
Mexico,KELSIN GLOBAL CONSULTING,Silver,4775631575,cdelacruz@kelsinglobal.com,http://www.kelsinglobal.com,ADOLFO LOPEZ MATEOS 1702 311 OF 07,https://www.odoo.com/partners/kelsin-global-consulting-5578905
Mexico,LANDSOFT COMPANY,Ready,,contacto@landsoft.mx,,,https://www.odoo.com/partners/landsoft-company-11686013
Mexico,LAYAN SOFTWARE DE MEXICO,Silver,5218111706469,dg@layan.mx,,CALLE FRANCISCO MEJIA EXT 2421,https://www.odoo.com/partners/layan-software-de-mexico-2239030
Mexico,LOERAM SOFTWARE SOLUTIONS,Silver,,,,,https://www.odoo.com/partners/loeram-software-solutions-12911290
Mexico,LOKAL MONEY,Ready,,,,,https://www.odoo.com/partners/lokal-money-17202865
Mexico,LUIS GERARDO CRUZ GARCIA,Silver,+52 477 274 9553,luisgcruz@gmail.com,,GUERRERO PTE 603,https://www.odoo.com/partners/luis-gerardo-cruz-garcia-13700532
Mexico,MM&LR CONSULTORIA ESPECIALIZADA,Ready,5563028143,direccionjm@mlrconsultores.com,http://www.mlrconsultores.com,"Plutarco Elías Calles 957 Interior 1, Iztaccihuatl, Benito Juárez",https://www.odoo.com/partners/mm-lr-consultoria-especializada-6451002
Mexico,NETWORKERS TECH,Ready,+52 477 2297548,jorge.ojeda@networkers.mx,,BLVD CAMPESTRE 2502 TORRE 1 PISO 8 OFICINA 1,https://www.odoo.com/partners/networkers-tech-4866447
Mexico,NOVA CODE SYSTEMS,Silver,,,,,https://www.odoo.com/partners/nova-code-systems-19834879
Mexico,Nybble Mexico,Ready,+52 55 3923 8908,arturo.cortes@nybblegroup.com,https://www.nybblegroup.com/odoo?utm_medium=odoomexico&amp;utm_source=odoo&amp;utm_campaign=perfil,Mexico,https://www.odoo.com/partners/nybble-mexico-14628658
Mexico,EXINNOTECH,Ready,+52 33 2275 4744,icabrera@e-exinnotech.com,http://www.exinnotech.com,JOSE MARIA VIGIL 3150 12,https://www.odoo.com/partners/exinnotech-2697543
Mexico,OPEN SOURCE INTEGRATORS,Ready,+52 800 953 2012,hola@opensourceintegrators.com,https://www.opensourceintegrators.com/es,ANTEA 1032,https://www.odoo.com/partners/open-source-integrators-7565411
Mexico,OGMX CONSULTORIA EN TI Y RH,Ready,+52 55 1520 3350,alan.cabrera@ogum.com.mx,,"Calle: Av. Baja California 274, 2-B, Colonia: Hipodromo Condesa, Alcaldía: Cuauhtemoc,",https://www.odoo.com/partners/ogmx-consultoria-en-ti-y-rh-10651007
Mexico,OSCAR SEBASTIAN VALLEJO CASTAÑEDA,Ready,,,,,https://www.odoo.com/partners/oscar-sebastian-vallejo-castaneda-22503813
Mexico,PAYRA TRANSFORMACION DIGITAL,Ready,+52 55 3701 4387,victor.guijosa@payra.mx,http://payra.mx,"GALILEO GALILEI 3744, 403",https://www.odoo.com/partners/payra-transformacion-digital-19995683
Mexico,Peachcom,Ready,+52 664 421 0500,jcota@peachcom.mx,https://www.peachcom.mx/en,CALLE GRIETA 1120,https://www.odoo.com/partners/peachcom-10417152
Mexico,LUIS ABIMAEL BAUTISTA NAVA,Ready,7471076424,L.bautista@sima-asesores.com.mx,,CONSTITUCION POLITICA,https://www.odoo.com/partners/luis-abimael-bautista-nava-10973409
Mexico,LYNX INGENIERIA Y SERVICIOS,Ready,+52 999 949 2276,ventas@gasomarshal.com,,CALLE 29 357 A,https://www.odoo.com/partners/lynx-ingenieria-y-servicios-9180415
Mexico,PEDRO SAMUEL AVILA ALCANTAR,Ready,,,,,https://www.odoo.com/partners/pedro-samuel-avila-alcantar-19581941
Mexico,METZI ASESORES,Ready,,,,,https://www.odoo.com/partners/metzi-asesores-13348357
Mexico,QUADRO SOLUCIONES TECNOLOGICAS,Ready,+52 686 226 3188,andres@quadrosoluciones.mx,http://www.quadrosoluciones.com/,JESUS SIGALA 72,https://www.odoo.com/partners/quadro-soluciones-tecnologicas-14918789
Mexico,MARIANO GOMEZ ORTEGA,Ready,,,,,https://www.odoo.com/partners/mariano-gomez-ortega-22157894
Mexico,QUBITGATE,Ready,,,,,https://www.odoo.com/partners/qubitgate-22701203
Mexico,MILLORAMEX TECNOLOGIA,Gold,+52 5590464949,info@millora.com.mx,,NUBES NORTE 200,https://www.odoo.com/partners/milloramex-tecnologia-1786702
Mexico,Portcities Americas,Silver,+525525583786,mx@portcities.net,https://portcities.net/,"MARINA NACIONAL 385, VERÓNICA ANZÚRES, MIGUEL HIDALGO",https://www.odoo.com/partners/portcities-americas-3605918
Mexico,MORWI ENCODERS CONSULTING,Gold,+52 81 1988 6756,david.melendez@morwi.mx,https://morwi.mx/sistema-de-administracion-erp/,"Avenida Frida Kahlo #195, Colonia Del Valle Oriente",https://www.odoo.com/partners/morwi-encoders-consulting-2370123
Mexico,RADAX BUSINESS SOLUTION,Silver,+52 728 102 0046,rfalcon@radaxbs.com.mx,,ANTONIO DA CORREGGIO MANZANA 22 LOTE 23 CASA 612,https://www.odoo.com/partners/radax-business-solution-9774969
Mexico,MIT MUT,Gold,+525539553866,mauriciorodriguez@mit-mut.com,http://www.mit-mut.com,Gabriel Mancera 725,https://www.odoo.com/partners/mit-mut-2153122
Mexico,RAIL CONSULTING,Gold,+52 729 877 7203,ventas@rail.com.mx,https://www.rail.com.mx,"MIGUEL DE CERVANTES SAAVEDRA 169 PISO 15, OFICINA 15- 108",https://www.odoo.com/partners/rail-consulting-6779540
Mexico,RAUL ALEJANDRO RODRIGUEZ LOPEZ,Silver,+524428519919,raul@raulalejandro.com.mx,,"Germán Valdés 108, La Joya",https://www.odoo.com/partners/raul-alejandro-rodriguez-lopez-11511203
Mexico,NICOLS CONSULTORES,Silver,+52 (662) 257 0477,jrm@nicols.mx,http://nicols.mx,CALLE PITAGORAS 4,https://www.odoo.com/partners/nicols-consultores-4729735
Mexico,RENATI INNOVATION,Ready,,,,,https://www.odoo.com/partners/renati-innovation-12633567
Mexico,REDSTRIPE,Silver,5526903658,fmondragon@doerpartners.com,https://www.doerpartners.com,Paseo de la Reforma 180 piso 12 interior A,https://www.odoo.com/partners/redstripe-7738707
Mexico,REALHOST,Ready,+52 81 8344 8222,contacto@realhost.com.mx,,ESCOBEDO NORTE 342,https://www.odoo.com/partners/realhost-16087257
Mexico,RESOLV,Silver,+52 55 4969 5656,hector.rivas@resolv.com.mx,http://resolv.com.mx,COYOACAN 414 B,https://www.odoo.com/partners/resolv-10849713
Mexico,ROBBIE STEVENSON,Ready,,,,,https://www.odoo.com/partners/robbie-stevenson-11993313
Mexico,SERTRIO TIC,Ready,,,,,https://www.odoo.com/partners/sertrio-tic-22993451
Mexico,ROAB TECHNOLOGY,Ready,+52 56 3930 0506,rodrigo.aviles@roabtechnology.com,http://roabtechnology.com,BOSQUE DE CIRUELOS 180 PISO 7,https://www.odoo.com/partners/roab-technology-22445991
Mexico,SANTIAGO ISSE CABRERA,Ready,+52 81 8709 5989,santiago.isse@dolmencg.com,https://www.dolmen360.com,CUMBRES MADEIRA 302,https://www.odoo.com/partners/santiago-isse-cabrera-12199963
Mexico,SIMPLEX SX,Ready,+52 33 2320 1337,odoo@simplex.sx,http://www.simplex.sx,Valparaiso 2635,https://www.odoo.com/partners/simplex-sx-1888915
Mexico,SD-CORP BECKEN,Silver,+52 33 3020 7570,eduardo@sdconsultora.com,https://www.becken.mx/,CALLE PISA 872 1,https://www.odoo.com/partners/sd-corp-becken-17458519
Mexico,SLYN,Ready,+525527831079,hello@slyn.io,https://slyn.io/,Montes Urales 415 Int 6,https://www.odoo.com/partners/slyn-7646060
Mexico,Sinergia,Ready,+52 735 228 6323,alejandro.avila@sinergia-e.com,,Rey Fernando,https://www.odoo.com/partners/sinergia-4191346
Mexico,SMART BYTE INNOVATION LAB,Gold,+52 221 598 5462,ventas@novucentral.com,,PASEO SINFONIA 2 OFICINA 135 PISO 1,https://www.odoo.com/partners/smart-byte-innovation-lab-9097474
Mexico,SOLUCIONES 4G,Ready,+52 55 8084 9798,victor.juarez@soluciones4g.com,http://www.soluciones4g.com,GUADALAJARA 51 CASA 12,https://www.odoo.com/partners/soluciones-4g-497853
Mexico,SOLTEIN,Silver,+52 33.13.99.77.76,ventas@soltein.mx,https://www.soltein.mx/,GRANATE 2216,https://www.odoo.com/partners/soltein-1448675
Mexico,STARTCHAIN,Ready,5215548552258,jchavez@startchain.com.mx,http://www.startchain.com.mx,RETORNO 28 DE GENARO GARCIA #44,https://www.odoo.com/partners/startchain-23544513
Mexico,SUNNAME TECHNOLOGIES,Silver,,,,,https://www.odoo.com/partners/sunname-technologies-19994633
Mexico,STONES BUSINESS GROUP,Silver,+52 1 777 207 1321,administracion@stones.solutions,,CANAL DE MIRAMONTES 1476 B,https://www.odoo.com/partners/stones-business-group-11413217
Mexico,SYCA CAMBIA INNOVA Y CRECE,Ready,+52 444 2119009,ventas@syca.com.mx,https://syca.com.mx/,MARIANO OTERO 610 INT 3,https://www.odoo.com/partners/syca-cambia-innova-y-crece-9266911
Mexico,TALTION,Ready,,,,,https://www.odoo.com/partners/taltion-12267309
Mexico,SYSERPTEK SOLUTIONS,Silver,8180810009,hola@munin.mx,https://www.munin.mx/,PASEO DE LOS LEONES 715,https://www.odoo.com/partners/syserptek-solutions-8798717
Mexico,TAXS ADVISORS IBS,Ready,+5255902099,e.valdes@ibsc.mx,https://ibsolutionsgroup.com/,CIRUJANOS CTO,https://www.odoo.com/partners/taxs-advisors-ibs-13598773
Mexico,TECNOLOGIA Y SERVICIOS S21,Ready,,,,,https://www.odoo.com/partners/tecnologia-y-servicios-s21-11297464
Mexico,Tecnología Organizacional Digital (TOD),Ready,,info@tod.mx,,,https://www.odoo.com/partners/tecnologia-organizacional-digital-tod-9658726
Mexico,TENDENCIA UP,Silver,3313368382,igarcia@tendenciaup.com,https://tendenciaup.odoo.com/,AVENIDA 16 DE SEPTIEMBRE 730,https://www.odoo.com/partners/tendencia-up-9327368
Mexico,THE MARKETING ENGINE MEXICO,Ready,,,,,https://www.odoo.com/partners/the-marketing-engine-mexico-17098334
Mexico,RUBIXWARE,Silver,+52 81 1027 0419,ventas@rubixware.com,http://www.rubixware.com,NUEVA SANTA ROSA 101,https://www.odoo.com/partners/rubixware-5482454
Mexico,"SERVICIOS ILUMINA TECNOLOGIA E INNOVACION, INDIGO",Silver,,,,,https://www.odoo.com/partners/servicios-ilumina-tecnologia-e-innovacion-indigo-17969637
Mexico,TILLIT DVR ASESORIA,Ready,3324729345,info@tillitasesoria.com,http://www.tillitasesoria.com,JUAN R ZAVALA 70 A,https://www.odoo.com/partners/tillit-dvr-asesoria-1778219
Mexico,TUXPAS,Ready,+52 55 4163 4515,hanssel.mendiola@tuxpas.com,,MANUEL AVILA CAMACHO 137 1,https://www.odoo.com/partners/tuxpas-11682706
Mexico,SFERAZUL,Gold,,,,,https://www.odoo.com/partners/sferazul-6460299
Mexico,SICALEVI DE MEXICO,Silver,+5210009144,ventas@integritas.mx,http://www.integritas.mx,"Insurgentes Sur 1602, 4to Piso",https://www.odoo.com/partners/sicalevi-de-mexico-6696155
Mexico,USB MEDIA & TECH SOLUTIONS,Ready,+52 442 754 7831,contacto@usbdigital.mx,https://usbdigital.mx/,Paseo de las Pitahayas,https://www.odoo.com/partners/usb-media-tech-solutions-31551676
Mexico,WAYAKNA,Silver,+529999182447,odoo@wayakna.com,,Calle 21 DIAGONAL #340 x 36 y 38 Fracc.,https://www.odoo.com/partners/wayakna-11548268
Mexico,WIIXOO,Ready,+52 9983398931,info@wiixoo.com,,AURELIO BOJORQUEZ 40 202,https://www.odoo.com/partners/wiixoo-12333474
Mexico,VERTICE DESARROLLO DE SISTEMAS,Ready,+52 8180936869,contacto@verticeds.com,,DEL ROBLE 660 300,https://www.odoo.com/partners/vertice-desarrollo-de-sistemas-3438090
Mexico,XPIA TECHNOLOGY SOLUTIONS,Ready,+52 312 410 0035,contacto@xpiatech.com,,GONZALO DE SANDOVAL MALVA 1670,https://www.odoo.com/partners/xpia-technology-solutions-10094524
Mexico,VAUXOO CONSULTORES,Gold,+52 312 310 4525,ventas@vauxoo.com,http://www.vauxoo.com/,GARIBALDI 2634,https://www.odoo.com/partners/vauxoo-consultores-20775050
Mexico,YATZEL RICARDO RUIZ HERNANDEZ,Ready,,,,,https://www.odoo.com/partners/yatzel-ricardo-ruiz-hernandez-11925051
Mexico,Yeidala,Silver,+528112086893,contacto@yeidala.com,http://www.yeidala.com,Ayllon 1001,https://www.odoo.com/partners/yeidala-1234306
Mexico,SMART QUALLITY SOFTWARE,Ready,+52 55 4352 5204,felipe.martinez@smartqs.com hugo.barona@egas.com.mx,,AV. CHAPULTEPEC 153 NÚMERO INTERIOR 105,https://www.odoo.com/partners/smart-quallity-software-10374981
Mexico,XIMHAI Consultoria,Ready,+52772 688 1838,ventas@ximhaimx.com,https://www.ximhaimx.com,CLL ACTOPAN SAN SALVADOR 7,https://www.odoo.com/partners/ximhai-consultoria-637130
Mexico,SOFTWARE INDUSTRY EXCELLENCE CENTER DE MEXICO,Ready,+52 33 1561 9764,info@siecenter.com.mx,,SENDERO DE LAS GALEANAS 38,https://www.odoo.com/partners/software-industry-excellence-center-de-mexico-1686434
Mexico,SOLITECH,Ready,4271072859,jho@solitech.mx,http://www.solitech.mx,Maguey Mz 16 Lt 39 Col. cruz del farol,https://www.odoo.com/partners/solitech-5751661
Mexico,Xmarts - Doit Digital,Silver,+52 33 4164 7700,mexico@xmarts.com,http://www.xmarts.com,Francisco Javier Gamboa #70 Arcos Vallar,https://www.odoo.com/partners/xmarts-doit-digital-11037713
Mexico,ZITYCARD ZEUMAT MX,Ready,,,,,https://www.odoo.com/partners/zitycard-zeumat-mx-24095323
Monaco,OPENSOLUTION,Ready,+377 92 16 50 27,mvicidomini@opensolution.mc,http://www.opensolution.mc,43 Boulevard des Moulins,https://www.odoo.com/partners/opensolution-1209776
Mongolia,Tavan Bogd Tech LLC,Ready,+976 99484340,cdo@tavanbogd.com,https://tavanbogd.com/,"Tavanbogd Head office, Chinggis Avenue, Khan-Uul district, Ulaanbaatar, Mongolia",https://www.odoo.com/partners/tavan-bogd-tech-llc-8725717
Mongolia,Nomin Holding LLC,Ready,+976 8911 3993,admin@nomin.net,https://www.nomin.co/en,"Nomin United office, 4F, IT department, Chinggis avenue, Khan-Uul",https://www.odoo.com/partners/nomin-holding-llc-14783590
Mongolia,Space Integrated Solutions LLC,Ready,+976 9912 4615,info@odootech.mn,https://odootech.mn/,"Chinggis khaan square 5, Sukhbaatar district 8",https://www.odoo.com/partners/space-integrated-solutions-llc-28756143
Mongolia,Success Factor LLC,Ready,+976 9913 8862,successfactor@mid.mn,http://www.mid.mn,"BZD, 18th district, 13th district, Manlaibaatar Damdinsuren street, building 17B",https://www.odoo.com/partners/success-factor-llc-8971835
Mongolia,Edis Excel Partners LLC,Ready,+976 9913 3133,info@edis.mn,,"602, 6th floor, UB Tower Plus, 25th khoroo, Bayanzurkh district",https://www.odoo.com/partners/edis-excel-partners-llc-23619841
Mongolia,ManageWall LLC,Gold,+976 9590 0955,darambazar@managewall.mn,http://managewall.mn,"Union Building, C Block, 803 Sukhbaatar District, Unesko Street Ulaanbaatar, Mongolia",https://www.odoo.com/partners/managewall-llc-1966689
Mongolia,CoreMind LLC,Silver,+976 7704 7070,info@coremind.mn,https://www.coremind.mn/,"9/F, The DownTown Building, Jamyan Gyn Street",https://www.odoo.com/partners/coremind-llc-959222
Mongolia,Cubicsoft LLC,Gold,+976 7706 6060,batdelger@cubicsoft.mn,https://cubicsoft.mn/,Room 4 building 25 8 khoroo Sukhbaatar district UB Mongolia,https://www.odoo.com/partners/cubicsoft-llc-3767440
Montenegro,MONTEX ELEKTRONIKA,Ready,,,,,https://www.odoo.com/partners/montex-elektronika-19702
Morocco,ADONZE,Ready,+212 666-224414,contact@adonze.com,http://www.adonze.com,"Ichrak Center, Imm 12, Bureau 3 Rocade Sud-Ouest, Route d'El jadida",https://www.odoo.com/partners/adonze-2063018
Morocco,Binteg,Silver,+212688522488,contact@binteg.ma,http://www.binteg.ma,"3ème étage, Bureau N°10, Imm N°104 Bd Abdelmoumen, Casablanca 20340",https://www.odoo.com/partners/binteg-9756690
Morocco,iTVerse,Ready,+212 662-118389,contact@itverse.ma,https://www.itverse.ma/logiciel-de-gestion,"Rue Abou Bakr Elkadiri, Residence Naim, Immeuble 1, Appartement 2",https://www.odoo.com/partners/itverse-13545108
Morocco,Eezee.ma,Gold,0661497560,nazih.belhaj@eezee-it.com,http://www.eezee-it.com,N° 4 Résidence Anbar 13 rue Abou Alwaqt Khalaf,https://www.odoo.com/partners/eezee-ma-77482
Morocco,DARBTECH SARL,Ready,+212 770-862295,info-maroc@darbtech.net,https://www.darbtech.net/,RESID OUM KALTOUM BLOC BD BLV HASSAN II - AGDAL,https://www.odoo.com/partners/darbtech-sarl-12364902
Morocco,Albatros Education,Silver,+212 665 005 980,info@albatros.ma,http://www.albatros.ma,"Rés Médina G, Appart 2, Quartier Sidi Maarouf",https://www.odoo.com/partners/albatros-education-4979278
Morocco,Dynamic Horizon,Silver,+212662152710,abo@dynamichorizon.ma,http://www.dynamichorizon.ma,Ghandi Offices,https://www.odoo.com/partners/dynamic-horizon-6891689
Morocco,Nelozia,Silver,+212 661-876260,mehdi.hajji@nelozia.com,,"Bd 11 Janvier, 2 Rue Essanaouber, 4e",https://www.odoo.com/partners/nelozia-17169228
Morocco,MSL-iTECH,Ready,+32 486 97 13 29,info@msl-itech.com,https://www.msl-itech.com,"951 Q.I. AL MASSAR N° 2, ROUTE DE SAFI",https://www.odoo.com/partners/msl-itech-15851608
Morocco,Econostic,Gold,00212700021616,sales@econostic.net,http://econostic.com,167 Boulevard Moulay Driss 1er,https://www.odoo.com/partners/econostic-1186887
Morocco,Performance Software Integration,Ready,+212 661-545638,psi.contact1@gmail.com,,BD MOHAMED BEN ABDELLAH,https://www.odoo.com/partners/performance-software-integration-6316210
Morocco,Blackswan Technology,Gold,+33 7 56 80 60 62,contact@blackswantechnology.fr,http://agence-blackswan.com,202 Boulevard Brahim Roudani,https://www.odoo.com/partners/blackswan-technology-18572551
Morocco,SAHARA INFO SERVICES,Ready,+212 661808155,info@saharainfoservices.com,https://www.saharainfoservices.com,Immeuble Asso.sauvetage Bureau N:5,https://www.odoo.com/partners/sahara-info-services-313736
Morocco,Osisoftware,Silver,+212 5377-10070,saad.ismaili@osisoftware.net,http://www.osisoftware.net,MA119291,https://www.odoo.com/partners/osisoftware-1003409
Morocco,ME Engineering EXpertise,Ready,+212 660-023814,meeexpertise@gmail.com,https://meeexpertise.odoo.com,"Central Park Imm B, 6ème étage N°31, Rue Abdelmoumen, Parc",https://www.odoo.com/partners/me-engineering-expertise-1532241
Morocco,High Tech Hires,Ready,+212 661-976962,contact@hightechhires.com,,"45, rue Zoubeir Bnou Al Ouam Roches Noires",https://www.odoo.com/partners/high-tech-hires-20010997
Mozambique,"Gestwin Servicos, Lda",Ready,+258 84 048 6881,gpereira@gestwinservicos.com,,Maputo Shopping Centre,https://www.odoo.com/partners/gestwin-servicos-lda-16212658
Mozambique,"Make It Happen, SA",Ready,,,,,https://www.odoo.com/partners/make-it-happen-sa-3934149
Mozambique,"Innovactive - Sociedade Unipessoal, Lda",Ready,+258 87 302 2355,geral@innovactive.co.mz,,Rua de Manyikene No. 95,https://www.odoo.com/partners/innovactive-sociedade-unipessoal-lda-3203574
Mozambique,Activus,Ready,+258 85 148 5449,"odoo@activus.co.mz, david.ferreira@activus.co.mz",https://www.activus.co.mz/en/home/,R. Kamba Simango 432,https://www.odoo.com/partners/activus-12159987
Mozambique,Ping Servicos,Ready,+258 844704750,robertomavume@pingservicos.co.mz;constanciachongo@pingservicos.co.mz,http://www.pingservicos.co.mz,"Av. Amílcar Cabral, Nr 996 R/C",https://www.odoo.com/partners/ping-servicos-1242505
Mozambique,KAA IT,Ready,+258 857777011,kaait.lda@gmail.com,https://www.kaait.tech,Av. Josina Machel N. 267 - Primeiro andar,https://www.odoo.com/partners/kaa-it-16621401
Mozambique,GIGA IT LIMITADA,Ready,+258 87 406 4118,obra@giga-it.co.mz,http://www.giga-it.co.mz,"Av. Do Trabalho, Grande Bazar Q15",https://www.odoo.com/partners/giga-it-limitada-12744071
Myanmar,Yoma,Ready,"0998 463 7096, 0996 465 2264",info@yomatechnologies.com,http://www.yomatechnologies.com/,"Building 2, Ground Floor, MICT Park, Hlaing",https://www.odoo.com/partners/yoma-823536
Myanmar,Innovix solutions,Silver,+95 9 42027 5783,nyeinthwe@innovix-solutions.com,http://www.innovix-solutions.com,"Level 5, Building 10, MICT Park, Hlaing Township,",https://www.odoo.com/partners/innovix-solutions-331270
Myanmar,"Apex Integra Co.,Ltd.",Ready,+95 9 44810 0900,phyowaithan@apexintegra.com,,"No 5, Kyaw Parami Condo, Parami Road, Ward 16, Hlaing Township.",https://www.odoo.com/partners/apex-integra-co-ltd-1840608
Myanmar,Dana Trust Company Limited,Ready,+95 9 777 888060,contact@vanguardbc.com,,"Shop House 9, Junction Square, Pyay Road, Kamayut Township,",https://www.odoo.com/partners/dana-trust-company-limited-15763811
Myanmar,"Global Connect Asia Co.,Ltd",Ready,+95 9 964 882711,wintthu@global-connect.asia,http://www.gca.com.mm,"Rm 101, 1st floor, Bldg M3, Kandawgyi Yeik Mon Complex, Mingalartaungnyunt Township",https://www.odoo.com/partners/global-connect-asia-co-ltd-1063113
Myanmar,"Zettatech Co., Ltd.",Silver,09765496032,sales@zettatechmm.com,https://zettatechmm.com,"No. (226), Ward (30), Pinlon Road, North Dagon Township, Yangon.",https://www.odoo.com/partners/zettatech-co-ltd-11726571
Myanmar,SME Intellect Co. Ltd.,Gold,+959421040962,info@smeintellect.com,https://www.smeintellect.com/,"Office Tower (2), Time City, Corner of Kyun Taw Street and Hantharwaddy Road, (7) Quarter, Kamayut Township",https://www.odoo.com/partners/sme-intellect-co-ltd-1988832
Myanmar,7th Computing,Gold,+955425014884,pontpont@7thcomputing.com,,"No.1217, 5th Floor, Pin Lon Road, 35th Ward",https://www.odoo.com/partners/7th-computing-135145
Myanmar,"Asia Matrix Co., Ltd",Silver,+95 9 882 293633,nangmwekham@asiamatrixsoftware.com,https://www.asiamatrixsoftware.com,"#01-D2, Delta Plaza, Bahan, Yangon",https://www.odoo.com/partners/asia-matrix-co-ltd-1893725
Namibia,ocito,Ready,,,,,https://www.odoo.com/partners/ocito-19565962
Namibia,Michael Nyirenda,Ready,,,,,https://www.odoo.com/partners/michael-nyirenda-24734503
Namibia,Cor Visual Data Solutions,Ready,,,,,https://www.odoo.com/partners/cor-visual-data-solutions-16236029
Namibia,Synergy Business Solutions CC,Ready,,,,,https://www.odoo.com/partners/synergy-business-solutions-cc-10368744
Nepal,Neosoftware Pvt. Ltd.,Ready,,,,,https://www.odoo.com/partners/neosoftware-pvt-ltd-23375958
Nepal,Innovax Solutions Pvt Ltd,Ready,+977 970-5429514,slamsal@innovaxsolutions.com.np,,"Kabil Marg ward 11, Babarmahal",https://www.odoo.com/partners/innovax-solutions-pvt-ltd-23832994
Nepal,Precision Pyramid Nepal Private Limited,Silver,+977 980-2520011,info@precisionpyramid.com,,"6th Floor, Radha Bhawan, Tripureshwar, Kathmandu, 44600, Bagmati",https://www.odoo.com/partners/precision-pyramid-nepal-private-limited-22259262
Nepal,Riebrn Engineering Solutions,Ready,+9779712065505,info@riebrn.com,,"3rd Floor, Goreto Complex, Dhumbarahi",https://www.odoo.com/partners/riebrn-engineering-solutions-31914797
Nepal,Crown Institute Pvt. Ltd.,Ready,+977 9808896457,info@crowninstitutes.com,,Thapathali Marg,https://www.odoo.com/partners/crown-institute-pvt-ltd-23322273
Nepal,Stravence Consulting,Ready,+977 974-3267202,vineet@stravenceconsulting.com,,"KD One, KD Marg, Baburam Acharya Sadak, Sinamangal",https://www.odoo.com/partners/stravence-consulting-24693238
Nepal,Nexus Incorporation Pvt. Ltd.,Ready,+977 980-2350968,info@nexusgurus.com,,Kalanki -13,https://www.odoo.com/partners/nexus-incorporation-pvt-ltd-22258941
Nepal,Smarten Technologies,Silver,+977 9851081507,buddha@smarten.com.np,https://smarten.com.np,Mandikhatar Height,https://www.odoo.com/partners/smarten-technologies-6185839
Netherlands,Above IT — Open Source sinds 1995,Ready,+31 15 222 9020,info@aboveit.nl,https://www.aboveit.nl/nl/,Rotterdamseweg 183C,https://www.odoo.com/partners/above-it-open-source-sinds-1995--423
Netherlands,Codeforward,Silver,+31 (0) 85 401 9867,info@codeforward.nl,https://codeforward.nl/,Benzenraderweg 1,https://www.odoo.com/partners/codeforward-8944429
Netherlands,ADDCONSULT GROUP B.V.,Ready,+31 174 210 370,r.rensen@addconsult.nl,https://addconsult.nl/,Heldringstraat 4a,https://www.odoo.com/partners/addconsult-group-b-v-18737685
Netherlands,CLEAR Systems B.V.,Ready,+31 850 201 001,info@clear-systems.nl,https://www.clear-systems.nl/,Dragonder 43B,https://www.odoo.com/partners/clear-systems-b-v-13424722
Netherlands,Circel B.V.,Ready,+31 6 41774312,info@circel.com,https://www.circel.com/,Kastanjelaan 400,https://www.odoo.com/partners/circel-b-v-22500668
Netherlands,Aardug - RMO,Gold,+31 547 389 020,arjan@aardug.eu,http://aardug.nl,Reggestraat 79,https://www.odoo.com/partners/aardug-rmo-3508827
Netherlands,Blue Zebra,Ready,+31 85 200 7140,info@bluezebra.works,https://www.bluezebra.nl,3e binnenvestgracht 23f,https://www.odoo.com/partners/blue-zebra-3794631
Netherlands,Allinx,Ready,+31 527 284 001,info@allinx.nl,http://www.allinx.nl,Randweg 25,https://www.odoo.com/partners/allinx-10791421
Netherlands,Cravit,Gold,+31 6 14274568,office@cravit.nl,https://www.cravit.nl/,Gravinnen van Nassauboulevard 85,https://www.odoo.com/partners/cravit-17881318
Netherlands,Doo.Company,Ready,,,,,https://www.odoo.com/partners/doo-company-25227179
Netherlands,360 ERP,Gold,+31 630064594,cvi@360erp.com,https://www.360erp.com,Parallelweg 27,https://www.odoo.com/partners/360-erp-5224211
Netherlands,DAADIT B.V.,Ready,,,,,https://www.odoo.com/partners/daadit-b-v-13736826
Netherlands,Doobop B.V.,Ready,+31 6 13051876,info@nielsvanderhaven.nl,https://www.doobop.eu,Zwanenkamp 1161,https://www.odoo.com/partners/doobop-b-v-26508960
Netherlands,Drydock ERP,Ready,,,,,https://www.odoo.com/partners/drydock-erp-28431893
Netherlands,DX8 BV,Ready,+31 6 44505274,sonja.stern@dxeight.com,https://www.dxeight.com/,Krelagestraat 4,https://www.odoo.com/partners/dx8-bv-12125201
Netherlands,ERP Factory B.V.,Ready,085-0501374,info@erpfactory.nl,https://www.erpfactory.nl/,Blankenstein 110,https://www.odoo.com/partners/erp-factory-b-v-11751198
Netherlands,Eastern Enterprise B.V.,Ready,,info@easternenterprise.com,,,https://www.odoo.com/partners/eastern-enterprise-b-v-21053257
Netherlands,Globe Consultancy & Services B.V.,Ready,,,,,https://www.odoo.com/partners/globe-consultancy-services-b-v-20568984
Netherlands,Finance Matters B.V.,Ready,+31 6 43130712,silver@financematters.nl,http://financematters.nl,"Pr. Beatrixlaan 582, Toren C Etage 12",https://www.odoo.com/partners/finance-matters-b-v-15683134
Netherlands,ERP-M BV,Silver,,,,,https://www.odoo.com/partners/erp-m-bv-2034556
Netherlands,dooIT BV,Gold,+31 10 270 9181,petra@dooit.nl,http://www.dooIT.nl,Watermanweg 100,https://www.odoo.com/partners/dooit-bv-9823433
Netherlands,Dynapps,Gold,+31 10 600 3300,sales@dynapps.nl,http://www.dynapps.nl,Fascinatio Boulevard 522,https://www.odoo.com/partners/dynapps-9050849
Netherlands,ICT IMPACT COOPERATIE U.A.,Ready,,,,,https://www.odoo.com/partners/ict-impact-cooperatie-u-a-14917621
Netherlands,GIM.CPA B.V.,Ready,+31 6 57117746,rcyrus@gim.cpa,,LOOSKADE 20,https://www.odoo.com/partners/gim-cpa-b-v-16998144
Netherlands,Grip ICT BV,Ready,+31 40 218 6018,login@gripict.com,,Voltaweg 1,https://www.odoo.com/partners/grip-ict-bv-1730383
Netherlands,House of Industry B.V.,Ready,+31 85 401 4243,goedbegin@houseofindustry.nl,,Statenlaan 8,https://www.odoo.com/partners/house-of-industry-b-v-14361380
Netherlands,Erp|open,Silver,+31318-495370,sales@erpopen.nl,https://www.erpopen.nl,Kosterijland 50,https://www.odoo.com/partners/erp-open-4357566
Netherlands,Macroscoop B.V.,Ready,,sales@macroscoop.nl,,,https://www.odoo.com/partners/macroscoop-b-v-22461086
Netherlands,Inmote B.V.,Ready,+31 6 51 56 34 45,info@inmote.nl,http://www.inmote.nl,Edisonstraat 66,https://www.odoo.com/partners/inmote-b-v-22564550
Netherlands,Liberated IT,Silver,,info@liberated.it,,,https://www.odoo.com/partners/liberated-it-16952745
Netherlands,Moonside Consulting & Services,Ready,+31634720965,Info@moonside-cs.com,,Herikerbergweg 292,https://www.odoo.com/partners/moonside-consulting-services-25940205
Netherlands,Mobillor Technologies B.V.,Ready,+31 6 53164698,vidit.gupta@mobillor.net,,Drebbelstraat 4 A,https://www.odoo.com/partners/mobillor-technologies-b-v-22429506
Netherlands,KJ Software,Silver,+31 413 74 74 74,info@kjsoftware.nl,https://www.kjsoftware.nl,Lage Landstraat 8,https://www.odoo.com/partners/kj-software-15755397
Netherlands,Kilurion B.V.,Silver,+31 318 26 6011,info@kilurion.com,https://www.kilurion.com/,Plesmanstraat 60A,https://www.odoo.com/partners/kilurion-b-v-13521523
Netherlands,Newconomie,Ready,,,,,https://www.odoo.com/partners/newconomie-28184592
Netherlands,Neobis Business Software Solutions,Ready,+31 182 606 999,walter.ruiter@neobis.nl,https://www.neobis.nl/,Staringlaan 16D,https://www.odoo.com/partners/neobis-business-software-solutions-1588917
Netherlands,MRNG,Silver,,,,,https://www.odoo.com/partners/mrng-22831234
Netherlands,OBS Solutions Netherlands,Ready,+31 10 800 9470,nederland@obs-solutions.com,http://www.obs-solutions.com,Posthoornstraat 17,https://www.odoo.com/partners/obs-solutions-netherlands-4149277
Netherlands,NHMB Software,Ready,+31 316 254 780,info@nhmbsoftware.nl,https://www.nhmbsoftware.nl,Mallemoolen 25 A,https://www.odoo.com/partners/nhmb-software-29812581
Netherlands,Newway Solutions B.V.,Gold,085 007 04 97,tsuri@newway.nl,http://www.newway.nl,Walpoort 10,https://www.odoo.com/partners/newway-solutions-b-v-6174089
Netherlands,Odoologic - Amersfoort,Ready,+31 6 53904196,mmk100@dutchworld.nl,http://www.odoologic.nl/,BRABANTSESTRAAT 17,https://www.odoo.com/partners/odoologic-amersfoort-1049003
Netherlands,Open2Bizz B.V.,Ready,+31850020265,info@open2bizz.nl,https://www.open2bizz.tech/en_US,Mauritslaan 56,https://www.odoo.com/partners/open2bizz-b-v-10237877
Netherlands,Oranjewood,Ready,+31 85 018 4306,info@oranjewood.com,http://oranjewood.com,Lage mosten 49-63,https://www.odoo.com/partners/oranjewood-10047584
Netherlands,Quatronic B.V.,Ready,,,,,https://www.odoo.com/partners/quatronic-b-v-29981329
Netherlands,Radorfa,Ready,+31 6 39269735,r.dorzada@radorfa.nl,https://www.radorfa.nl,Bulkseweg 15 Unit 4,https://www.odoo.com/partners/radorfa-25951472
Netherlands,SocialERP BV,Ready,,,,,https://www.odoo.com/partners/socialerp-bv-9824680
Netherlands,Solum Studio B.V.,Ready,,,,,https://www.odoo.com/partners/solum-studio-b-v-24733687
Netherlands,Radical Fanatics,Silver,+31 20 730 3200,team@fanatics.nl,http://www.fanatics.nl,Westerstraat 100,https://www.odoo.com/partners/radical-fanatics-7076275
Netherlands,Odoo Experts B.V.,Gold,+31 6 14601242,erwin@odooexperts.nl,http://www.odooexperts.nl,Vredeweg 1R,https://www.odoo.com/partners/odoo-experts-b-v-2063855
Netherlands,Sleegers Software Consultancy BV,Ready,+31 6 43562045,bart@sleegerssoftware.nl,https://www.sleegerssoftware.nl,Hoijserstraat 2,https://www.odoo.com/partners/sleegers-software-consultancy-bv-20287362
Netherlands,Swintoo B.V,Ready,+337671605276,chris@swintoo.com,https://swintoo.com/,Laan van spartaan 44,https://www.odoo.com/partners/swintoo-b-v-6110905
Netherlands,TripleOrange.com B.V.,Ready,+31 (0)26 7930700,info@tripleorange.com,https://www.tripleorange.com/,Delta 53B,https://www.odoo.com/partners/tripleorange-com-b-v-9327692
Netherlands,WeSolved Group,Silver,+31 45 230 02 00,info@wesolved.com,http://wesolved.com,Euregiopark 2A,https://www.odoo.com/partners/wesolved-group-15679130
Netherlands,Process Control Technology Netherlands,Ready,+31 611 94 65 32,sergio.villamil@processcontrol.es,,Grote Voort 247,https://www.odoo.com/partners/process-control-technology-netherlands-16852915
New Caledonia,Pacific ERP - NC,Ready,+689 87 73 77 00,info-nc@pacific-erp.com,https://www.pacific-erp.com/en_GB/accueil,14 rue Clémenceau,https://www.odoo.com/partners/pacific-erp-nc-10893900
New Zealand,Top Flight,Ready,,,,,https://www.odoo.com/partners/top-flight-22251038
New Zealand,Core One Ltd,Ready,+64 7 544 4488,info@coreone.systems,http://Coreone.systems,40 Grey St,https://www.odoo.com/partners/core-one-ltd-21242753
New Zealand,AUBOROS NZ,Ready,,,,,https://www.odoo.com/partners/auboros-nz-21964576
New Zealand,Bluehex Ltd,Ready,+64 27 531 2015,accounts@bluehex.co.nz,https://www.bluehex.co.nz/,7 Scott Street,https://www.odoo.com/partners/bluehex-ltd-17991481
New Zealand,OPTIMYSME LIMITED,Silver,+64 22 651 3753,kevin.mcmenamin@optimysme.nz,https://optimysme.nz/,"Unit 2, 19 Garfield St",https://www.odoo.com/partners/optimysme-limited-12337399
New Zealand,Wedoo,Gold,+6421667090,andrew@wedoo.co.nz,http://www.wedoo.co.nz,"Wedoo Auckland, PO Box 58923, Botany, Auckland",https://www.odoo.com/partners/wedoo-11434340
New Zealand,WAO Group NZ,Ready,+61 409 169 978,sales.nz@waoconnect.com,,"39 Quay Street, Level 8,",https://www.odoo.com/partners/wao-group-nz-23642448
New Zealand,WMSSoft New Zealand Limited,Ready,,,,,https://www.odoo.com/partners/wmssoft-new-zealand-limited-32606440
Nicaragua,Neural Technologies Inc,Ready,,,,,https://www.odoo.com/partners/neural-technologies-inc-13747280
Nicaragua,Nitelcom,Ready,+505 57017007,info@nitelcom.com.ni,http://nitelcom.com.ni,"Centro Comercial Managua. Módulo C-13, Frente al parqueo Este del paseo Xolotlán.",https://www.odoo.com/partners/nitelcom-20296642
Nicaragua,Administración Contable S.A. (ADMICON),Ready,+50584758918,arthur.caracas@adcontablesa.com,http://adcontablesa.com,Tope sur bello horizonte 10 varas al sur y 1c al este,https://www.odoo.com/partners/administracion-contable-s-a-admicon-30008163
Nicaragua,Nara Consultores,Ready,+505 8204 4823,admin@naraconsultores.com,http://naraconsultores.com,"Restaurante tip top carretera nueva a leon,",https://www.odoo.com/partners/nara-consultores-20691792
Nicaragua,INFORMATICA Y TECNOLOGIA MQ,Ready,,,,,https://www.odoo.com/partners/informatica-y-tecnologia-mq-24215649
Nicaragua,Mighty Services Nicaragua,Ready,+1 346-495-7475,admin@mightyservices.in,http://www.mightyservices.in,"De la rotonda la Virgen 1c. abajo, Nicaragua",https://www.odoo.com/partners/mighty-services-nicaragua-15104155
Nicaragua,GROUP4U,Ready,+505 8906 7006,azepeda@group4u.net,,Club Terraza,https://www.odoo.com/partners/group4u-12855626
Nicaragua,ITConsulting,Ready,+505 8553 7300,fdelanuez@itc.services,http://www.@itc.services,"Km 4 1/2, Carretera Masaya",https://www.odoo.com/partners/itconsulting-11332097
Nicaragua,Algorit Nicaragua,Silver,+505 8177 7425,sales@algorit.dev,,"Terminal de la 111, 5 cuadras al Sur , 20 varas oeste",https://www.odoo.com/partners/algorit-nicaragua-12143437
Nicaragua,"AK Digital Soluciones Integrales, S.A.",Ready,+505 7530 5148,ventas@akdigitales.com,http://www.ak.com.ni,"Parque Logístico Santa María, Módulo A9",https://www.odoo.com/partners/ak-digital-soluciones-integrales-s-a-3778204
Nigeria,HexAvid Smith Solutions Ltd,Ready,,,,,https://www.odoo.com/partners/hexavid-smith-solutions-ltd-9758395
Nigeria,FORESIGHT SOLUTIONS ENT.,Ready,,,,,https://www.odoo.com/partners/foresight-solutions-ent-10835751
Nigeria,Droidedge Consulting,Ready,,info@droidedge.com,,,https://www.odoo.com/partners/droidedge-consulting-24679102
Nigeria,Dev Engine Technology,Ready,+234 706 650 8202,samako41@gmail.com,,"8, Ashabi Cole street, Ikeja",https://www.odoo.com/partners/dev-engine-technology-6267003
Nigeria,Data2Bots,Ready,+234 813 840 3363,odoo@data2bots.com,,Millennium Builders' Plaza,https://www.odoo.com/partners/data2bots-14397011
Nigeria,Kuhyba Spark Solutions Limited,Ready,,,,,https://www.odoo.com/partners/kuhyba-spark-solutions-limited-22865264
Nigeria,Infytel Communications Limited,Ready,,,,,https://www.odoo.com/partners/infytel-communications-limited-24863092
Nigeria,Artech2000 Technology Solutions Ltd,Ready,+44 7958 255810,odoopartner@artech-2000.com; lsadu@artech-2000.com,https://www.artech2000solutions.com/,Suite Suffolk House,https://www.odoo.com/partners/artech2000-technology-solutions-ltd-20647238
Nigeria,erpSOFTapp,Silver,+234 8086202745,lanre@erpsoftapp.com,http://erpsoftapp.com,"NCRIB Building,",https://www.odoo.com/partners/erpsoftapp-631069
Nigeria,Growth Stack,Gold,,advisors@growthstack.gs,,,https://www.odoo.com/partners/growth-stack-9799232
Nigeria,Matt O'Bell Ltd,Silver,+234 700 700 6288,adeniran.adekola@mattobell.net,http://www.mattobell.net/,"No 71 CMD Road, by Magodo Brooks Estate",https://www.odoo.com/partners/matt-o-bell-ltd-18840
Nigeria,Uranium Technologies,Ready,,info@utechng.com,,,https://www.odoo.com/partners/uranium-technologies-19419944
Nigeria,MCEE Business Solutions Limited,Silver,+234 703 923 9885,mnjoku@mceesolutions.com,https://www.mceesolutions.com/,"Plot 265 S. E Asebe Street, Mabushi",https://www.odoo.com/partners/mcee-business-solutions-limited-20870
Nigeria,Ops29 Limited,Silver,+234 912 9935 073,hello@ops29.tech,https://www.ops29.tech/,"The Philippi Centre, Oluwalogbon House, Plot A, Obafemi Awolowo Way, Alausa, Ikeja",https://www.odoo.com/partners/ops29-limited-24788816
Nigeria,Packetclouds Technology,Gold,,,,,https://www.odoo.com/partners/packetclouds-technology-724281
North Macedonia,Nava IT Skopje,Ready,+385 99 434 7200,igor.nazor@nava.hr;vinko.alujevic@nava.hr;katarina.plazibat@nava.hr,https://www.nava.hr/en/contactus,c/o Kabtel,https://www.odoo.com/partners/nava-it-skopje-23650395
North Macedonia,Sydea NMK,Ready,+38971273119,odoo.mk@sydea.com,http://www.sydea.com,Blagoj Davkov 5,https://www.odoo.com/partners/sydea-nmk-29329764
Norway,Linserv AB (Norway),Ready,+46 70 518 65 87,stephen.schmidt@linserv.se,https://www.linserv.se/en_GB,"Vendevägen 85A, 182 32, Danderyd",https://www.odoo.com/partners/linserv-ab-norway-17480291
Norway,Dunamis Technology AS,Ready,+47 69684900,post@dunamistechnology.no,https://www.dunamistechnology.no/,Torget 2,https://www.odoo.com/partners/dunamis-technology-as-7059674
Norway,Aider AS,Silver,+47 906 52 570,livar.byberg@aider.no,https://aider.no/teknologi/erp/odoo,Travbaneveien 3,https://www.odoo.com/partners/aider-as-24449695
Norway,Solvti (Norge),Ready,,,,,https://www.odoo.com/partners/solvti-norge-31619809
Norway,Flyt Norway AS,Gold,+47 906 69 234,hei@flytconsulting.no,https://www.flytconsulting.no/,Strømstangveien 2,https://www.odoo.com/partners/flyt-norway-as-5296138
Oman,Baramej,Ready,+968 9678 1885,info@baramej.io,https://baramej.io/,Ofc 206 Fl2 Bldg308 Al Mauj Mawaleh NthX,https://www.odoo.com/partners/baramej-6181967
Oman,Agility Solutions,Ready,+968 9525 9742,info@agilityglobal.net,http://agilityglobal.net,Ghala,https://www.odoo.com/partners/agility-solutions-7098960
Oman,Audit Station,Ready,+971 56 776 6553 / +968 9146 5122,info@auditstation.om,https://www.auditstation.ae/,Business Bay,https://www.odoo.com/partners/audit-station-9298227
Oman,ATAWAH SPC,Ready,+968 9522 0877,khalid@atawah.com,http://www.atawah.com,"Office 506, 5th Floor, Building no. 289/1",https://www.odoo.com/partners/atawah-spc-6561972
Oman,Durar Information Technology,Ready,+98952634968,durarit212@gmail.com,,South Al Khuwair / Bousher / Muscat Governorate,https://www.odoo.com/partners/durar-information-technology-21930982
Oman,Capital Cloud Trading,Silver,+968 9799 8688,info@cco.om,https://cco.om/,Muscat-Al Khwiar,https://www.odoo.com/partners/capital-cloud-trading-10800981
Oman,Integrated InfoTech,Silver,+968 9436 0181,info@inteinfotech.com,http://inteinfotech.com,Ghala,https://www.odoo.com/partners/integrated-infotech-13117174
Oman,Atheer Global Solutions LLC,Gold,+968 9903 0174,safeer@atheerit.com,,Ruwi,https://www.odoo.com/partners/atheer-global-solutions-llc-4763063
Oman,Masarat for Technology and Trading SPC,Ready,+968 91181636,info@masarat.dev,http://masarat.dev/,P.O Box 1411,https://www.odoo.com/partners/masarat-for-technology-and-trading-spc-21079154
Oman,Appness LLC,Gold,+968 93320912 - +968 98220485,sales@appness.net,https://appness.ai,Azaiba - 18th Nov. Street,https://www.odoo.com/partners/appness-llc-1659695
Oman,Muscat Systems Development,Silver,+968 9827 9251,hatem.alamri@msysdev.com,https://www.msysdev.com,"Muscat Grand Mall, Block 6, 4th Floor, Al Madina Business Center",https://www.odoo.com/partners/muscat-systems-development-4923019
Oman,Linkway Software Solutions,Ready,"+968 92465636, 92886451",sales203@linkwaysoftwares.com,http://linkwaysoftwares.com,Muscat,https://www.odoo.com/partners/linkway-software-solutions-16364850
Oman,Transformation Pioneers,Silver,+968 9647 1719,odoo@tp.rihal.om,http://www.tpioneers.com,Ghalah,https://www.odoo.com/partners/transformation-pioneers-15921209
Oman,Sana Global Intelligent Systems,Ready,,contact@sanarise.com,https://sanarise.com.om,"South Al Mabilah, Al Seeb, 111",https://www.odoo.com/partners/sana-global-intelligent-systems-27150981
Oman,The Flag Solutions,Ready,+968 7252 9262,ghassen@theflagsolution.com,https://www.theflagsolution.com/,Al Khuwair,https://www.odoo.com/partners/the-flag-solutions-23235862
Oman,Concept Solutions,Ready,"+968 79947742, +968 92315949",alireza@conceptgrps.com,http://csloman.com,"Souk Al Ghubrah St, Muscat, Oman",https://www.odoo.com/partners/concept-solutions-23877527
Oman,Sahara Solutions and Services LLC,Silver,00 968 24 707407,info@saharamiddleeast.com,http://www.saharamiddleeast.com,"22, MIC Building, Al Khuwair Street",https://www.odoo.com/partners/sahara-solutions-and-services-llc-12684961
Oman,Wasla Innovations - Febno,Silver,+968 9719 7105,wasla@febno.com,,"Tamimah Complex - 2nd Floor, Al Nahdah, All Wattayah",https://www.odoo.com/partners/wasla-innovations-febno-16831056
Pakistan,Bizsol360,Ready,+92 333 2301515,info@bizsol360.com,https://www.bizsol360.com/,"S.D 1/A Block M, North Nazimabad",https://www.odoo.com/partners/bizsol360-1687542
Pakistan,Aquila 360,Ready,+92 321 7502323,"adeelnayyer@aquila360.com, mudassirnayyer@aquila360.com",https://aquila360.com/,"Lahore, Punjab 54000, Pakistan",https://www.odoo.com/partners/aquila-360-20682908
Pakistan,Aurora Solutions,Ready,+92 345 5084987,sales@aurorasolutions.io,https://www.aurorasolutions.io/,"4th Floor, Gulberg Emporium, Business Square, Gulberg Greens",https://www.odoo.com/partners/aurora-solutions-21818452
Pakistan,Al-Bari Consulting Group,Ready,+92 304 4373194,taha@albaricg.com,https://albaricg.com/,114 A Gul e Daman Society,https://www.odoo.com/partners/al-bari-consulting-group-13836852
Pakistan,Advanturalabs Software Development,Ready,+92 308 5222712,info@advanturalabs.com,https://advanturalabs.com/,ASIF HEIGHTS PLAZA NO 1117 BLOCK F LAKE CITY MEADOWS EX STATE LIFE,https://www.odoo.com/partners/advanturalabs-software-development-27195934
Pakistan,ACTINATION SERVICES,Ready,+92 313 6124644,pm@actination.com.pk,,"8-B, Industrial Estate, Multan. Pakistan",https://www.odoo.com/partners/actination-services-11233983
Pakistan,ASR BPO (Private) Limited,Ready,+92 300 4853639,sales@asrbpo.com,http://asrbpo.com/,"83, Q Block, Johar Town, Lahore",https://www.odoo.com/partners/asr-bpo-private-limited-18459276
Pakistan,Algocraft LLC,Ready,+1 469 991 2321,Odoo@algocraft.ai,https://algocraft.ai/,Shahrah-e-Faisal,https://www.odoo.com/partners/algocraft-llc-19095860
Pakistan,Byte Legions,Ready,+92 42 35457459,info@bytelegions.com,https://bytelegions.com,193 Shan bhatti Road Ali Town,https://www.odoo.com/partners/byte-legions-28413483
Pakistan,Codelegion LLP,Ready,+92 304 3850645,info@thecodelegion.com,http://www.thecodelegion.com,P-9 Street No.10 A Block Z Madina Town,https://www.odoo.com/partners/codelegion-llp-4461699
Pakistan,Deliverydevs Private Limited,Ready,+92 311 0993322,ebrahim@deliverydevs.com,http://deliverydevs.com,"106-C Lane 1, D.H.A. Phase 8 Zulfiqar & Al Murtaza Commercial Area Phase 8 Defence Housing Authority",https://www.odoo.com/partners/deliverydevs-private-limited-18345125
Pakistan,ERMANAGER CONSULTING SERVICES,Silver,+92 300 9234515,sajid.hakeem@ermanagercs.com,http://www.ermanagercs.com,"225/1/F PECHS Block 2 Abdul Sattar Masti Khan Road, Karachi",https://www.odoo.com/partners/ermanager-consulting-services-18556932
Pakistan,EBITDA SOLUTIONS LLP,Ready,+92 311 6427867 +92 321 5999030,info@ebitdasolutions.com,https://ebitdasolutions.com,"347/3B, Main Lahore – Kasur Rd, near Bhabra Market Road, Block M Gulberg III,",https://www.odoo.com/partners/ebitda-solutions-llp-23679191
Pakistan,Corbis Soft,Ready,+92 300 8676368,info@corbissoft.com,http://www.corbissoft.com/,"425-J3, Johar Town,",https://www.odoo.com/partners/corbis-soft-5952412
Pakistan,Future Sync IT,Ready,+92 300 9479031,ceo@futuresyncit.com,https://futuresyncit.com/,1,https://www.odoo.com/partners/future-sync-it-13144802
Pakistan,Growise Devs,Ready,+92 304 2191118,Info@growisetech.com,https://growisetech.com,414 F Johar Town,https://www.odoo.com/partners/growise-devs-20818719
Pakistan,Evolusion Tech Solution (Pvt.) Ltd.,Silver,+92 313 1105396,info@evolusiontech.com,http://www.evolusiontech.com,"Office Address: Plot No. 6C, 21st Commercial Street, DHA Phase -2 Extension",https://www.odoo.com/partners/evolusion-tech-solution-pvt-ltd-18427903
Pakistan,Bundo Tech,Ready,+92 314 2108238,info@bundo.tech,http://bundo.tech/,Kawish Crown Plaza Shah re -Faisal Karachi,https://www.odoo.com/partners/bundo-tech-18840883
Pakistan,Global XS Technology Solutions,Gold,+92 321 4091114,rizwan.bhatti@globalxs.co,http://www.globalxs.co,"31-A, Commercial Sector E",https://www.odoo.com/partners/global-xs-technology-solutions-1353291
Pakistan,Hussain Chaudhury Consulting (HCC),Ready,+92 300 0334574,shabbar.raza@hcc.com.pk,http://www.hcc-me.com,"7th Floor, Gulmohar Trade Centre, Main Market Lahore",https://www.odoo.com/partners/hussain-chaudhury-consulting-hcc-4010906
Pakistan,HAK TECHNOLOGIES (SMC-PRIVATE) LIMITED,Ready,+92 334 4080464,hunain_ak@yahoo.com,http://haktechnologies.com,Engineers Town Sector B,https://www.odoo.com/partners/hak-technologies-smc-private-limited-7716440
Pakistan,HSxTECH,Silver,+92 307 4441188,harris.shaikh@gmail.com,http://hsxtech.net/,"Farooq Industrial Estate, AL-Noor Town, Anam Road Ferozpur Road",https://www.odoo.com/partners/hsxtech-17326294
Pakistan,Hexalyze Consulting Services,Ready,+92 312 245 9505 | +966557729580,odoo@hcsgroup.io,http://hexalyze.com,UAE/ KSA / PK,https://www.odoo.com/partners/hexalyze-consulting-services-13172425
Pakistan,Impliway,Ready,+92 21 34978885,hello@impliway.com,https://www.impliway.com,"Suite#1001, Noor trade centre, Main University Rd, Block 13/A Block 13 A Gulshan-e-Iqbal,",https://www.odoo.com/partners/impliway-21204732
Pakistan,Infoman Solutions,Ready,,,,,https://www.odoo.com/partners/infoman-solutions-23382606
Pakistan,Inbox Business Technologies,Ready,+92 3216667797,rohma.shakeel@inboxbiz.com,http://inboxbiz.com,"5th floor, Dawood Centre, PIDC, M.T Khan Road, Karachi, Pakistan",https://www.odoo.com/partners/inbox-business-technologies-5437744
Pakistan,Infinitrs (Private) Limited,Ready,+92 335 2993351,m.umer@infinitrs.com,https://infinitrs.com/,"911, 9th Floor, Park Avenue",https://www.odoo.com/partners/infinitrs-private-limited-11507178
Pakistan,IBL-Unisys,Silver,+92 300 2010716,asif.siddiqui@iblgrp.com,https://www.iblgroup.com/,"3rd Floor, One IBL Center, Plot No 1 Block 7 & 8",https://www.odoo.com/partners/ibl-unisys-16744942
Pakistan,Ideabox,Ready,+92 308 2224604 / +971 52 3164786,obaid.rehman@ideabox.technology,http://www.ideabox.technology,"Office No: 005, NASTP Sierra, Shahrah-e-Faisal Rd, Faisal Cantonment",https://www.odoo.com/partners/ideabox-10655877
Pakistan,InfraNext SMC-Private Limited,Ready,+92 213-713-2235,sufyan@infranext.co,https://infranext.co/,"Suite B-407, Level 4, Fortune Towers",https://www.odoo.com/partners/infranext-smc-private-limited-31269049
Pakistan,Intercraft Private Limited,Ready,+92 336 9237827,nbashir@intercraftsol.com,http://www.intercraftsol.com/,"Upper Ground Floor, Grand Xcito, D-Markaz, Gulberg Greens",https://www.odoo.com/partners/intercraft-private-limited-13254748
Pakistan,M.A.H & Co Chartered Accountants,Ready,+92 300 8429232,mohsin@mohsinca.com,https://mahca.co/,"150 Garden Block, New Garden Town",https://www.odoo.com/partners/m-a-h-co-chartered-accountants-17976034
Pakistan,INVOSOL,Ready,+92 333 4220752,invosol2025@gmail.com,https://invo-sol.com/,"Office Number 4, 2nd Floor,",https://www.odoo.com/partners/invosol-20543031
Pakistan,Affinity Business Suite,Gold,+92 346 4991561,adnan.gulzar@affinitysuite.net,http://affinitysuite.net/,"Office No. 312, 3rd Floor, RSM Square, Shaheed Milat Service Road, Jinnah Housing Society P.E.C.H.S.",https://www.odoo.com/partners/affinity-business-suite-3082276
Pakistan,Leaders Corporate Private Limited,Gold,+971 50 130 2154,asif.qureshi@leaderscorp.net,http://leaderscorp.net,"Office 35, 35th Floor",https://www.odoo.com/partners/leaders-corporate-private-limited-2126269
Pakistan,Novator,Ready,+92 300 8293477,hasan@novator.co,https://www.novator.co,"B-36, Main University Road, Gulshan-e-Iqbal, Block-16",https://www.odoo.com/partners/novator-825459
Pakistan,KORYX (Pvt) Limited,Ready,+92 321 5345359,manal@centricsol.com,http://Koryx.ai,"Suite 508, Al Safa Heights I, Hilal Road, F 11/1",https://www.odoo.com/partners/koryx-pvt-limited-6422099
Pakistan,Metasoftec Consulting,Ready,+92 321 2579215,metasoftec.erp@gmail.com,https://www.metasoftec.com/,"Defiance Mall, Shop# F41 Phase 6 Defence Housing Authority, Karachi, 75500, Pakistan",https://www.odoo.com/partners/metasoftec-consulting-11538729
Pakistan,Mediod Consulting Pvt Ltd,Silver,+92 306 8010971,info@mediodconsulting.com,http://www.mediodconsulting.com/,"Office No. 1, 3rd Floor, Khawar Business Center, Commercial Area",https://www.odoo.com/partners/mediod-consulting-pvt-ltd-11091376
Pakistan,Nexus Core Fusion,Ready,+92 3218111128,hussainmahmood85@gmail.com,https://www.linkedin.com/in/hussain-mahmood-bhangu/,"181 Ahmed Block,",https://www.odoo.com/partners/nexus-core-fusion-12059074
Pakistan,ERISP Private Ltd,Ready,+92 315 4411411,ceo@erisp.net,https://erisp.net/,"Office#41, IT Park, ZU Business Center, Chamkani",https://www.odoo.com/partners/erisp-private-ltd-6139605
Pakistan,NumDesk (Private) Limited,Ready,+92 323 4035523,odoo@numdesk.com,https://numdesk.com/,"Office No. 4117, 1st Floor, Delta-4, National Aerospace Science and Technology Park (NASTP), Cantt",https://www.odoo.com/partners/numdesk-private-limited-5508206
Pakistan,Innovazy,Ready,+92 313 5486656,fiaz.ali@innovazy.com,https://www.innovazy.com/,"No 105, 1st floor, Pak Tower, Range Road",https://www.odoo.com/partners/innovazy-12546604
Pakistan,ONPOINT XS (SMC-PVT) LTD,Ready,,,,,https://www.odoo.com/partners/onpoint-xs-smc-pvt-ltd-25575844
Pakistan,Prissol (Private) Limited,Ready,+92 330 4214213,arslan@prissol.com,http://www.prissol.com/,"39 CCA Phase 8 (Ex Park View),DHA",https://www.odoo.com/partners/prissol-private-limited-20073069
Pakistan,ODOCORE,Silver,+92 300 8480123,mas@odocore.com,https://www.odocore.com,"42 First Floor, New Liberty Tower, Opposite Pace Shopping Mall, Link Road, Model Town",https://www.odoo.com/partners/odocore-15389173
Pakistan,Prodo,Silver,+92 336 2830235,hasan@prodo.pk,http://www.prodo.pk,DHA Phase 8 Karachi,https://www.odoo.com/partners/prodo-17565810
Pakistan,RASCO GLOBAL SOLUTIONS (PRIVATE) LIMITED,Silver,"+92 333 4298170,+92 309 4334452,",aqeel.zahid@rascogs.net,http://www.rascogs.net,"LAHORE-ISLAMABAD-FAISALABAD - KARACHI - MULTAN Head Office : 175 C, OPF Housing Scheme, Lahore. PAKISTAN",https://www.odoo.com/partners/rasco-global-solutions-private-limited-5847222
Pakistan,Stratos Hub SMC Pvt. Ltd.,Ready,+92 313 4349421,info@stratos-hub.com,,"103A/3, Sattelite Town,",https://www.odoo.com/partners/stratos-hub-smc-pvt-ltd-25243088
Pakistan,Odolution Private Limited,Gold,+92 333 3225486,zeeshan@odolution.com,http://odolution.com/,#C28 Gulistan-e-Jauhar Block 1A University Road,https://www.odoo.com/partners/odolution-private-limited-7112466
Pakistan,Salman & Raheel Chartered Accountants,Ready,+92 321 8200494,sjangda@srca.com.pk,http://srca.com.pk,"office number 808, iconic business Center Bhadurabad",https://www.odoo.com/partners/salman-raheel-chartered-accountants-22501383
Pakistan,Sky Elevent Technologies LLC,Ready,+92 333 8172260,sami@eleventtech.com,,SKT,https://www.odoo.com/partners/sky-elevent-technologies-llc-12625682
Pakistan,Prixite Pakistan,Ready,+92 333 1268903,hi@prixite.com,https://prixite.com/,"4 Mazang Road, Near Family Hospital",https://www.odoo.com/partners/prixite-pakistan-17035669
Pakistan,Red Flag Consulting,Ready,,,,,https://www.odoo.com/partners/red-flag-consulting-5019301
Pakistan,Safasha Business Solutions,Silver,+92 3456781878,m.nasir@safashasolutions.com,https://safashasolutions.com/it-services,"House No 25 G, Gulberg 2, Lahore",https://www.odoo.com/partners/safasha-business-solutions-309382
Pakistan,SYSBRIDGE (PRIVATE) LIMITED,Ready,,,,,https://www.odoo.com/partners/sysbridge-private-limited-27105348
Pakistan,Pearl Solutions (Pvt.) Ltd.,Ready,+92 333 5685222,awais@pearlsol.com,https://pearlsol.com/,590 Shadman I,https://www.odoo.com/partners/pearl-solutions-pvt-ltd-7874428
Pakistan,TAK DEVS PVT LTD,Ready,+92 300 4212395,Shaheryar.tk@takdevs.com,,"Sadat Silk Center, Office# G43, Street# 18, Pakistan Town Phase 2 Rd",https://www.odoo.com/partners/tak-devs-pvt-ltd-15938620
Pakistan,Tenxora (Private) Limited,Ready,+92 300 5011428,contact@tenxora.com,https://www.synchronousservices.com,"4th Floor, Interlace Plaza, I-8 Markaz, Islamabad",https://www.odoo.com/partners/tenxora-private-limited-14366535
Pakistan,TEAMUP4SOLUTIONS,Ready,+92 302 8800444,info@teamup4solutions.com,http://teamup4solutions.com,"503 AL Latif Center,",https://www.odoo.com/partners/teamup4solutions-7600508
Pakistan,Tecaudex Private Limited,Ready,+923237399596,tecaudex@gmail.com,http://tecaudex.com,245 B-Block Valencia Town,https://www.odoo.com/partners/tecaudex-private-limited-29432819
Pakistan,System Nexgen,Ready,+92 317 9955114,imran@systemnexgen.com,http://www.systemnexgen.com,"Plot# A-220, First Floor, Block-13A PROJECT 7 PRECHS Gulshan-e-Iqbal Karachi, Pakistan",https://www.odoo.com/partners/system-nexgen-4462153
Pakistan,Synavos Solutions,Silver,+92 322 8492164,ask@synavos.com,http://synavos.com,"346, G3, Johar Town",https://www.odoo.com/partners/synavos-solutions-13284829
Pakistan,The Tech Canvas,Ready,+923002332131,zubair.atiq@gmail.com,https://www.thetechcanvas.com/,88 D 1 Block 6 PECHS,https://www.odoo.com/partners/the-tech-canvas-10277769
Pakistan,WeStack Solutions (PVT) Ltd,Ready,+92 344 4446758,saeed@westackltd.com,http://westackltd.com,"9th Floor, City Towers, 6-K Gulberg 2",https://www.odoo.com/partners/westack-solutions-pvt-ltd-15142534
Pakistan,Visiomate,Ready,+92 304 4797665,tauseef@visiomate.com,https://visiomate.com/,"1st Floor, 126 Lahore – Kasur Rd, Saroba Garden Housing Scoiety, Lahore, 54700",https://www.odoo.com/partners/visiomate-12535650
Pakistan,Wizcos Solutions,Ready,+923343803864,shaheryarjunejo@gmail.com,http://www.wizcos.com,"305, SQ99 Mall. Sector E. Bahria Town",https://www.odoo.com/partners/wizcos-solutions-18433259
Pakistan,Vantrex Consulting Pvt. Ltd,Ready,+923030470467/+923325092559,ahsan.ali@vantrexconsulting.com,https://vantrexconsulting.com/,House #216 street 10 cavalry ground Lahore Pakistan,https://www.odoo.com/partners/vantrex-consulting-pvt-ltd-13242246
Pakistan,XnRel,Ready,+92 42 35972103,salman@xnrel.com,http://xnrel.com,Off-02 Level 08 ARFA Karim S/w Tech Park,https://www.odoo.com/partners/xnrel-9646834
Pakistan,SK Technology,Ready,+92 309 9170754,support@sktechnology.co,http://www.sktechnology.co,Johar Town Lahore,https://www.odoo.com/partners/sk-technology-4029685
Pakistan,Xynotech,Ready,"+92-334-3991585, +92-312-2848257",odoo.sales@xynotech.com,http://xynotech.com,"B-112, Block-6, Gulshan-e-Iqbal",https://www.odoo.com/partners/xynotech-9095337
Pakistan,Trionex Private Limited,Silver,+92 311 4994809,ali.aslam@trionex.pk,http://trionex.pk,"2nd Floor, Building 25, Broadway, Park View City, Main Multan Road,",https://www.odoo.com/partners/trionex-private-limited-17069015
Pakistan,TechCog Pvt. Ltd.,Ready,,,,,https://www.odoo.com/partners/techcog-pvt-ltd-19509146
Panama,Agile Business S.A,Ready,,,,,https://www.odoo.com/partners/agile-business-s-a-23915271
Panama,BACG Panamá,Ready,,aruggero@bacgroup.net,,"PH Oceanía, Torre 1000, piso 49, oficina 18",https://www.odoo.com/partners/bacg-panama-14283540
Panama,Bita Tech,Ready,+507 6898-5121,info@bitatech.ai,,"Calle 4taPanamá, Provincia de Panamá",https://www.odoo.com/partners/bita-tech-32079447
Panama,Accounting Evolutions,Ready,+507 6498-5894,info@aevolutions.com,https://www.aevolutions.com/,"Panamá Oeste, Barrio Balboa, Av Libertador, Edificio Simasa, Piso 1",https://www.odoo.com/partners/accounting-evolutions-24079256
Panama,Blaise Technology,Ready,+507 6944-0149,contact@blaisetechnology.com,http://www.blaisetechnology.com,The Sands 1412,https://www.odoo.com/partners/blaise-technology-17972782
Panama,ADVISERP,Ready,+502 4710 1873,info@adviserp.com,https://adviserp.com/,"Bella Vista Calle 43 Nro, Ph Colores de Bella Vista oficina 14CD",https://www.odoo.com/partners/adviserp-27921166
Panama,ALX INGENIERIA.,Ready,+507 6980-0507,alex@alxingenieria.com,http://alxingenieria.com,"BELLA VISTA, CL 59, AVE. SAMUEL LEWIS, EDIF. KENEX PLAZA, PISO 9",https://www.odoo.com/partners/alx-ingenieria-18234263
Panama,"AK Digital Soluciones Integrales Panama, Corp",Ready,+507 6478-3140,fcivira@akdigitales.com,https://akdigitales.com/,PH Prime Time Tower Piso 6,https://www.odoo.com/partners/ak-digital-soluciones-integrales-panama-corp-31574466
Panama,BO CAPITAL S.A.,Ready,,,,,https://www.odoo.com/partners/bo-capital-s-a-28974808
Panama,Ahmnet.com,Ready,+507 390-0472,info@ahmnet.com,http://www.ahmnet.com,Panama,https://www.odoo.com/partners/ahmnet-com-2193701
Panama,"CL Advanced Technologies, SA",Ready,+507 261-3145,ventas@clatsa.com,,"PH Plaza Valencia, planta baja, local 5. San Francisco.",https://www.odoo.com/partners/cl-advanced-technologies-sa-19703699
Panama,BPS Consulting Group SA,Ready,,ofirborja@bpsla.com,,,https://www.odoo.com/partners/bps-consulting-group-sa-20691562
Panama,"Corporación Tesla, S.A.",Ready,,,,,https://www.odoo.com/partners/corporacion-tesla-s-a-9456276
Panama,Compunet Solutions,Ready,+507 63947072,info@compunetsolutionspty.com,https://compunetsolutionspty.com/about-us,"Via España, Panama",https://www.odoo.com/partners/compunet-solutions-2978442
Panama,Compulab SA,Ready,64284138,equipodedesarrollo@compulab.com.pa,http://www.compulab.com.pa,"Panamá, Edificio credicorp bank, piso 18, calle 50",https://www.odoo.com/partners/compulab-sa-2404120
Panama,DROPSTUDIO,Silver,+52 33 2775 0061,info@dropstudio.us,https://odoo.dropstudio.us,"Tower Financial Center, 35th Floor",https://www.odoo.com/partners/dropstudio-23662200
Panama,ERP Control,Silver,+50769441085,direccion@erpcontrol.org,,"Punta Pacífica - PH Oceania Business Plaza Torre 1000, Planta 49 oficina B5",https://www.odoo.com/partners/erp-control-13651552
Panama,"Cortex Sistemas, S.A.",Ready,+507 64002922,info@cortex.pa,http://www.cortex.pa,"Cl. Anastasio Ruiz, Vista Bella Plaza",https://www.odoo.com/partners/cortex-sistemas-s-a-23860469
Panama,"G-FORCE CONSULTING, S.A.",Ready,+507 6853-0868,ventas@gforceint.com,https://gforceint.com/,"PH plaza 2000, Spaces PB, oficina 79, calle 53 este con calle 50, Marbella",https://www.odoo.com/partners/g-force-consulting-s-a-30200339
Panama,Fixon Consulting panama,Ready,+54 11 3126-3777,info@fixon.com.ar,https://fixon.com.ar,"Calle Playa Blanca, Edificio Coral Park 5",https://www.odoo.com/partners/fixon-consulting-panama-12394362
Panama,EduWeb Consulting Services Corp,Ready,+507 833-9913,sdelacalle@eduwebgroup.com,http://www.eduwebgroup.com,"Avenida Samuel Lewis y Calle 53 - Edificio Omega Piso 6, oficina 6B-812",https://www.odoo.com/partners/eduweb-consulting-services-corp-2214476
Panama,"GATEWAY RESOURCES TECHNOLOGY, S.A.",Silver,+507 6624-8964,ventas@gateway-resources.com,http://www.gateway-resources.com,Oficinas Spaces. Oficina No 121,https://www.odoo.com/partners/gateway-resources-technology-s-a-1396220
Panama,"GLADiiUM Technology Partners, S.A.",Ready,+507 836-5344,info@gladiium.com,http://gladiium.com,"Calle 50 Edificio Credicorp, Piso 31",https://www.odoo.com/partners/gladiium-technology-partners-s-a-11710802
Panama,HONG KONG SMART,Ready,+507 6363-3073/6291-3178,ventas@hkspty.com,https://hkspos.com/,"Calle Avenida Miguel Brostella, casa: LOCAL 4, Urbanización URBANIZACION EL DORADO",https://www.odoo.com/partners/hong-kong-smart-15931396
Panama,Housthink,Ready,,dev@housthink.com,,,https://www.odoo.com/partners/housthink-19296602
Panama,Kmalia Tech,Ready,+507 6756-5159 | +51 939-952-966,hello@kmaliatech.com,https://www.kmaliatech.com/,PH Pacific Park Towers 18C Este,https://www.odoo.com/partners/kmalia-tech-22969619
Panama,INTELBIZ PANAMÁ S.A.,Ready,+507 6713-7221,virginia@intelbizpanama.com,https://www.intelbizpanama.com/,Vía Transistmica - PH Cosmopolitan Tower Torre 100 Pueblo Nuevo.,https://www.odoo.com/partners/intelbiz-panama-s-a-20731201
Panama,IP Panamá SA,Ready,+507 6213-7192,info@ip-panama.com,,"Ciudad de Panamá, Betania Calle 75i Oeste Galera 448 Local #1",https://www.odoo.com/partners/ip-panama-sa-20531007
Panama,Manuel Aguirre,Ready,+50766707395,ventas@logicsoft-panama.com,,"Vía Ricardo J. Alfaro, Ciudad de Panamá, City Center",https://www.odoo.com/partners/manuel-aguirre-3379488
Panama,MEDICSITE SA,Ready,+507 6716-6427,deleon@medic.site,,"San Miguelito, El Crisol, Ph Alta Terra.",https://www.odoo.com/partners/medicsite-sa-28978382
Panama,"Mastermind Group, S.A.",Ready,+50763718005,ventas@mastermind-it.com,,"Avenida Balboa, Balboa Office Center, piso 29",https://www.odoo.com/partners/mastermind-group-s-a-6596523
Panama,Memorias Fiscales Corp.,Ready,+507 6020-1328,info@memoriasfiscales.com,http://www.memoriasfiscales.com,"Ph Century Tower, piso 15",https://www.odoo.com/partners/memorias-fiscales-corp-24163143
Panama,PROCONSULTING POS,Ready,,,,,https://www.odoo.com/partners/proconsulting-pos-23474611
Panama,Obsidian Development,Ready,,,,,https://www.odoo.com/partners/obsidian-development-28286132
Panama,Omicron Panama Corporation,Ready,+507 6581-5802,aplicaciones1@omicroncorp.com,https://www.omicroncorp.com,"Vía Israel, entre calle 68 y 69 este",https://www.odoo.com/partners/omicron-panama-corporation-23919151
Panama,Prodesa Consulting,Ready,+507 6070-4743,lcarrillo@prodesaconsulting.com,https://www.prodesaconsulting.com/,Embassy Villages Torre F1 apartamento A5,https://www.odoo.com/partners/prodesa-consulting-9929077
Panama,Sistemática Internacional Inc,Ready,+505 7872 6589,info@sistematica.io,http://www.sistematica.io,"PH Proconsa 1, 11th Floor",https://www.odoo.com/partners/sistematica-internacional-inc-28714978
Panama,Rootstack,Ready,+1 215 883 4359,alejandro@rootstack.com,https://www.rootstack.com/en,"Street Martin Luther King (IPA). House#10. Hato Pintado, Panama City.",https://www.odoo.com/partners/rootstack-3251017
Panama,Simple IT,Ready,+507 6679-2166,vsaenz@simpleit.com.pa,https://simplelatam.com/,Calle 78 este PH COCO MAR,https://www.odoo.com/partners/simple-it-1745209
Panama,Hermec Consulting,Gold,+(507) 394-8250,ventas@hconsul.com,http://www.hconsul.com,"Ave. Balboa, PH Bay View",https://www.odoo.com/partners/hermec-consulting-681366
Panama,STARTHERE VENTURES CORP,Ready,,,,,https://www.odoo.com/partners/starthere-ventures-corp-12092680
Panama,M7 FuturERP Panama S.A,Ready,Panama (Local): 507 836-0114 - Canada/USA: (800) 771-8244,sales@m7futurerp.ai,http://www.m7futurerp.ai,"Torre Global Bank, 23rd Floor,",https://www.odoo.com/partners/m7-futurerp-panama-s-a-26168857
Panama,"Smart Consulting LA S,A",Ready,+507 382-6681,asaenz@smartconsultingla.com,http://www.smartconsultingla.com,"PH Blue Business Center, C. 67 Este 72",https://www.odoo.com/partners/smart-consulting-la-s-a-9100055
Panama,PSDC INC.,Gold,+507 6201-8962,info@psdc.com.pa,http://www.psdc.com.pa,Edison Coporate,https://www.odoo.com/partners/psdc-inc-1984942
Panama,STEP Consultores,Ready,,info@stepconsultores.com,,,https://www.odoo.com/partners/step-consultores-17189611
Panama,SOLUCIONES TECNICAS ALPHA S.A.,Ready,+507 397-1169,info@alphapos.biz,http://www.alphapos.biz,Albrook. Av. Omar Torrijos Herrera con Calle Estación Puma. Edificio BPA. Oficina 216,https://www.odoo.com/partners/soluciones-tecnicas-alpha-s-a-6939939
Panama,TechQbit S.A.,Ready,+507 6731-6678,consultor@techqbit.com,http://www.techqbit.com,"Provincia de PANAMÁ, Corregimiento BELLA VISTA, Urbanización BELLA VISTA",https://www.odoo.com/partners/techqbit-s-a-18048665
Panama,TicTeams,Ready,+507 6329-7259,oleiva@ticteams.com,https://ticteams.com/,P.H. Bay View. Oficina 2105,https://www.odoo.com/partners/ticteams-12246135
Panama,THAVAS S.A.,Silver,+507 6960-0483,rpadron@thavas.xyz,https://thavasconsultoria.com/,"Blvd. Costa del Este, Av. de la Rotonda, PH Torre Banco Panamá, Of. 14B",https://www.odoo.com/partners/thavas-s-a-5933037
Paraguay,Appex,Ready,,info.py@appex.lat,,"14 de Mayo Nº 1765, entre 5.ª Proyectada (Av. Francisco Acuña de Figueroa) y 6.ª Proyectada, barrio General Díaz",https://www.odoo.com/partners/appex-32860291
Paraguay,Dato Veritas,Ready,,,,,https://www.odoo.com/partners/dato-veritas-24311133
Paraguay,BLINDESA S.A RUC,Ready,+595 971 443366,administracion@blindesa.com,https://www.blindesa.com/#0,"Juan Pablo Gorostiaga Nro 601, Barrio Ytay",https://www.odoo.com/partners/blindesa-s-a-ruc-26525837
Paraguay,Dawn Developments,Ready,+595 991 871995,odoo@dawnpy.com,https://dawnpy.com/,Av. Roque Gonzalez 2040,https://www.odoo.com/partners/dawn-developments-28665452
Paraguay,Aifos SA,Ready,+595 982 358601,comprangel66@gmail.com,https://aifos-sa1.odoo.com/,Jacinto Herrera esquina Uruguay,https://www.odoo.com/partners/aifos-sa-24098418
Paraguay,Avatar Informatica SRL,Ready,+595 983 111901,all@avatar.com.py,https://avatarinformatica.com/,Andrés Campos Cervera 5765,https://www.odoo.com/partners/avatar-informatica-srl-18720980
Paraguay,ANTUX,Ready,+595 976 738400,antuxpy@gmail.com,https://www.antux.com.py,Tte. Oscar Botana,https://www.odoo.com/partners/antux-22969432
Paraguay,Definetec,Ready,+595 971 525727,walid@definetec.com.py,https://www.definetec.com.py/,India & Benza Carrera,https://www.odoo.com/partners/definetec-19100889
Paraguay,Continuo EAS,Ready,+595 981 711130,hola@continuo.com.py,https://www.continuo.com.py/,Ayolas 1560 c/ Roma,https://www.odoo.com/partners/continuo-eas-16551745
Paraguay,CRITERIUM S.A.,Silver,+595991927531,pascual.aquino@criterium.com.py,http://www.criterium.com.py,"Edificio Luft, Soriano González Nro. 184 e/ Olegario Andrade y Guido Spano, 1er Piso",https://www.odoo.com/partners/criterium-s-a-2401397
Paraguay,Gadol Consulting,Ready,+595 986 608039,msalcedo@gadolconsulting.com,https://www.gadolconsulting.com,Excomb. Simón Jara c/ Ruta 1 Km 17,https://www.odoo.com/partners/gadol-consulting-13885622
Paraguay,EBIZ S.A.,Ready,+595 981 889288,sol@mundoebiz.com.py,,Consorcio CoWorks,https://www.odoo.com/partners/ebiz-s-a-15778368
Paraguay,Metal Zero,Ready,+595 992 440730,alexis.waisman@gmail.com,http://www.linkedin.com/in/alexis-waisman-7398225a,Ruta Nacional n°3 - Kilometro 18.5,https://www.odoo.com/partners/metal-zero-1362307
Paraguay,ITER E.A.S By Inside Informatica,Ready,+54 9 11 3915-1510,odoo@iter.com.py,https://iter.com.py/,Gonzalo Bulnes 830,https://www.odoo.com/partners/iter-e-a-s-by-inside-informatica-15990284
Paraguay,Girolabs S.A.,Ready,+595 981 530572,rodri@girolabs.com,,Bulnes 830 casi España,https://www.odoo.com/partners/girolabs-s-a-18393088
Paraguay,Multisoft Paraguay SRL,Ready,+595 976 893 944,info@multisoft.com.py,,"Mexico 1415, Asunción 1209, Paraguay",https://www.odoo.com/partners/multisoft-paraguay-srl-25297279
Paraguay,Nodica E.A.S,Ready,,,,,https://www.odoo.com/partners/nodica-e-a-s-27778158
Paraguay,"Girolabs S.A., rodri@girolabs.com",Ready,,,,,https://www.odoo.com/partners/girolabs-s-a-rodri-girolabs-com-2811008
Paraguay,Interfaces S.A.,Gold,+595 21 689 8222,info@interfaces.com.py,http://www.interfaces.com.py,Aviadores del Chaco 2351 esq.,https://www.odoo.com/partners/interfaces-s-a-2173011
Paraguay,TECNOPRO ASSISTANCE,Ready,,,,,https://www.odoo.com/partners/tecnopro-assistance-4184723
Paraguay,REDTOUCH E.A.S.,Ready,+595 991 895683,eduardo@redtouch.com.py,https://redtouch.com.py,Igualdad c/ Sacramento,https://www.odoo.com/partners/redtouch-e-a-s-18229940
Paraguay,Sati,Gold,+595 981 401364,dahiana.gomez@sati.com.py,http://www.sati.com.py,Palma 753 entre oleary y ayolas - Edificio Unión Club 2do. piso,https://www.odoo.com/partners/sati-2077448
Paraguay,Segel Logistica S.A.,Silver,+595 21 238 8000,mhersch@segel.com.py,http://www.segel.com.py,Av. Gral. José Gervasio Artigas 2427,https://www.odoo.com/partners/segel-logistica-s-a-3031902
Paraguay,Torus,Silver,+595 981 125154,info@torus.dev,https://www.torus.dev,Juan de Salazar y Espinoza,https://www.odoo.com/partners/torus-20528892
Paraguay,Solvan Soluciones de Vanguardia,Ready,+595 985 418094,jose.azevedo@solvan.com.py,,"Paraiso 1310 esquina 14 de abril, barrio hipodromo",https://www.odoo.com/partners/solvan-soluciones-de-vanguardia-18110858
Paraguay,Viridis,Ready,+595 981 777178,christian.morel@viridis.com.py,https://www.viridis.com.py,Moises Bertoni 1039,https://www.odoo.com/partners/viridis-18582906
Peru,ACIDE,Ready,+51 945 041 744,sgc@acideperu.org,,CAL. PAZ SOLDAN NRO. 815 MIRAFLORES,https://www.odoo.com/partners/acide-25474802
Peru,CERTICOM SAC,Ready,+51 943 718 043,egonzales@tns.com.pe,,Av Canaval y Moreyra Nro. 452 Ps 5,https://www.odoo.com/partners/certicom-sac-8602765
Peru,Brighter Peru,Ready,+61 400 578 185,info@ibrighter.com,http://www.ibrighter.com,Avenida Zamacola 205-A Yanahuara,https://www.odoo.com/partners/brighter-peru-11060748
Peru,Acelera Factoring S.A.,Ready,+51 998 363 563,ebozanic@acelera.pe,http://www.acelera.pe/,CAL. MONTE GRANDE 109 INT. 308,https://www.odoo.com/partners/acelera-factoring-s-a-10777642
Peru,Alesco Perú SAC,Ready,+51 969 272 310,informes@alescoperu.com,http://www.alescoperu.com,Av. Sergio Bernales N° 192,https://www.odoo.com/partners/alesco-peru-sac-7659855
Peru,"Cabalcon, S.A.C.",Ready,+51997516301,acarlin@cabalcon.com.pe,https://cabalcon.odoo.com/,Av. la Encalada 1090,https://www.odoo.com/partners/cabalcon-s-a-c-99408
Peru,"Adaptapro, EIRL",Ready,+51 989 322 442,aldomengoni@gmail.com,https://adapta-pro.com,"Calle German Schreiber 276, San Isidro",https://www.odoo.com/partners/adaptapro-eirl-4504859
Peru,Alwa Peru SA,Gold,+51 963 618 644,contacto@alwaperu.pe,http://www.alwaperu.pe,Calle Jorge Chávez 263,https://www.odoo.com/partners/alwa-peru-sa-1588731
Peru,Alcalde Seven Edge Advisory SCR Ltda,Ready,+51 989 167 105,administracion@7edgeadvisory.com,,AV. JAVIER PRADO ESTE NRO. 488 INT. 901,https://www.odoo.com/partners/alcalde-seven-edge-advisory-scr-ltda-17580932
Peru,CLIENTUM SAC,Ready,,,,,https://www.odoo.com/partners/clientum-sac-24213863
Peru,Conecta Inkaopen,Ready,+51 922 483 639,conecta@inkaopen.com,http://www.inkaopen.com,Partner técnico y funcional Odoo,https://www.odoo.com/partners/conecta-inkaopen-12079663
Peru,CORPORACION COMPUTER SYSTEMS SOLUTION S.A.C,Ready,+51 987 807 208,mvega@css.pe,https://www.css.pe/,"Calle Las Violetas #166 Dpto. 101, Urb. Los Recaudadores",https://www.odoo.com/partners/corporacion-computer-systems-solution-s-a-c-12170128
Peru,Conflux S.R.L.,Ready,+51 964 585 354,contacto@conflux.pe,https://conflux.pe/,CAL.GERMAN SCHEREIBER NRO. 276 URB. SANTA ANA (SCHEREIBER BUSINES CENTER) LIMA - LIMA - SAN ISIDRO,https://www.odoo.com/partners/conflux-s-r-l-4322519
Peru,Consultoria y Asesoria en Tecnologia - CONASTEC S.R.L.,Ready,+51 951 689 267,informes@conastec.com.pe,,Las Camelias Av. 820 Off 701,https://www.odoo.com/partners/consultoria-y-asesoria-en-tecnologia-conastec-s-r-l-3452962
Peru,Cloudia Systems S.A.C.,Ready,+51997227202,odoo@cloudia.systems,http://cloudia.systems,Los Laureles 626,https://www.odoo.com/partners/cloudia-systems-s-a-c-2752704
Peru,DISOTEC - DISTRIBUCIONES Y SOLUCIONES TECNOLOGICAS E.I.R.L.,Ready,,,,,https://www.odoo.com/partners/disotec-distribuciones-y-soluciones-tecnologicas-e-i-r-l-3919679
Peru,ALTAMIRA TECHNOLOGY SAC,Ready,,,,,https://www.odoo.com/partners/altamira-technology-sac-20632309
Peru,Criteria TECHNOLOGIES PERÚ SAC,Ready,+51 987 955 528,ventas@criteria.pe,https://www.criteria.pe,Av. Salaverry 2409 - OFICINA 402 - SAN ISIDRO,https://www.odoo.com/partners/criteria-technologies-peru-sac-2508222
Peru,CRIDIAN SERVICIOS,Ready,+51 957 029 967,gromero@cridianservicios.com,,Teniente Pringles 156,https://www.odoo.com/partners/cridian-servicios-23425601
Peru,Drayer Consulting,Ready,+51 908 867 195,administracion@drayerconsulting.net,https://www.drayerconsulting.com/,"Calle Los Ficus Mza. F, Lt. 19. Santiago de Surco - Lima",https://www.odoo.com/partners/drayer-consulting-15374469
Peru,Edooka Consulting - Grupo Hakan,Ready,+51 997 912 218,luis.castillo@hakanconsulting.pe,,Av. Arequipa 1860 Oficina 1710 - Edificio IQ LINCE,https://www.odoo.com/partners/edooka-consulting-grupo-hakan-15302496
Peru,E & M SISTEMAS PERU S.A.C.,Silver,+51 917 452 453,comercial@eymperu.net,https://eymperu.net/,V. JAVIER PRADO ESTE NRO. 175 URB. FUNDO CONDE DE SAN ISIDRO (OFICINA 801),https://www.odoo.com/partners/e-m-sistemas-peru-s-a-c-2274793
Peru,Effica S.A.C.,Ready,+51 997 210 901,lmendieta@effica.com.pe,https://www.effica.com.pe/en,Av. Del Pinar 373 dpto. 103. Chacarilla,https://www.odoo.com/partners/effica-s-a-c-22700169
Peru,FIRST LEVEL TECH S.A.C,Ready,+51 986 647 620,comercial@flt.com.pe,http://www.flt.com.pe,Av.Arequipa 4405 of.1104,https://www.odoo.com/partners/first-level-tech-s-a-c-2615318
Peru,Flexxoone SAC,Ready,(+51) 955479055,info@flexone.pe,https://flexone.pe/,Jr. Loma de las Gardenias 122 Depto 201,https://www.odoo.com/partners/flexxoone-sac-428872
Peru,FECORP TECHNOLOGIES SAC,Ready,+51 993 366 465,ventas.odoo@fecorp.com.pe,https://pe.linkedin.com/company/fecorp-pe,"AV. ALFREDO BENAVIDES 2975, MIRAFLORES, LIMA 18 - PERÚ",https://www.odoo.com/partners/fecorp-technologies-sac-9709089
Peru,EMPIRIA CONSULTING GROUP SAC,Ready,+51 973 887 445,empiriaconsultingsac@gmail.com,,Jr. Zorrito 859 Torre B1,https://www.odoo.com/partners/empiria-consulting-group-sac-21215630
Peru,Galcyon Solutions EIRL,Ready,,,,,https://www.odoo.com/partners/galcyon-solutions-eirl-27184424
Peru,GLOBAL SOLUTIONS GROUP PERU S.A.C.,Ready,+51 997 388 526,rpena@global-solutions.group,,Jr. Cruz del Sur Nro. 140 Of. 713,https://www.odoo.com/partners/global-solutions-group-peru-s-a-c-2174094
Peru,Hannah Lab,Ready,+51 984 323 201,gerencia@hannahlab.com,http://hannahlab.com,Manuel Fuentes 830,https://www.odoo.com/partners/hannah-lab-22790787
Peru,IAPBBS E.I.R.L.,Ready,+51 962 384 904,hburga@sumatek.pe,https://sumatek.pe/,AV. DOS DE MAYO 1545 - SAN ISIDRO,https://www.odoo.com/partners/iapbbs-e-i-r-l-10723290
Peru,HOPE CONSULTING GROUP,Ready,+51931133706,sales@hopecgroup.com,http://hopecgroup.com/,"Jirón Inca Ripac 250, Jesus María",https://www.odoo.com/partners/hope-consulting-group-32157857
Peru,INBRASOL SAC,Ready,+51 922 172 287,lolo.bravo@inbrasol.pe,https://inbrasol.pe/,Av. Dorado Mz. K3 LOTE. 3 Urb. Res Shamon,https://www.odoo.com/partners/inbrasol-sac-28674103
Peru,INCODESOFT - INNOVACION EN CONSULTORIA Y DESARROLLO DE SOFTWARE S.A.C.,Ready,,,,,https://www.odoo.com/partners/incodesoft-innovacion-en-consultoria-y-desarrollo-de-software-s-a-c-25918507
Peru,GEMASTIC E.I.R.L.,Ready,+51 992 705 129,jcaceres@gemastic.com,http://www.gemastic.com,Av. Los Pinos 1167,https://www.odoo.com/partners/gemastic-e-i-r-l-124815
Peru,INGENNIA DIGITAL EIRL,Ready,+51 989 040 754,ntomiguel@icloud.com,https://www.tandaperu.com,Calle 28 de Marzo Nro. 551 La Flor,https://www.odoo.com/partners/ingennia-digital-eirl-3475271
Peru,Grupo Quanam,Ready,+51 994 833 053,sales@grupoquanam.com,https://www.grupoquanam.com,Av. Circunvalación Golf Los Inkas 206-208 - Santiago de Surco.,https://www.odoo.com/partners/grupo-quanam-1729730
Peru,INNOTEAM PERÚ S.A.C,Ready,+51 944 459 147,ajuandediosl@innoteamperu.com,,C. German Schreiber Gulsmanco 276,https://www.odoo.com/partners/innoteam-peru-s-a-c-6147842
Peru,Ganemo,Silver,+51946377197,leads@ganemo.co,http://www.ganemo.co,"Calle la Pera 111, Surquillo",https://www.odoo.com/partners/ganemo-2996254
Peru,Intelidoo,Ready,+51991843196,angela@intelidoo.com,,"AV. José Pardo 575, Miraflores",https://www.odoo.com/partners/intelidoo-24125720
Peru,INTI TEC,Ready,+51 994 610 391,eduardo.chavez@intitecperu.com,http://www.intitecperu.com,AV. TOMAS RAMSEY NRO. 930 INT. 803,https://www.odoo.com/partners/inti-tec-1141265
Peru,Intimedia S.A.C.,Ready,+51 992744621,contacto@intimedia.net,https://intimedia.net,CAL.GERMAN SCHREIBER NRO. 276,https://www.odoo.com/partners/intimedia-s-a-c-10705156
Peru,INVERSIONES KIYA SOCIEDAD ANONIMA CERRADA,Ready,+51 934 634 046,ronaldjosue2008@gmail.com,,PJ. MERCURIO PERUANO NRO. 175 DPTO. 103,https://www.odoo.com/partners/inversiones-kiya-sociedad-anonima-cerrada-15646408
Peru,ISI GROUP SAC,Ready,,ventas@isigroup.com.pe,,,https://www.odoo.com/partners/isi-group-sac-22319886
Peru,IT CORE DIGITAL SAC,Ready,,,,,https://www.odoo.com/partners/it-core-digital-sac-22942367
Peru,ITECO SISTEMAS,Ready,+51 948431576,hola@itecosistemas.com,https://erp.itecosistemas.net,SAN LUIS 2645,https://www.odoo.com/partners/iteco-sistemas-13158747
Peru,KND S.A.C.,Ready,+51 992 799 730,knd@knd.pe,http://www.knd.pe,JR. SAN ANTONIO NRO. 264 DPTO. 307 LIMA,https://www.odoo.com/partners/knd-s-a-c-16758186
Peru,IT SERVICE SAC,Silver,+51 940 485 814,odoo@itservice.com.pe,http://www.itservice.com.pe,Av. del Ejército 1180 oficina 207,https://www.odoo.com/partners/it-service-sac-9624279
Peru,JSayra Tech,Ready,+51 989 219 395,jose.sayrazeballos@gmail.com,,04,https://www.odoo.com/partners/jsayra-tech-32397031
Peru,JANAQ SOFTWARE & CONSULTORIA SAC,Ready,+51948652033,contacto@janaq.com,https://www.janaq.com,Av. Javier Prado Este 476 - San Isidro - Lima,https://www.odoo.com/partners/janaq-software-consultoria-sac-1160747
Peru,LINE TECHNOLOGY S.A.C.,Ready,+51 994 656 437,mesadeayuda@linetechnologycorp.com,,AV. ESTEBAN CAMPODONICO NRO. 259,https://www.odoo.com/partners/line-technology-s-a-c-29036998
Peru,LODESEO.PE EIRL,Ready,+51 963 610 956,roch581.dchv@gmail.com,https://eyggrupo.com,"Manzana F1, Lote 13",https://www.odoo.com/partners/lodeseo-pe-eirl-28522436
Peru,LAGOS TECH STRATEGIES S.A.C.S,Ready,+51 923 425 352,lagosjulio@gmail.com,,"Calle Río Huancabamba N° 323, Urbanización Las Moras, San Luis",https://www.odoo.com/partners/lagos-tech-strategies-s-a-c-s-7779131
Peru,IT GRUPO,Gold,+51 954 780 700,ventas@itgrupo.pe,https://itgrupo.pe/?utm_source=odoo&amp;utm_medium=referencia&amp;utm_campaign=tráfico_partner&amp;utm_content=perfil_itgrupo,"Avenida José Pardo 601. Oficina 1102, Piso 11. Miraflores",https://www.odoo.com/partners/it-grupo-14315990
Peru,MAKIPURASOFT.PE,Ready,+51 912 523 410,makipurasoft@gmail.com,,JR. JOSE A. ZELA NRO. 644,https://www.odoo.com/partners/makipurasoft-pe-21981486
Peru,Prime Business Solutions S.A.C,Ready,+51 989 460 845,ventas@prime-bsolutions.com,https://www.prime-bsolutions.com/,AV. SAN BORJA NORTE NRO. 232 URB. SAN BORJA SUR LIMA,https://www.odoo.com/partners/prime-business-solutions-s-a-c-28716757
Peru,Pragmatic S.A.C.,Ready,+51 940 310 747,adiaz@pragmatic.com.pe,http://pragmatic.com.pe,Av. Venezuela B1 K3 42,https://www.odoo.com/partners/pragmatic-s-a-c-4830376
Peru,METADIGITAL CONSULTING S.A.C.,Ready,,,,,https://www.odoo.com/partners/metadigital-consulting-s-a-c-20801997
Peru,MCODE,Ready,+51 963 609 431,manuel@mcode.pe,https://www.mcode.pe/,Avenida Alfredo Benavides 1944 Piso 8,https://www.odoo.com/partners/mcode-14700404
Peru,NEXTPRO S.A.C.,Ready,+(51) 953 833 141,info@nextpro.pe,https://www.nextpro.pe/,Av. Malachowski 417,https://www.odoo.com/partners/nextpro-s-a-c-3543030
Peru,NUAGE PERU S.A.C.,Ready,,,,,https://www.odoo.com/partners/nuage-peru-s-a-c-27279163
Peru,RAPPISOFT,Ready,,,,,https://www.odoo.com/partners/rappisoft-19195765
Peru,SALUQ SAC,Ready,+51 997 583 312,info@ayniempresarial.com,,"Calle Belén 483, Cusco / Av. Manuel Olguin 595, Lima",https://www.odoo.com/partners/saluq-sac-21985384
Peru,OZ SOLUTIONS S.A.C.,Silver,"+51 966 830 386, +51 954 153 210",ventas@oz-solutions.com,https://www.oz-solutions.com/r/odoo-com,OFICINA LIMA: Ca. German Schreiber 276 San Isidro.,https://www.odoo.com/partners/oz-solutions-s-a-c-4378126
Peru,SaFaBol,Ready,+51 961765595,sandro.bolivar@safabol.com,https://safabol.com/,"Av. Sergio Bernales 479,",https://www.odoo.com/partners/safabol-21366780
Peru,Same Motion S.A.C,Ready,+51 932 480 188,leads.odoo@samemotion.com,http://www.samemotion.com,RUC: 20557878085,https://www.odoo.com/partners/same-motion-s-a-c-449616
Peru,Rapid Technologies SAC,Ready,+51931772003,cnomberto@rapi.tech,,Republica de Colombia 185,https://www.odoo.com/partners/rapid-technologies-sac-1883933
Peru,SC-SOLUCIONES COMERCIALES PERU S.A.C.,Ready,,,,,https://www.odoo.com/partners/sc-soluciones-comerciales-peru-s-a-c-25600057
Peru,SEAD SAC,Ready,+51989245975,gino.bragagnini@sead.pe,http://www.sead.pe,"Av. Canaval y Moreyra 340 Piso 13 San Isidro, Lima",https://www.odoo.com/partners/sead-sac-708672
Peru,SENDA TI SOLUTIONS SAC,Silver,+51 949 353 211,pameri@sendatisolutions.com,https://sendatisolutions.com/,AV. AREQUIPA NRO. 1860 INT. 1909,https://www.odoo.com/partners/senda-ti-solutions-sac-15348862
Peru,Smartech Technologies SAC,Ready,+51987756568,jsaravia@smartech.pe,https://www.smartech.pe/,JR. PUERTO INCA NRO. 370 DPTO. 401 URB. LOS OLIVOS LIMA,https://www.odoo.com/partners/smartech-technologies-sac-17191013
Peru,SSTECPERU,Ready,+51 966 723 075,rvargas@sstecperu.com,https://www.sstecperu.com,Jr. Leonardo Barbieri 1190,https://www.odoo.com/partners/sstecperu-2247004
Peru,SIM EIRL,Ready,+51 910 306 198,enrique.llumpo@gmail.com,,KARAMANDUKA 142,https://www.odoo.com/partners/sim-eirl-26008310
Peru,SOY CALIDAD - SER CALIDAD S.A.C.,Ready,+51 930 420 188,informes@soycalidad.com,,Av. Arequipa 4856 int. 902 - Miraflores,https://www.odoo.com/partners/soy-calidad-ser-calidad-s-a-c-5563199
Peru,STACK PERU PARTNERS S.A.C.,Ready,,,,,https://www.odoo.com/partners/stack-peru-partners-s-a-c-28635676
Peru,SOLYMAN CONSULTORES DE TI S.A.C.,Ready,+51 981 573 991,ventas@soltecn.com,https://solymanconsulting.com/,CAL. ALCANFORES NRO 495 INT. 401 Miraflores,https://www.odoo.com/partners/solyman-consultores-de-ti-s-a-c-8881931
Peru,SOLUTIONS CORE TECHNOLOGY S.A.C.,Ready,+51 946 209 847,willian.ir95@gmail.com,,JR. CORONEL LEON VELARDE NRO. 554 URB. RISSO LIMA - LINCE,https://www.odoo.com/partners/solutions-core-technology-s-a-c-29097187
Peru,SINETICS,Gold,+51 960 396 575,gennertc@sinetics.com.pe,http://www.sinetics.com.pe,Av. Aviación 2540,https://www.odoo.com/partners/sinetics-6018365
Peru,ST4Business S.A.C,Ready,+51 902 774 828,hola@st4business.com,http://www.st4business.com,"Urb. San Diego Mz J1 Lt 07, San Martin de Porras.",https://www.odoo.com/partners/st4business-s-a-c-5586416
Peru,System Outsourcing,Ready,+51 997924877,antonio.vargas@gestionyasesoria.com,https://gestionyasesoria.com/,Ricardo Angulo 376,https://www.odoo.com/partners/system-outsourcing-10866785
Peru,Tailoring Consulting,Ready,+51 907 284 633,administracion@tailoringconsult.com,https://tailoringconsult.com/,Lima,https://www.odoo.com/partners/tailoring-consulting-15831574
Peru,TECH JUNGLE S.A.C.,Ready,,,,,https://www.odoo.com/partners/tech-jungle-s-a-c-20159982
Peru,The Other Company SAC,Ready,+51 951161170,julio.abad@tocsac.pe,http://www.tocsac.pe,Calle Las Pecanas 155- Dpto. 303- La Molina,https://www.odoo.com/partners/the-other-company-sac-4069383
Peru,FACTURACTIVA DEL PERU S.A.C.,Ready,+51992012037,gartica@facturactiva.com,http://facturactiva.com,Av. Buenavista 590. Dpto 202.,https://www.odoo.com/partners/facturactiva-del-peru-s-a-c-1719832
Peru,UNITEK INFRESTRUCTURA Y SOLUCIONES TI,Ready,+51927032227,ventas@unitek.pe,https://unitek.pe/,Peru,https://www.odoo.com/partners/unitek-infrestructura-y-soluciones-ti-27103209
Peru,TIC-TECHNOLOGIES.,Ready,"+51 945 782 809, +51 939 782 896",luis.ticacala@tic-technologies.com,,Av. Canada Nro. 110 Dpto. 605,https://www.odoo.com/partners/tic-technologies-14072557
Peru,Villaper Solutions,Ready,+51 972 137 087,info@villapersolutions.com,https://villapersolutions.odoo.com/,Urb. Las Viñas C-09,https://www.odoo.com/partners/villaper-solutions-19112347
Peru,YMNOVA,Ready,+51 943 138 519,contacto@ymnova.com,https://ymnova.com,MZ R LTE 02 COOPERATIVA DE VIVIENDA LA FRAGATA S.J.L,https://www.odoo.com/partners/ymnova-20396883
Peru,VM SOFTWARE & DATA SAC,Ready,+51 921 868 460,hola@codlan.com,https://codlan.com/,"Calle independencia 1183, Lima",https://www.odoo.com/partners/vm-software-data-sac-10111038
Philippines,Coretech Innovations and Solutions Inc,Ready,+63 993 054 7813,info@coretech.com.ph,https://coretech.com.ph,"Unit 405 4th Floor, Mercedes Plaza I, Mercedes Ave. cor. Luis St., Brgy. San Miguel",https://www.odoo.com/partners/coretech-innovations-and-solutions-inc-27750970
Philippines,Agile Insights Inc.,Ready,,,,,https://www.odoo.com/partners/agile-insights-inc-11803872
Philippines,ATT Philippines,Ready,,philippines-sales@attsystemsgroup.com,https://www.attsystemsgroup.com/,"194 CNR Building Level 3, Tagumpay St., Marulas, Valenzuela City",https://www.odoo.com/partners/att-philippines-27662637
Philippines,Allied Solutions Xchange,Silver,+63 917 804 0198,info@alliedsolutionsx.com,https://www.allied-xchange.com,2505-B East Tower Tektite Building Exchange Road,https://www.odoo.com/partners/allied-solutions-xchange-14135669
Philippines,2koms Business Soultions Philippines Inc.,Ready,,,,,https://www.odoo.com/partners/2koms-business-soultions-philippines-inc-22955255
Philippines,"Courtesy Point Technologies, Inc.",Ready,+63977 839 4939,sales@courtesypoint.com,,"Unit 603, The Peak Tower, 107 L.P. Leviste St., Salcedo Village, Makati City, 1227",https://www.odoo.com/partners/courtesy-point-technologies-inc-6063829
Philippines,"AGILIS ENTERPRISE SOLUTIONS, INC.",Ready,,info@agilis.com.ph,https://www.agilis.com.ph/,"9 Doña Isidora, Don Antonio, Quezon City, 1127",https://www.odoo.com/partners/agilis-enterprise-solutions-inc-1419840
Philippines,BaseUp Labs,Silver,+63 2 8531 3187 loc. 227 or 242,hello@baseuplabs.com,http://baseuplabs.com,111 Paseo de Roxas,https://www.odoo.com/partners/baseup-labs-1726775
Philippines,Core AI Solutions OPC,Ready,+63 998 554 2698,oshan@coreaisolutionsopc.com,https://coreaisolutions.odoo.com/,"Celebrity Space Hub, GF Future Point Plaza 2, 115 Mother Ignacia Ave, Brgy. South Triangle",https://www.odoo.com/partners/core-ai-solutions-opc-23809616
Philippines,"Achieve Without Borders, Inc",Silver,+63 908 8125570,odoo.inquire@achievewithoutborders.com,http://achievewithoutborders.com,"UHH Workspace #5544 Harrison St. , Cor. Van Buren St.",https://www.odoo.com/partners/achieve-without-borders-inc-2635234
Philippines,Elyon Solutions International Inc.,Silver,+63 998 513 5966,celeste@elyon-solutions.com,https://elyon-solutions.com/,"7/F Armstrong Corporate Center, 134 H.V. Dela Costa St., Salcedo Village",https://www.odoo.com/partners/elyon-solutions-international-inc-3156635
Philippines,Golden SunTec Solutions,Ready,+63(2)8470-8123,gsmarketing@goldensuntec.net,https://goldensuntec.net/,"30th Flr. Orient Square Bldg., F. Ortigas Jr. Rd.",https://www.odoo.com/partners/golden-suntec-solutions-12034429
Philippines,Falinwa Philippines,Ready,+63 947 363 3832,philippines@falinwa.com,https://www.falinwa.com/,E. Rodriguez Jr. Avenue,https://www.odoo.com/partners/falinwa-philippines-25821071
Philippines,"Hagibis Ventures, Inc.",Silver,,,,,https://www.odoo.com/partners/hagibis-ventures-inc-5871626
Philippines,ForeCore ICT Solutions Inc.,Ready,+6328651650,backend@forecore.com.ph,http://www.forecore.com.ph,"Regus CBD Ayala Centre Inc. Ascott Makati, Glorietta 4",https://www.odoo.com/partners/forecore-ict-solutions-inc-29530530
Philippines,Innovathink Corporation,Silver,,,,,https://www.odoo.com/partners/innovathink-corporation-13451484
Philippines,InsightQ Consulting Group,Ready,+63 970 540 4976,odoo@insightqgroup.com,http://insightqgroup.com/,"3rd Floor Salcedo One Center, 170 Salcedo St, Brgy. San Lorenzo, Legaspi Village",https://www.odoo.com/partners/insightq-consulting-group-21856893
Philippines,IBAS SOFTWARE INC.,Ready,+63-917.843.5274,odoo@ibasuite.com,http://www.ibasuite.com,194 C Benitez Tierra de Maria BF Homes Paranaque,https://www.odoo.com/partners/ibas-software-inc-1964860
Philippines,Logiz Information Technology Solutions,Ready,,,,,https://www.odoo.com/partners/logiz-information-technology-solutions-29746243
Philippines,"Jinisys Software, Inc.",Ready,+639179477971,tdurablejsi@jinisyssoftware.com,https://jinisyssoftware.com/,"101 M.L. Quezon St., Villa Aurora, Kasambagan",https://www.odoo.com/partners/jinisys-software-inc-18338488
Philippines,NexFin Solutions Inc.,Ready,,,,,https://www.odoo.com/partners/nexfin-solutions-inc-13376521
Philippines,Predict IT Corp.,Ready,+63 2 7623 4301,finance.predict@gmail.com,https://predictsolutions.com/,"19 Laguna St., Bungad",https://www.odoo.com/partners/predict-it-corp-18097524
Philippines,Overflow Tech Solutions Inc.,Ready,+63 917 536 0628,info@overflowtechsolutions.com,,"Commercenter Alabang, Commerce Avenue cor. East Asia Drive, Filinvest Corporate City",https://www.odoo.com/partners/overflow-tech-solutions-inc-27396967
Philippines,Sognare Systems & Solutions Corp.,Ready,+63 2 7755 1771,aagustin.jr@sognare.com.ph,https://sognare.com.ph/,"203 GC Corporate Plaza, 150 Legaspi St., Legaspi Village, San Lorenzo",https://www.odoo.com/partners/sognare-systems-solutions-corp-15502727
Philippines,Odev Solutions,Gold,+639088670372,admin@odevsolutions.com,https://www.odevsolutions.com/,"Suite 409 Pasda Mansion, 77 Panay Ave. Cor. Timog Ave., Paligsahan",https://www.odoo.com/partners/odev-solutions-4110555
Philippines,"OGIS Philippines, Inc.",Silver,+63 917 521 8638,"ej.uyboco@ogis-gbg.com, ap@ogis-inc.com",https://ogisphilippines.com/,"Unit 10-B, Six/NEO Building, 5th Avenue Corner 26th Street",https://www.odoo.com/partners/ogis-philippines-inc-19351919
Philippines,Sprint19 Labs Inc,Ready,+63 917 804 1219,odoo@sprint19.com,https://sprint19.com/,"25th Street and 5th Avenue, BGC",https://www.odoo.com/partners/sprint19-labs-inc-27980513
Philippines,"Malaya Tech Consulting, Inc.",Gold,+639165011459,info@malayatechconsulting.com.ph,http://malayatechconsulting.com.ph/,"Level 10-1 One Global Place, 5th Avenue Corner, 25th Street, Bonifacio Global City, Fort Bonifacio",https://www.odoo.com/partners/malaya-tech-consulting-inc-4101174
Philippines,"Software Farm International, Inc.",Ready,+639175336379,odoo@sfi.com.ph,http://www.sfi.com.ph/,"608 Richmonde Plaza, 21 San Miguel Ave",https://www.odoo.com/partners/software-farm-international-inc-3908427
Philippines,"Taliform, Inc.",Silver,+63 917 575 0993,may@taliform.com,https://taliform.com/,"Rockwell Business Center Sheridan, cor. United St.",https://www.odoo.com/partners/taliform-inc-3279331
Philippines,Tama and Tawi Solutions OPC,Ready,,,,,https://www.odoo.com/partners/tama-and-tawi-solutions-opc-13587448
Philippines,Xeltech Consulting Inc.,Ready,+63 917 312 4187,odoo@xeltech.consulting,,"Unit 3F-V140, Symphony Tower 2, SGT. Esguerra Avenue, South Triangle",https://www.odoo.com/partners/xeltech-consulting-inc-27323673
Philippines,TOOLKIT INC.,Gold,+63 2 7215 1711,info@toolkt.com,,Unit Penthouse 4 Manila Luxury Condominium,https://www.odoo.com/partners/toolkit-inc-19543
Philippines,ThinkBIT Solutions Phils. Inc.,Ready,+63 917 507 3580,sales@thinkbitsolutions.com,https://thinkbitsolutions.com/,"110-A Isarog Street, La Loma",https://www.odoo.com/partners/thinkbit-solutions-phils-inc-211056
Philippines,Something Somewhere Consulting OPC,Silver,+639171889695,info@somethingsomewhere.ph,http://somethingsomewhere.ph/,Aguinaldo St. AFPOVAI Phase 2,https://www.odoo.com/partners/something-somewhere-consulting-opc-18979242
Philippines,Top C,Gold,+639175396594,jack.biteng@topc.ph,https://www.topc.ph/,"Unit 301, Prestige Tower, Emerald Ave., Ortigas Center",https://www.odoo.com/partners/top-c-5510316
Poland,Hadron for business sp. z o.o.,Ready,+48 601 765 196,info@hadronforbusiness.com,http://www.hadronforbusiness.com,Szkolna 17,https://www.odoo.com/partners/hadron-for-business-sp-z-o-o-444364
Poland,4Biznes.eu Sp. z o.o.,Silver,+48609799997,info@4biznes.eu,https://www.4biznes.eu/c-4biznes-eu-8,ul. Cukrowników Pelplińskich 3A/10,https://www.odoo.com/partners/4biznes-eu-sp-z-o-o-7767558
Poland,Devqube Sp. z o.o.,Ready,+48 512 381 714,rafal.maison@devqube.com,,Gwiaździsta 66,https://www.odoo.com/partners/devqube-sp-z-o-o-13793176
Poland,ERPGO PL,Ready,+48 453 345 712,sales@erpgo.pl,http://erpgo.pl,Kalwaryjska 69,https://www.odoo.com/partners/erpgo-pl-24178766
Poland,myOdoo.pl sp. z o.o.,Silver,+48605852860,kontakt@myodoo.pl,http://www.myodoo.pl,Bolesława Śmiałego 39/1,https://www.odoo.com/partners/myodoo-pl-sp-z-o-o-10433764
Poland,ICODELAB Sp.O.O.,Ready,+37067000818,info@icodelab.eu,,"ul. ALEJA KOMISJI EDUKACJI NARODOWEJ nr 36, lok. 112B,",https://www.odoo.com/partners/icodelab-sp-o-o-6804568
Poland,OpenGLOBE,Ready,+48 605 63 18 21,contact@openglobe.pl,http://www.openglobe.pl,Schroegera 82,https://www.odoo.com/partners/openglobe-14166
Poland,Attomy Sp. z o.o.,Silver,+48 780 256 702,office@attomy.io,http://attomy.io,al. Tadeusza Rejtana 20A,https://www.odoo.com/partners/attomy-sp-z-o-o-20287830
Poland,Paradygmat AI,Ready,,,,,https://www.odoo.com/partners/paradygmat-ai-25137711
Poland,THE STORY,Ready,,,,,https://www.odoo.com/partners/the-story-25238585
Poland,wedoo p.s.a.,Silver,+48 661 301 078,sprzedaz@wedoo.biz,http://wedoo.biz,Szybowcowa 28/25,https://www.odoo.com/partners/wedoo-p-s-a-11271987
Poland,Innowise Sp. z o.o,Ready,+4917677488120,contact@innowise.com,https://innowise.com/,ul. Rondo Ignacego Daszyńskiego 2B-22P,https://www.odoo.com/partners/innowise-sp-z-o-o-12009146
Poland,Solvti sp. z o. o.,Gold,+48 578 430 595,sales@solvti.com,https://www.solvti.com,Strzegomska 42 ab,https://www.odoo.com/partners/solvti-sp-z-o-o-5413599
Poland,Trilab,Gold,+48 609 094 019,odoo@trilab.pl,https://trilab.pl,ul. Stara Droga 8,https://www.odoo.com/partners/trilab-1795724
Poland,VentorTech,Gold,+48 732 225 396,sales-eu@ventor.tech,https://ventor.tech/,al. Jerozolimskie 81 / 11.10,https://www.odoo.com/partners/ventortech-6072449
Poland,OpsWay,Silver,+48 537 415 346,start@opsway.com,http://opsway.com,Kawalerzystów 17/12,https://www.odoo.com/partners/opsway-8578063
Portugal,"Corvanis, Lda.",Ready,,,,,https://www.odoo.com/partners/corvanis-lda-22363838
Portugal,"IMD - Consultoria e Inovação, lda",Ready,+351 932 323 808,info@imdigital.pt; samuel.afonso@imdigital.pt,https://www.imdigital.pt/en,"Rua D. António Barroso, 213, 4º Esq",https://www.odoo.com/partners/imd-consultoria-e-inovacao-lda-11053728
Portugal,Codnod Excelência Digital,Ready,+351 926 891 072,contacto@codnod.pt,https://www.codnod.pt,"RUA DO PROFESSOR ANTÓNIO FERREIRA DA SILVA, 554",https://www.odoo.com/partners/codnod-excelencia-digital-24300976
Portugal,"Qdoo Consulting, Lda",Ready,+351 928150872,joao.vitor.pinheiro@qubiq.info; benjamin.bautista@qubiq.es,https://www.qubiq.info/pt_PT,"Av. Dom João II, N. 50 4º Andar",https://www.odoo.com/partners/qdoo-consulting-lda-12558784
Portugal,"COMSOFTWEB-SISTEMAS INFORMÁTICOS, LDA",Ready,+351 969 033 146,ricardo.mota@comsoftweb.pt,http://comsoftweb.pt,"Largo Casal Galêgo, Lote P1, R/C",https://www.odoo.com/partners/comsoftweb-sistemas-informaticos-lda-17570625
Portugal,"D4B - CONSULTORIA E SOLUÇÕES INFORMÁTICAS, UNIPESSOAL LDA",Silver,+351 939 834 409,ppires@d4b.pt,http://d4b.pt,Alameda Azenha de Cima 59,https://www.odoo.com/partners/d4b-consultoria-e-solucoes-informaticas-unipessoal-lda-17984201
Portugal,"Parâmetro Global – Consultadoria Informática, S.A.",Silver,+351 255 864 439,comercial@parametro.global,http://www.parametro.global,"R. das Escolas, 108 , R/C Esq. Freamunde",https://www.odoo.com/partners/parametro-global-consultadoria-informatica-s-a-13130490
Portugal,EXO,Gold,+351 913 496 834,eduardo.silva@exo.pt,https://exosoftware.pt,"Cais do Lugan, 224 - 2ºD",https://www.odoo.com/partners/exo-1270483
Portugal,ARXI,Gold,+351919623599,geral@arxi.pt,http://www.arxi.pt,Rua Pinhal Cotelo 5,https://www.odoo.com/partners/arxi-1047233
Portugal,"Quantinfor - Consultoria Informática, Lda.",Ready,+351 21 966 8911,info@quantinfor.com,,Américo Vigário nº 5b,https://www.odoo.com/partners/quantinfor-consultoria-informatica-lda-18316899
Portugal,ThinkOpen Solutions (Portugal),Gold,+351 214 123 492,sales@thinkopensolutions.pt,http://thinkopen.solutions,"Avenidas das Túlipas, nº6 13º A/B",https://www.odoo.com/partners/thinkopen-solutions-portugal-2614
Portugal,Open Source Integrators Europe,Ready,+351 919 991 307,europe@opensourceintegrators.com,https://www.opensourceintegrators.com,"Av. Republica 3000, Edificio Estoril Office, B Piso 3 - 34",https://www.odoo.com/partners/open-source-integrators-europe-4756659
Puerto Rico,ADDIUVA ENTERPRISES SERVICIOS CORPORATIVOS MEXICO,Ready,+52 1 998 114 4797,jazpurua@addiuva.com,http://www.ikatechsolutions.com,"Metro Office Park Lote 8 Calle 1, Suite 305",https://www.odoo.com/partners/addiuva-enterprises-servicios-corporativos-mexico-5891175
Puerto Rico,Gigatech MSP,Ready,,,,,https://www.odoo.com/partners/gigatech-msp-19622394
Puerto Rico,CoquiTech,Ready,,,,,https://www.odoo.com/partners/coquitech-22723390
Puerto Rico,ICQ24,Silver,+1 809-856-7069,ccesa@icq24.com,http://www.icq24.com,Aberdeen St. 2009,https://www.odoo.com/partners/icq24-1266373
Puerto Rico,"Cusoft Informática, Inc",Ready,+1 787-746-3455,hpabon@cusoft-pr.com,,Calle 24 BE9,https://www.odoo.com/partners/cusoft-informatica-inc-20164055
Puerto Rico,Bright Tech Solutions LLC,Ready,,,,,https://www.odoo.com/partners/bright-tech-solutions-llc-12289334
Puerto Rico,Elvin Feliciano-Echevarria,Ready,+1 787-601-4050,fecheconsultingllc@gmail.com,https://www.linkedin.com/in/feche-consulting-a5b13a312/?originalSubdomain=pr,PO Box 427,https://www.odoo.com/partners/elvin-feliciano-echevarria-6374607
Puerto Rico,AMT Consulting Group,Ready,+1 787-706-8272,ricky@amtpr.net,https://amtpr.net/,Urb. Veredas Camino de las Palmas 159,https://www.odoo.com/partners/amt-consulting-group-17097314
Puerto Rico,Chameleon Systems,Ready,+1 787-364-2211,rmartin@chamsyspr.com,https://www.chamsyspr.com,Urb UTT 47 Lino Padro,https://www.odoo.com/partners/chameleon-systems-4581219
Puerto Rico,Itacon Corporation,Ready,(787) 330-0001,odoosales@itacon.com,http://www.itacon.com,7508 Ave. Agustin Ramos Calero,https://www.odoo.com/partners/itacon-corporation-1206654
Puerto Rico,"IT Auditors PR, Corp.",Ready,,,,,https://www.odoo.com/partners/it-auditors-pr-corp-6086505
Puerto Rico,JSANTOS Technology,Ready,+1 787-478-3000,jsr@jsantostech.com,,"Carr 683 KM 1.8, Urb Jardines de Factor",https://www.odoo.com/partners/jsantos-technology-23470247
Puerto Rico,Soporte Técnico Digital,Ready,,,,,https://www.odoo.com/partners/soporte-tecnico-digital-25931169
Puerto Rico,Stratec LLC,Ready,+1939,adiaz@stratecpr.com,,130 Wiston Churchill,https://www.odoo.com/partners/stratec-llc-22441746
Puerto Rico,Teknosphere LLC.,Silver,+1 787-340-8353,info@teknosphere.com,,"1519 Av. Ponce de León, Suite #1419",https://www.odoo.com/partners/teknosphere-llc-2794394
Puerto Rico,PSI Software,Silver,+1 787-635-6254,erodriguez@psibusiness.com,http://www.psibusiness.com,Victory Gardens Suite A 1001 Ponce De Leon,https://www.odoo.com/partners/psi-software-2121722
Puerto Rico,Spark Workforce LLC,Ready,+1 939-633-2720,jvelez@sparkworkforcellc.com,,Cond. Portal del Este P 1 Apartamento 321,https://www.odoo.com/partners/spark-workforce-llc-29822830
Puerto Rico,PR Computer Services Corp,Silver,(787)641-8509,software@prcomputer.net,http://www.prcomputer.net,"Carretera #1, Km.18.0 Intersección #873",https://www.odoo.com/partners/pr-computer-services-corp-984377
Puerto Rico,Atica Group,Ready,,,,,https://www.odoo.com/partners/atica-group-23665140
Puerto Rico,"UniSol Technologies, Inc",Ready,+1 939-320-4999,info@unisolpr.com,https://www.unisolpr.com,438 Ave Hostos,https://www.odoo.com/partners/unisol-technologies-inc-31318607
Puerto Rico,"Variant, Corp.",Ready,,,,,https://www.odoo.com/partners/variant-corp-20748858
Puerto Rico,UTREEE,Ready,+1 787-957-1272,manuel.bencomo@utreee.com,https://www.utreee.com/,214 Manuel Camuñas Street,https://www.odoo.com/partners/utreee-5545993
Qatar,Cherry InfoTech,Ready,+974 50516334,silpa@cherry.qa,http://www.cherry.qa,"Building No 268, Street 280,Zone 55,Aspire zone",https://www.odoo.com/partners/cherry-infotech-24760302
Qatar,Intelligent & Innovative Digital Solutions,Ready,,,,,https://www.odoo.com/partners/intelligent-innovative-digital-solutions-30749546
Qatar,BLUE BRIDGE CONSULTING & SERVICES,Ready,+974 3001 9282,bluebridgeqatar@outlook.com,http://www.bluebridgeqatar.com,"Office #14, 1st Floor Al Maha Business Center, Zone 39, Building 90, Street 340",https://www.odoo.com/partners/blue-bridge-consulting-services-18784017
Qatar,Darwish Trading Company,Ready,+974 30051414,ammar.j@darwish-tdg.qa,,"P.O Box 92,",https://www.odoo.com/partners/darwish-trading-company-7857778
Qatar,Axon Computer Solutions,Ready,+974 5584 6630,Sales@axon-bs.com,,C R Road,https://www.odoo.com/partners/axon-computer-solutions-14417158
Qatar,Codes & Colors Q,Gold,+974 30 977 947,info@codesncolors.com,http://codesncolors.com/,"Barwa Tower 1, C Ring Road, 6th Floor, Office No. 5, Al Sadd",https://www.odoo.com/partners/codes-colors-q-4497032
Qatar,Fintech Solutions & Consultancy,Ready,+974 3049 1677,odoo.hup@gmail.com,,Qatar,https://www.odoo.com/partners/fintech-solutions-consultancy-24168088
Qatar,AGM Qatar,Silver,+974 7166 0663,info@agmglobal.co,http://agmglobal.co,"The Al Rifaa Tower Building No.4,",https://www.odoo.com/partners/agm-qatar-17012840
Qatar,Costcut,Ready,+974 7797 3003,ahegab@costcut.me,http://www.costcut.me,"Doha, Qatar",https://www.odoo.com/partners/costcut-20745886
Qatar,INFORISE,Gold,+974 71141149,info@inforiseit.com,https://www.inforiseit.com/odoo-partner-qatar.php,"QFZ – Ras Bufontas, Qatar",https://www.odoo.com/partners/inforise-11670395
Qatar,iSmart Trading,Ready,+974 6686 7766,samer@ismart-trade.com,https://ismart-trade.com/,"Al Aziziya Street Zone # 55, Street # 185, Building # 47, First Floor Office No.1",https://www.odoo.com/partners/ismart-trading-10271052
Qatar,iTeam (Intelligent Technology Engineering & Management),Ready,+974 5596 1495,inegm@iteamco.net,http://www.iteamco.et,Burj Marina - Lusail,https://www.odoo.com/partners/iteam-intelligent-technology-engineering-management-23130689
Qatar,Techman Solutions Qatar,Ready,+974 3316 0861,odoo@techman.qa,https://techman-solutions.com/,"Muntazah, Zone 24. Street 860, Building",https://www.odoo.com/partners/techman-solutions-qatar-15286458
Qatar,Taqat for Technology,Ready,+974 6647 2215,info@taqatechno.com,https://www.taqatechno.com,Al Sadd,https://www.odoo.com/partners/taqat-for-technology-8262119
Qatar,Rowwad Business Solutions LLC,Ready,+974 5555 8378,info@rowwad.qa,https://rowwad.qa/en/,"Manarat Lusail Tower, 16th Floor , Office 1601",https://www.odoo.com/partners/rowwad-business-solutions-llc-9768444
Qatar,Linkia for IT and Advertising and PR,Silver,+974 7746 1980,info@linkia.qa,https://linkia.qa,"Office 1301, Building 23, Street 318, Zone 69",https://www.odoo.com/partners/linkia-for-it-and-advertising-and-pr-19929493
Qatar,NextMove Business Solutions,Ready,+974 3311 9311,info@so.nmholding.com,http://www.nextmovebs.com,"NextMove Holding, Marina Tower 25, 3 Floor, Office 301, Zone 69, Street 339, Building 113,",https://www.odoo.com/partners/nextmove-business-solutions-1385194
Qatar,Rabeh Consulting Services and Trade,Ready,+974 5055 6100,info-digital@rabeh-mena.com,,"Arkan Building, Gate 14, 2nd floor Barwa Commercial",https://www.odoo.com/partners/rabeh-consulting-services-and-trade-12690269
Qatar,Social Tech Information Technology,Ready,+974 3060 1010,info@socialtech.qa,http://www.st.qa,Lusail,https://www.odoo.com/partners/social-tech-information-technology-4502934
Qatar,Sys Mates Trading & Solutions,Ready,+974 5049 4835,adhil@sysmatesme.com,http://www.sysmatesme.com,"Al Dar Plaza, Office No:3",https://www.odoo.com/partners/sys-mates-trading-solutions-22491179
Qatar,Top Cliff Consultancy,Ready,+974 7010 0950,dana@topcliffconsultancy.com,https://www.topcliffconsultancy.com/,Mirqab Mall-1st floor,https://www.odoo.com/partners/top-cliff-consultancy-9967491
Qatar,XY Data (for Technology) W.L.L.,Ready,+97450493854,hichem@xydata.me,http://www.xydata.me,"Unit P15A, Lagoona Mall, Piazza level, Lusail Street, Westbay, Legtafiya Area 66. PO Box: 14228",https://www.odoo.com/partners/xy-data-for-technology-w-l-l-11469095
Qatar,Zmakan Technical Solutions,Silver,+974 3393 3951,mashooq@zmakan.com,https://www.zmakan.com,"Al-Mirqab Mall, 2nd Floor, Office 27",https://www.odoo.com/partners/zmakan-technical-solutions-993629
Reunion,GS CONSEILS,Ready,+262 262 45 10 75,info@gs-conseils.com,http://www.gs-conseils.com,20 place du Général de Gaulle,https://www.odoo.com/partners/gs-conseils-11419577
Reunion,ArkeUp Réunion,Ready,+262 693 535 278,olivier.coste@arkeup.re,https://arkeup.com/reunion,4 Rue Franck Camille Cadet,https://www.odoo.com/partners/arkeup-reunion-13374954
Reunion,Overdoo IT,Ready,+262 692 26 58 71,hasu@overdoo.fr,https://www.overdoo.fr,"6 rue Neuve, Apt 204",https://www.odoo.com/partners/overdoo-it-22770341
Romania,INNOVATORSPARK SRL,Ready,,,,,https://www.odoo.com/partners/innovatorspark-srl-29780720
Romania,AMBIT ROMANIA S.R.L.,Ready,,,,,https://www.odoo.com/partners/ambit-romania-s-r-l-24594783
Romania,CAPPS AI S.R.L.,Ready,,,,,https://www.odoo.com/partners/capps-ai-s-r-l-23875682
Romania,FLOWMATIQ SRL,Ready,,,,,https://www.odoo.com/partners/flowmatiq-srl-24625040
Romania,Diginesis,Silver,+40 371 110 861,ovidiu.matei@diginesis.com,http://www.diginesis.com/,Str. Henri Coanda Nr.33A,https://www.odoo.com/partners/diginesis-5959059
Romania,CMG NEXA S.R.L.,Ready,,,,,https://www.odoo.com/partners/cmg-nexa-s-r-l-24600189
Romania,INSIGHT AGENCY SRL,Ready,,,,,https://www.odoo.com/partners/insight-agency-srl-9466623
Romania,Liftup Solutions SRL,Silver,+40 752 121 335,odoo@liftupsolutions.com,,Tudor Vladimirescu 18,https://www.odoo.com/partners/liftup-solutions-srl-18376735
Romania,DAKAI SOFT SRL,Silver,,,,,https://www.odoo.com/partners/dakai-soft-srl-68680
Romania,BISSTECH SRL,Ready,+40 7 56 32 76 98,office@information-systems.ro,http://www.information-systems.ro,"Tautului Street, Nr. 89D, ap 5",https://www.odoo.com/partners/bisstech-srl-847206
Romania,PSC Technology SRL,Ready,,,,,https://www.odoo.com/partners/psc-technology-srl-31068972
Romania,MATTEALE CONSULTING SERVICES SRL,Ready,+40748248376,alexandru.barbu@mattealeconsulting.com,,Strada Tudor Vladimirescu 94,https://www.odoo.com/partners/matteale-consulting-services-srl-15573651
Romania,LOGIT CONSULTING SOLUTIONS SRL,Ready,,,,,https://www.odoo.com/partners/logit-consulting-solutions-srl-22293485
Romania,MAPPING CONSULTING SRL,Ready,0760617645,info@mappingconsulting.com,,REGELE FERDINAND NR. 22-26 ETAJUL 3,https://www.odoo.com/partners/mapping-consulting-srl-29438463
Romania,SOFTBERRY DIGITAL S.R.L.,Ready,+40 757 990 704,cristian@softberry.digital,https://www.softberry.digital/,CALEA BUCURESTI NR. 54 ET. 3 AP. 2 CMRA 2,https://www.odoo.com/partners/softberry-digital-s-r-l-22099567
Romania,NEW PEAKS S.R.L.,Ready,,,,,https://www.odoo.com/partners/new-peaks-s-r-l-24589135
Romania,Softforbiz srl,Ready,0040752197184,office@soft4biz.ro,,int Tihadar Nr.1 Ap.5,https://www.odoo.com/partners/softforbiz-srl-763048
Romania,Redbee Software SRL,Ready,+40 720 908 069,office@redbeesoftware.com,https://redbeesoftware.com/,"Cotita 9, Cluj-Napoca, Romania",https://www.odoo.com/partners/redbee-software-srl-11599106
Romania,QBS RETAIL&LOGISTICS SRL,Ready,,,,,https://www.odoo.com/partners/qbs-retail-logistics-srl-23104212
Romania,Sampa Mind Com SRL,Silver,+40 757 404 404,marcel.isaila@sampamind.com,https://www.sampamind.com/,"Str. Avionului nr. 26, biroul A, et. 1",https://www.odoo.com/partners/sampa-mind-com-srl-4612629
Romania,SOSTENIA S.R.L.,Gold,"+40 372 123 170, +40 722 220 213",sales@sostenia.odoo.com; ioana.baconi@sostenia.ro,https://www.sostenia.ro/en,"Sectorul 1, Str. CLUCERULUI, Nr. 2, CAM.C2, Bloc 3",https://www.odoo.com/partners/sostenia-s-r-l-5350747
Romania,TERRABIT Solutions,Silver,+40 724 202 497,cozmin@terrabit.ro,https://terrabit.ro/,Banca Nationala 3D/1,https://www.odoo.com/partners/terrabit-solutions-4307451
Rwanda,BK TECHOUSE LTD.,Ready,+250 788 83 5357,rkubwimana@bk.rw,,KN 30 Street,https://www.odoo.com/partners/bk-techouse-ltd-22144574
Rwanda,WEC Outsourcing,Ready,,,,,https://www.odoo.com/partners/wec-outsourcing-24348218
Rwanda,BK TECHOUSE LTD.,Ready,,,,,https://www.odoo.com/partners/bk-techouse-ltd-22260033
Rwanda,Araka,Silver,+32 467 11 82 39,info@araka.io,,1 KN 78 St,https://www.odoo.com/partners/araka-13438923
Rwanda,Globx Commerce Ltd,Silver,+250 783 796 003,info@globx.rw,https://www.theglobx.com/,"KG 141, Kimironko",https://www.odoo.com/partners/globx-commerce-ltd-21020424
Rwanda,TMR COMPUTING LTD,Silver,,,,,https://www.odoo.com/partners/tmr-computing-ltd-6123358
Rwanda,ADFinance,Silver,+250 788 302 848,olivier.mugabonake@adfinance.co,https://www.adfinance.co/,"Umoja House, Ground Floor P.O. Box 213",https://www.odoo.com/partners/adfinance-7090846
Saint Vincent And The Grenadines,Mavcom,Ready,+1 784-451-3932,paul@mavcomsvg.com,http://mavcomsvg.com,Arnos Vale,https://www.odoo.com/partners/mavcom-16777427
Saint Vincent And The Grenadines,Bytelands Technologies Inc,Ready,7845266954,info@bytelands.net,,Ratho Mill.,https://www.odoo.com/partners/bytelands-technologies-inc-9626334
Saudi Arabia,Al-Alameya for Business Solutions Company,Ready,,,,,https://www.odoo.com/partners/al-alameya-for-business-solutions-company-29702618
Saudi Arabia,Afq Alryiada,Ready,+966 59 344 1377,ehsan@afqalryiada.com,,King Abdullah Road,https://www.odoo.com/partners/afq-alryiada-15361980
Saudi Arabia,Accounts Quality Company for Financial Consulting,Ready,+966 58 240 8643,info@aqksa.com,https://www.aqksa.com,Al-Munsiyah. Thumamah Road,https://www.odoo.com/partners/accounts-quality-company-for-financial-consulting-11224384
Saudi Arabia,Abdel hadi Abdullah Al-Qahtani & Sons Co.,Ready,+966 54 327 0036,iomran@ahqsons.com,http://ahqsons.com,9th Street,https://www.odoo.com/partners/abdel-hadi-abdullah-al-qahtani-sons-co-9617770
Saudi Arabia,Afaqy Tec,Ready,920031914 - 0115152710,odoo@afaqy.tech,https://afaqy.tech/,2171 Riyadh 14231,https://www.odoo.com/partners/afaqy-tec-5999839
Saudi Arabia,21CK Creative Knowledge,Ready,+966 50 024 6956,ahmed.ali@21ck-it.com,,oliya,https://www.odoo.com/partners/21ck-creative-knowledge-6744716
Saudi Arabia,Al-Hakbani Information Technology,Silver,+966 55 509 6250,skaddumi@nutechits.com,http://www.nutechits.com,"Al-Hakbani Business Complex, Bldg. 1 Riyadh, Takhasussi St.",https://www.odoo.com/partners/al-hakbani-information-technology-6209929
Saudi Arabia,Afaq Information Technology,Ready,+966 54 114 3633,assem.emam@afaqitc.com,https://afaqitc.com/,King Fahad Road,https://www.odoo.com/partners/afaq-information-technology-9770678
Saudi Arabia,AlareebICT,Ready,+966 11 486 8359,info@alareebict.com,https://www.alareebict.com/,"Office 5 , Al Muhammadiyah Building , Alkhaznh Street , Ishbiliyah Dist",https://www.odoo.com/partners/alareebict-13903458
Saudi Arabia,Accurate Management System,Silver,+966 59 473 6585,roshan@accurates.com.sa,https://www.accurates.com.sa,At Tubaishi,https://www.odoo.com/partners/accurate-management-system-14430467
Saudi Arabia,Al Qemam,Ready,+966 54 686 6637,Meran.abdallah@alqemam.com,http://alqemam.com,Al-Taawun District – Exit 7 – Othman Bin Affan Street,https://www.odoo.com/partners/al-qemam-20806693
Saudi Arabia,Alkhutut Almutarajja Company for Transportation,Ready,+966 59 609 0717,haroun@infio.co,,Prince Fahad Bin Salman Bin Abdulaziz Road,https://www.odoo.com/partners/alkhutut-almutarajja-company-for-transportation-26473036
Saudi Arabia,Almnhj Almtwr LItalym Company,Ready,+966503107513,ahammed.kabeer@unicomerp.com,http://www.unicomerp.com,Al Thumamah Road - 7272,https://www.odoo.com/partners/almnhj-almtwr-litalym-company-4194194
Saudi Arabia,Arabian Admas LTD Co.,Ready,+966 55 528 4984,alhammami@admas.sa,,King Abdullah Road,https://www.odoo.com/partners/arabian-admas-ltd-co-19350936
Saudi Arabia,AMCL KSA,Ready,+966 50 684 9789,hani@amcl-ksa.com,http://www.amcl-ksa.com,"Prince Sultan Bin Abdulaziz Road, Rakah",https://www.odoo.com/partners/amcl-ksa-3961505
Saudi Arabia,Arbisoft,Ready,+1 (469) 215 2958,Solutions@arbisoft.com,http://arbisoft.com,"3141, Anas Ibn Malik",https://www.odoo.com/partners/arbisoft-17094123
Saudi Arabia,Applied Business systems,Ready,+966 53 455 7573,info@absysksa.com,,"Sayda Street, Ad Duraihimiyah, Riyadh 12791",https://www.odoo.com/partners/applied-business-systems-1545601
Saudi Arabia,Amar Advanced Technology,Ready,+966 50 933 3197,info@amartech.sa,https://www.amartech.sa/,Prince Saud Al Faisal Street U-Shape - 2nd floor - Al Rawdah District,https://www.odoo.com/partners/amar-advanced-technology-9847382
Saudi Arabia,Alia ICT,Silver,+966 561507812,j.scaria@aliaict.com,https://www.aliaict.com,"Electronic Company for High Technology [ALIA ICT] P.O Box .103230, Riyadh - 11695, Kingdom of Saudi Arabia",https://www.odoo.com/partners/alia-ict-4941796
Saudi Arabia,Areen ALTamayuz Est.,Ready,+966 54 116 8537,info@zonex-pro.com,http://zonex-pro.com,Olya ST,https://www.odoo.com/partners/areen-altamayuz-est-10800655
Saudi Arabia,Arma Technology (AIIT),Ready,+966 54 478 4696,info@arma-technology.com,https://www.arma-technology.com/,"122 Jameel Square Building,",https://www.odoo.com/partners/arma-technology-aiit-29121839
Saudi Arabia,Best Performance For IT Solutions,Ready,+966 50 245 6856,info@bestperformance.ink,http://bestperformance.ink,"Abdul Rahman Al-Nasser Street, Al-Rawdah District",https://www.odoo.com/partners/best-performance-for-it-solutions-9201422
Saudi Arabia,Arrow Information Technology,Silver,+966 59 493 6995,smoro@arrowdt.com,https://arrowdt.com/,Riyadh Sulaymaniyah Prince Mamdouh bin Abdulaziz Street,https://www.odoo.com/partners/arrow-information-technology-6697238
Saudi Arabia,Axis Tech Establishment,Ready,+966 50 360 3626,info@axistech.ai,,SA-01,https://www.odoo.com/partners/axis-tech-establishment-31046386
Saudi Arabia,Athr International for Information Technology,Ready,+966566674465,info@athrtech.com,https://athrtech.odoo.com/,"Prince Mohamed Bin Abdulaziz Street, Al Rawdah District, P.O. Box 23423",https://www.odoo.com/partners/athr-international-for-information-technology-12762940
Saudi Arabia,Better Establishment for Telecommunications and Information technology,Ready,+96655 308 4118,info@bettertech.sa,http://bettertech.sa,Riyadh,https://www.odoo.com/partners/better-establishment-for-telecommunications-and-information-technology-6530871
Saudi Arabia,Businesses Gates,Ready,,,,,https://www.odoo.com/partners/businesses-gates-30697087
Saudi Arabia,Business Cube,Silver,+966 59 556 4555,m.shahin@business-cube.sa,https://business-cube.sa,King Abdulaziz,https://www.odoo.com/partners/business-cube-17525057
Saudi Arabia,Bsma Holding Company,Silver,+966 59 204 7228,info@bsma.sa,http://www.bsma.sa/,"2nd Floor, Solultana Center",https://www.odoo.com/partners/bsma-holding-company-11335108
Saudi Arabia,Byte - Tech IT Solutions,Ready,+966 58 212 2642,info@byte-tech.co,https://byte-tech.co/,13223 Al Shaikh Hassan Bin Hussain Bin Ali -Riyadh,https://www.odoo.com/partners/byte-tech-it-solutions-15329189
Saudi Arabia,Al Majal Tech,Silver,+96654877 7676 & +966547809020,islam@almajalbh.com,http://www.almajalbh.com,Prince Mohammed Bin Fahd Rd,https://www.odoo.com/partners/al-majal-tech-16511064
Saudi Arabia,Daam Tech,Ready,+966 50 282 3053,info@daamtech.co,http://daamtech.co,Saudi Arabia,https://www.odoo.com/partners/daam-tech-22389223
Saudi Arabia,Cloud Systems for Information Technology Co,Ready,+966 58 004 1917,info@cloudsystems.sa,http://cloudsystems.sa,8113 Qais bin Zuhair st,https://www.odoo.com/partners/cloud-systems-for-information-technology-co-13301188
Saudi Arabia,Alta Pete Business Solutions,Ready,+923703536327,ahad.maaz@altapetesolutions.com,http://altapetesolutions.com,Saudi Arabia (Riyadh-Khubar) Pakistan (Lahore-Islamabad),https://www.odoo.com/partners/alta-pete-business-solutions-2565573
Saudi Arabia,Creativity Echo,Ready,+966 54 475 5588,info@echo.sa,http://www.echo.sa,"Dammam Branch Road, Exit 8",https://www.odoo.com/partners/creativity-echo-1961470
Saudi Arabia,Connected Gateway - SA,Ready,+966 55 004 8792,eihab@connectedgateway.com,,Building 4.07 King Abdullah Financial District (KAFD),https://www.odoo.com/partners/connected-gateway-sa-13773590
Saudi Arabia,Deem Excellence KSA,Silver,+966 11 520 4028,hello@deit.sa,https://www.deemexcellence.sa,"Al-Thumamah Valley St, Al Olaya",https://www.odoo.com/partners/deem-excellence-ksa-17680820
Saudi Arabia,Devest,Ready,+966 580500123,contact@devest.co,https://www.devest.co/,"Office 8596 King Abdullah Road,",https://www.odoo.com/partners/devest-11464100
Saudi Arabia,Digital Projects,Ready,+966 59 763 5900,hashem@dgprojx.com,,Olaya Street,https://www.odoo.com/partners/digital-projects-23274347
Saudi Arabia,DWP IT Arabia,Silver,+966 59 769 6407,info@dwptech.com,https://www.dwptech.com/arabia,Anas Bin Malik Road,https://www.odoo.com/partners/dwp-it-arabia-21718051
Saudi Arabia,Ejad Digital Solutions,Silver,+966 55 668 0031,info@ejad.sa,https://ejad.sa/w/,Yammamh Street,https://www.odoo.com/partners/ejad-digital-solutions-3221859
Saudi Arabia,Digital Harbor,Gold,+966 54 747 6000,sales@digital-harbor.net,http://www.digital-harbor.net,"Alolaya Road, Dar Elwekalat Trading Center, Riyadh",https://www.odoo.com/partners/digital-harbor-10222849
Saudi Arabia,Ejada,Ready,+966 54 529 3310,amhegazy@ejada.com,https://www.ejada.com/,"Al Malaz, Riyadh 11564, Saudi Arabia",https://www.odoo.com/partners/ejada-13493716
Saudi Arabia,Exacall Information Technology Company,Ready,+966 9200 33120,support@exacall.com,https://www.exacall.com/,Othman Bin Affan Road,https://www.odoo.com/partners/exacall-information-technology-company-20991651
Saudi Arabia,Delta East Financial,Ready,+966 58 104 1483,ibrahemfaraaj@defc.sa,https://www.defc.sa/en,الخبر,https://www.odoo.com/partners/delta-east-financial-16486458
Saudi Arabia,Expert Partners,Ready,,,,,https://www.odoo.com/partners/expert-partners-8682218
Saudi Arabia,Excenology @ Brandcommandos,Ready,+966 54 103 6400,mohammed@excenology.com,,Jeddah,https://www.odoo.com/partners/excenology-brandcommandos-13590494
Saudi Arabia,Expedite Processing Administration Office,Ready,+966 50 223 2240,info@epa-ksa.com,https://www.epa-ksa.com/,Al Bandariyah Center,https://www.odoo.com/partners/expedite-processing-administration-office-13130124
Saudi Arabia,Complete Growth IT,Silver,+966 54 882 5895,info@cgc-sa.net,https://www.cgc-sa.net/,Al Olaya Baseel Tower,https://www.odoo.com/partners/complete-growth-it-16302415
Saudi Arabia,Era Group LTD. CO,Gold,+966 597128471,yasser@era.net.sa,https://era.net.sa,"Ar Rawdah, Tahliah st. 23432 Jeddah",https://www.odoo.com/partners/era-group-ltd-co-3044647
Saudi Arabia,Experts In Tech,Ready,(+966) 535288851,info@expertsintech.com,https://www.expertsintech.com/,Al Kayal Street,https://www.odoo.com/partners/experts-in-tech-1145674
Saudi Arabia,FAMA Technologies,Ready,+966 50 014 6106,irfan@famatechnologies.com,https://www.famatechnologies.com/,"3058 Prince Sultan Bin Abdulaziz Rd, 7415",https://www.odoo.com/partners/fama-technologies-15904401
Saudi Arabia,Fanal Tech,Ready,+966 56 067 5755,sales@fanal.me,https://fanal.me/,Asir,https://www.odoo.com/partners/fanal-tech-15935079
Saudi Arabia,Encode,Silver,+966 53 438 7977,info@encode.sa,,Almalqa District,https://www.odoo.com/partners/encode-19881403
Saudi Arabia,Eezee IT Saudi,Silver,+966 57 078 6312,info@eezee-it.sa,https://eezee-it.sa/,"Al Tadaman, Al Arabi Street, Al Enjaz Center,",https://www.odoo.com/partners/eezee-it-saudi-795084
Saudi Arabia,Digital Integrated Solution KSA,Silver,"+966 59 698 0986 , +966 58 320 7157",info@dis-sa.com,,عمارة كورال سنتر طريق عثمان بن عفان الدور الثالث – مكتب رقم (11) الرياض,https://www.odoo.com/partners/digital-integrated-solution-ksa-10521191
Saudi Arabia,Future Creators,Ready,+966 54 352 0377,ramy@fcc-sa.com,https://fcc-sa.com,"3082 Al Ihsaa, Al Malaz, Riyadh 12836",https://www.odoo.com/partners/future-creators-19385696
Saudi Arabia,Future Skills,Ready,+966 558444801,ksb@maharat.io,,نجم الدين الايوبي,https://www.odoo.com/partners/future-skills-14477115
Saudi Arabia,HASEB Business Solutions,Ready,+966 54 911 0013,info@haseb-solutions.com,,Riyadh,https://www.odoo.com/partners/haseb-business-solutions-22195311
Saudi Arabia,H2Solutions,Ready,+966 57 066 7747,hadi@h2solutions.co,http://h2solutions.co,"Regus Novotel Business Park- King Fahd Road Al Khobar, Business Park",https://www.odoo.com/partners/h2solutions-11820639
Saudi Arabia,I Value Solutions,Ready,+966 50 876 7485,info@ivalue-s.com,http://www.ivalue-s.com,"Level 29, Olaya Towers, Tower B",https://www.odoo.com/partners/i-value-solutions-15429642
Saudi Arabia,Global Solutions,Gold,+966565834495 +966543552412 +971509560552,info@globalsolutions.sa,https://www.globalsolutions.sa,Jeddah - Riyadh - Al Khobar,https://www.odoo.com/partners/global-solutions-3428807
Saudi Arabia,Infinite Creators,Ready,+966 50 816 4653,sb@infcreators.com,,Al Fayha,https://www.odoo.com/partners/infinite-creators-17556211
Saudi Arabia,Iconnect,Ready,+966 53 421 4091,info@iconnect-intl.com,http://iconnect-intl.com,Super Office Sweedi,https://www.odoo.com/partners/iconnect-16430588
Saudi Arabia,InfoTech KSA,Ready,+966 55 591 7433,info@infotech.com.sa,http://infotech.com.sa,"Building No. 4963, Asir Al Nahda Street",https://www.odoo.com/partners/infotech-ksa-20235283
Saudi Arabia,Growth Way,Ready,+966 58 111 4083,rashed@gro-way.com,https://gro-way.com/,Saleh Al Shartouni,https://www.odoo.com/partners/growth-way-3935818
Saudi Arabia,Ideal Lines Computer Systems (iLines),Gold,+966 11 241 4347,info@ilines.sa,https://ilines.solutions/,"Al Rawabi, 14215, Bld. 3464, Floor 1, Office 6",https://www.odoo.com/partners/ideal-lines-computer-systems-ilines-13592904
Saudi Arabia,Inspire HUB Saudi,Silver,+966 55 542 1806,simon.mehanny@inspirehub.sa,https://www.inspirehub.sa/,Abdul-Aziz Road,https://www.odoo.com/partners/inspire-hub-saudi-24737335
Saudi Arabia,iMaxem,Ready,+966 56 654 9501,Nassar@iMaxem.com,https://imaxem.com/,Abdulrahman Ibn Itab,https://www.odoo.com/partners/imaxem-5847942
Saudi Arabia,INFORISE IT,Silver,+966 54 699 0941,info@inforiseit.com,https://www.inforiseit.com/best-odoo-partner-in-saudi-arabia.php,Riyadh | Al Khobar Ash 1 Shamaliya,https://www.odoo.com/partners/inforise-it-643956
Saudi Arabia,Integrated Solutions,Ready,+966 53 236 3762,manger@insotech-sa.com,,التحلية,https://www.odoo.com/partners/integrated-solutions-19253256
Saudi Arabia,IT DIGITAL BAG,Ready,+966 55 995 3727,sufyan@itbag.sa,https://itbag.sa,Prince Mashoor Street,https://www.odoo.com/partners/it-digital-bag-22414413
Saudi Arabia,Jebal Al Khayala,Silver,+966 59 097 4292,akamal_2010@live.com,,Khalid bn Walied,https://www.odoo.com/partners/jebal-al-khayala-16640422
Saudi Arabia,Intelldigit solutions,Gold,+966 54 194 5945,adel@idsc-sa.com,http://www.idsc-sa.com,Madina Road,https://www.odoo.com/partners/intelldigit-solutions-3052247
Saudi Arabia,Introduction,Ready,+966 54 442 9801,info@introduction.sa,https://introduction.sa/,"Al Marwah, saudiarabia",https://www.odoo.com/partners/introduction-26616212
Saudi Arabia,iSTANDARD Holding Co.,Ready,+966 50 831 9086,info@istandard.net,https://www.istandard.net/,"Building 9278, King abdul aziz street",https://www.odoo.com/partners/istandard-holding-co-24322799
Saudi Arabia,KAI Arabia,Ready,+966 56 773 6833,accounts@kai-arabia.com,http://kai-arabia.com,Jeddah,https://www.odoo.com/partners/kai-arabia-26766949
Saudi Arabia,Join International ltd,Ready,+966 56 555 5343,aalanazi@join.sa,https://join.sa,"DEEM Plaza, King Abdullah Ibn Abdulaziz Saud Branch, Al Hamra District,",https://www.odoo.com/partners/join-international-ltd-25259188
Saudi Arabia,Jeddah Art,Ready,+966 50 498 4956,ghazi@jeddahart.com,https://jeddahart.com/,Saudi Arabia,https://www.odoo.com/partners/jeddah-art-12990142
Saudi Arabia,KamahTech -KSA,Ready,,info@kamahtech.com,https://www.kamahtech.com/,Saudi Arabia,https://www.odoo.com/partners/kamahtech-ksa-16521858
Saudi Arabia,LinkSysPro,Silver,+966 50 854 9207,info@linksyspro.com,https://linksyspro.com/,Olya st,https://www.odoo.com/partners/linksyspro-22613598
Saudi Arabia,Kangaroo Tools,Ready,+966 55 938 9891,ziad@kangarootools.com,http://kangarootools.com,Prince Mamdouh Bin Abdulaziz,https://www.odoo.com/partners/kangaroo-tools-16077546
Saudi Arabia,Masar Tech for Information Technology,Ready,+966 57 022 9217,contact@masar.net.sa,,Asslam,https://www.odoo.com/partners/masar-tech-for-information-technology-4526704
Saudi Arabia,Matrix Intelligence,Ready,+966 50 304 3105,mjan@mi-cit.com,https://www.mi-cit.com/,"6276 Al-Waleed Center, 2st Floor, Office 202",https://www.odoo.com/partners/matrix-intelligence-22545301
Saudi Arabia,Kyan Systems Telecom & IT,Silver,+966 55 508 1003,nisreen.y@kyansys.sa,https://www.kyansys.sa/,"7593 Al Ihsa Street, Al Rabwa District, Riyadh 12813",https://www.odoo.com/partners/kyan-systems-telecom-it-8039618
Saudi Arabia,Mega Trust Group,Ready,+966 57 362 5006,app@megatrust.net,http://megaerp.net,"Fityan ibn Mohammed, AL QUDS, Exit 10, After Sheta Saif,",https://www.odoo.com/partners/mega-trust-group-2006729
Saudi Arabia,Metch Information Technology,Ready,+966 59 099 2271,omran@metch.sa,http://metch.sa,11520 Riyadh,https://www.odoo.com/partners/metch-information-technology-16014464
Saudi Arabia,Intelligent Experts Technology (IET),Gold,+966 531088776,ahmed.elnabawy@intelligent-experts.com,https://intelligent-experts.com/,"Prince Mamdouh, Sulimaniyah District",https://www.odoo.com/partners/intelligent-experts-technology-iet-4840227
Saudi Arabia,Mizan,Silver,+966 56 887 2060,ehab@mizan-sa.com,http://www.mizan-sa.com,"الجبيل, المملكة العربية السعودية",https://www.odoo.com/partners/mizan-6686850
Saudi Arabia,NERVA,Ready,Call:+966920031275 WhatsApp: +966548655932,info@nerva.co,http://www.nerva.co,"Al Hayat plaza Building, Prince Said Al Faisal Road, KSA",https://www.odoo.com/partners/nerva-6639174
Saudi Arabia,Nezam ERP,Ready,+966547667466,ahmedmalsawi@gmail.com,https://www.nezamerp.com/,Riyadh,https://www.odoo.com/partners/nezam-erp-23798932
Saudi Arabia,NAQLAH Technologies,Gold,+966503245357,finance@naqlahtech.com,https://www.naqlah.com.sa/,"Prince Saad Ibn Abdelrahman Rd, Aljazeerah Dist.",https://www.odoo.com/partners/naqlah-technologies-5571223
Saudi Arabia,NHM Solutions,Ready,+966 53 742 9644,tsm@nhm.sa,https://nhm.sa/,Alnoor Dst,https://www.odoo.com/partners/nhm-solutions-23216723
Saudi Arabia,Machinser Group - Alafkar Almotlaqa,Gold,+966 56 927 1692,sales@machinser.com,http://www.machinser.com/,"Office 16, Building 5017, King Saud Rd, Ar Rabie Dist, Dammam, Kingdom of Saudi Arabia",https://www.odoo.com/partners/machinser-group-alafkar-almotlaqa-7857166
Saudi Arabia,Nyota Studio,Ready,+966 53 731 2054,saleh.jafar@nyota.studio,http://nyota.studio.com,Saudi Arabia,https://www.odoo.com/partners/nyota-studio-23174528
Saudi Arabia,Orbit IT Solutions,Ready,+966 59 076 5313,a.abuqamar@orbitech.jo,,Musa Bin Nuseir St.,https://www.odoo.com/partners/orbit-it-solutions-16453777
Saudi Arabia,Noptechs,Silver,920014662,sales@noptechs.com,https://www.noptechs.com,الطابق ال20 برج النخيل طريق الملك فهد,https://www.odoo.com/partners/noptechs-8533208
Saudi Arabia,Perfect-tech - KSA,Gold,+966 56 660 7833,info-ksa@perfect-tech.co,https://perfect-tech.co/,Prince Mohamed Ben AbdulAziz,https://www.odoo.com/partners/perfect-tech-ksa-13440023
Saudi Arabia,Peerless - KSA,Gold,+966546413269 / +966 567488074,sales@peerlesstec.com,https://www.peerless-tech.com/,"7971 Othman Bin Affan St, Al Narjes District, Riyadh 13324-4188 - Saudi Arabia",https://www.odoo.com/partners/peerless-ksa-2137773
Saudi Arabia,Pioneer Solutions,Silver,+966 54 347 3062,m.ghazy@ps-sa.net,,Salah udeen Road,https://www.odoo.com/partners/pioneer-solutions-19128
Saudi Arabia,Proactive Solutions,Ready,+966 59 172 2322,i.aaziz@pas-sa.com,http://www.pas-sa.com,"Abu Bakr Al Siddik street, Ar Rabi, Riyadh 13316",https://www.odoo.com/partners/proactive-solutions-14371954
Saudi Arabia,Pro Alliance,Silver,+966 56 817 3058,odoo@proalliance.sa,http://proalliance.sa,Jeddah,https://www.odoo.com/partners/pro-alliance-15381442
Saudi Arabia,Prof Business,Gold,+966 56 755 8817,info@prof.business,https://www.prof.business/,"Moon Tower-Ar Rahmaniyyah,, King Fahad Road,7586",https://www.odoo.com/partners/prof-business-4398722
Saudi Arabia,OzonLayer IT Services,Silver,+966 56 434 5818,info@ozonlayer.com,http://ozonlayer.com,Building 5204 Saud Ibn Abdulaziz Ibn Muhammad Branch,https://www.odoo.com/partners/ozonlayer-it-services-17736238
Saudi Arabia,Plementus KSA,Silver,+9663301190,ibrahim.abed@plementus.com,http://www.plementus.com,"Bintami Building 3, 1st Floor, King Abdulaziz Road",https://www.odoo.com/partners/plementus-ksa-11281680
Saudi Arabia,Premium Tech,Gold,+966 56 406 0429,sales@ptech.sh,https://ptech.sh/,"King Fahd Br Rd, Sixtieth Street, Jeddah",https://www.odoo.com/partners/premium-tech-19604425
Saudi Arabia,Plus Tech Company,Gold,920032627,info@plustech-it.com,,"Khurais Rd, Al Manar",https://www.odoo.com/partners/plus-tech-company-4700047
Saudi Arabia,Prototyping Technology,Silver,+966 54 836 1883,a.sherby@ptec.sa,http://Ptec.odoo.com,Palestine Street- Dallah Tower​,https://www.odoo.com/partners/prototyping-technology-7385434
Saudi Arabia,ProSys,Silver,+966 508860066,ibrahim.yahia@prosys-sa.com,https://www.prosys-sa.com/,Almadinah Road,https://www.odoo.com/partners/prosys-8688166
Saudi Arabia,Quick Services LTC KSA,Ready,+966 54 605 5897,info@qs-solutions.com,,Noras alamalkah,https://www.odoo.com/partners/quick-services-ltc-ksa-22914874
Saudi Arabia,Raqmeyat IT solutions (RITSOL Allied),Ready,+966 59 390 1613,info@ritsol.com,https://ritsol.com/,Al Olaya,https://www.odoo.com/partners/raqmeyat-it-solutions-ritsol-allied-7029612
Saudi Arabia,SIJILACC,Ready,+966 54 336 8467,info@sijilacc.com,http://www.sijilacc.com,Northen Ring Branch,https://www.odoo.com/partners/sijilacc-24696969
Saudi Arabia,SBS Middle East,Silver,+20 1050232113,Sales@sbssaudi.com,http://sbssaudi.com,13215 الرياض، الملك فيصل ،شارع الامير بندر بن عبدالعزي,https://www.odoo.com/partners/sbs-middle-east-20899345
Saudi Arabia,Ruaa Alebtekar,Silver,+966 53 140 0155,info@ruaa-innovation.com,https://ruaa-innovation.com,4452 Arbeel,https://www.odoo.com/partners/ruaa-alebtekar-13660567
Saudi Arabia,Role8,Ready,+966 53 377 6533,sales@role8.com,http://www.role8.com,Jeddah,https://www.odoo.com/partners/role8-6099727
Saudi Arabia,RuyaTech,Ready,+966 59 777 3775,ihab.ghoussainy@ruyatechnology.com,http://ruyatechnology.com,No. 1217,https://www.odoo.com/partners/ruyatech-17958819
Saudi Arabia,Palmate Technologies,Silver,+966 53 542 0507,fadil@palmate.sa,http://www.palmate.sa,"L7, Al Murjanah Tower Prince Sultan St.",https://www.odoo.com/partners/palmate-technologies-929611
Saudi Arabia,Smart Base,Ready,+966 53 335 0019,sb@smartbase.sa,https://smartbase.sa,Jeddah - Almouhamdia Des,https://www.odoo.com/partners/smart-base-13936304
Saudi Arabia,Reachware,Silver,+966 537160518,rmahdi@reachware.com,http://www.reachware.com,"Imam Saud Bin Abdulaziz Bin Muhammad Road, Riyadh, Riyadh 12465, SA",https://www.odoo.com/partners/reachware-19507152
Saudi Arabia,Skytech Technical Solutions,Ready,+966 59 397 6318,info@sky4techs.com,https://www.sky4techs.com/,"P.O. Box 6542, Riyadh 11452",https://www.odoo.com/partners/skytech-technical-solutions-7452666
Saudi Arabia,Sports Tech,Silver,+966 55 760 9254,marif@leejam.com.sa,http://leejam.com.sa,13315 Al-Thumamah Valley Street,https://www.odoo.com/partners/sports-tech-20174126
Saudi Arabia,SMART Technology Solutions,Silver,+966 9200 24779,bapps@smart.sa,http://smart.sa,4th Floor Office 43,https://www.odoo.com/partners/smart-technology-solutions-1207226
Saudi Arabia,Smart Way Business Solutions - KSA,Silver,+966 53 949 9380,odoo@smartway.co,https://www.smartway.co,"Prince Abdulaziz Bin Ayyaf, Alyasmin Riyadh 13326, Saudi Arabia",https://www.odoo.com/partners/smart-way-business-solutions-ksa-22868010
Saudi Arabia,Intiqaal Information Technology,Gold,+966 55 112 1935,a.benmertah@intiqaal.com,https://intiqaal.com/,"6505 Al Sahaba Rd, 2724، Ishbiliyah",https://www.odoo.com/partners/intiqaal-information-technology-12615984
Saudi Arabia,SYSMNT,Silver,+966 535339137,odoo@sysmnt.com,http://www.sysmnt.com,Imam Abdullah Ibn Saud Ibn Abdulaziz Rd,https://www.odoo.com/partners/sysmnt-18097368
Saudi Arabia,Systems Codes,Silver,+966 54 312 3155,info@systemscodes.com,https://systemscodes.com/,"RKQA4584, 4584 Najm Al Din Al Ayoubi, 6128, Tuwaiq, 6128, Riyadh",https://www.odoo.com/partners/systems-codes-16577606
Saudi Arabia,Technical Business for Telecom & IT LLC. (Sharek),Silver,+966 9200 21124,info@sharek.com.sa,http://www.sharek.com.sa,٧٠٢٧ العقارية العليا,https://www.odoo.com/partners/technical-business-for-telecom-it-llc-sharek-4142764
Saudi Arabia,Techsup Business,Ready,+966 50 542 2756,talgain@techsupbusiness.com,,"Olaya st, Cerecon Building 12",https://www.odoo.com/partners/techsup-business-16637828
Saudi Arabia,Tie Apps,Ready,+966549565961,mahmoud@tieapps.com,,Riyadh,https://www.odoo.com/partners/tie-apps-13750986
Saudi Arabia,Tilad Integrated Solutions Co.,Ready,+966 53 808 2848,erp@tilad.com.sa,,Makkah Almukarama Branch,https://www.odoo.com/partners/tilad-integrated-solutions-co-23792361
Saudi Arabia,Time Solution Information Technology,Ready,+966 50 993 4210,A.khalifa@time-solution.sa,,"7292, Al-Mansur bin Abi Amer, 2679",https://www.odoo.com/partners/time-solution-information-technology-14888762
Saudi Arabia,ToDoOps,Ready,+966540676575,contact@todoops.sa,https://todoops.sa/,3142 Adda Ibn Khalid,https://www.odoo.com/partners/todoops-18087022
Saudi Arabia,Touch Business Solutions,Silver,(966) 59 365 2828,Maher@alsehly.com.sa,https://finaltouches.sa/,"2 Holy Mosques Rd, Al Khobar Al Shamalia",https://www.odoo.com/partners/touch-business-solutions-14262691
Saudi Arabia,Trend SI || KSA,Ready,+966 59 755 2287,sag@trend-is.co,https://www.trend-is.co/r/dLb,Al Thoumama street,https://www.odoo.com/partners/trend-si-ksa-18410209
Saudi Arabia,United Diamond Technology UD-Tech,Ready,+966 59 920 9361,info@udtech-sa.com,,Al faisaliyah district saudi arabia,https://www.odoo.com/partners/united-diamond-technology-ud-tech-18664172
Saudi Arabia,Tuwaiq Consulting Group,Ready,+966 50 378 4639,odoo@tcgksa.com,https://tcgksa.com,"Riyadh, Al Malaz District, Salah Al-Din Al-Ayyubi Road, Building No. 6406",https://www.odoo.com/partners/tuwaiq-consulting-group-17861000
Saudi Arabia,Triosoft - KSA,Silver,+966 54 880 2989,info.ksa@triosoft.co,http://triosoft.co,Hussein Bin Ali (Plaza mall),https://www.odoo.com/partners/triosoft-ksa-13439858
Saudi Arabia,Sendan Tech,Silver,+966 53 835 3385,vikram@sendantech.com,http://sendantech.com,"Faiha, Istanbul Street",https://www.odoo.com/partners/sendan-tech-16297062
Saudi Arabia,United Members Company (UMC),Ready,+966504328642 \ +966598346553,info@umc-sa.com,http://www.umc-tech.com,"Sari Br Rd, Ar Rabwah, Jeddah 23446",https://www.odoo.com/partners/united-members-company-umc-15201177
Saudi Arabia,Visions Info Tech,Silver,+966 50 684 0915 / +966 53 567 2030,yasser@sovisions.com,http://www.sovisions.com,"HQ: 7758 – 9nth Al Bareed St, Almoluhi Building – Dammam",https://www.odoo.com/partners/visions-info-tech-4933228
Saudi Arabia,Variety IT,Gold,+966 56 409 9728,sales@varietyit.com,http://varietyit.com,"Hamad Tower, 7421 King Fahd Branch Rd, 3143 Al Olaya, 4th floor",https://www.odoo.com/partners/variety-it-14998669
Saudi Arabia,White Box Systems,Ready,+966 50 936 6663,talalkhodr@stepksa.com,,Salah Ad Din Al Ayyubi,https://www.odoo.com/partners/white-box-systems-24723636
Saudi Arabia,WORKFORCER Management W.L.L,Silver,+966539651112,info@workforcer.com,https://workforcer.com,"Alashraa Street, Ash Shati Sharqi Dist. Building No. 5018, 18th floor, Dammam DMM 32414 Saudi Arabia",https://www.odoo.com/partners/workforcer-management-w-l-l-13301296
Saudi Arabia,Zlanyk Technologies,Ready,,,,,https://www.odoo.com/partners/zlanyk-technologies-943010
Saudi Arabia,V For Technology,Ready,+966 54 684 9433,msakr@v4tech.com,https://v4tech.com/,Riyadh,https://www.odoo.com/partners/v-for-technology-18083041
Saudi Arabia,ZAD Solutions - KSA,Silver,+966506158954,admin@zadsolutions.com,http://www.zadsolutions.com,Sawdah bint Zam'ah,https://www.odoo.com/partners/zad-solutions-ksa-18074381
Saudi Arabia,Upward Technologies,Gold,+966555048115,allam@upward.sa,https://www.upward.sa,King AbdulAziz Road,https://www.odoo.com/partners/upward-technologies-6482438
Saudi Arabia,SMART SUPPORT INFORMATION TECHNOLOGY,Silver,+966500980808,eng.almohsen@gmail.com,https://www.smartsupport.tech/,"8792, Othman Bin Affan Road",https://www.odoo.com/partners/smart-support-information-technology-6998565
Saudi Arabia,Smart of Things,Ready,+966 59 696 9601,sales@sot.com.sa,http://sot.com.sa,"5th Floor Khalidiya Building, Wadi Al Shouara Street Computer Market, Al Olaya District Riyadh, Saudi Arabia",https://www.odoo.com/partners/smart-of-things-14395937
Saudi Arabia,Smart Beats,Ready,966546642718 - 966541118955,service@smartbeats-it.com,https://smartbeats-it.com/,Al-Rayan,https://www.odoo.com/partners/smart-beats-1800268
Saudi Arabia,ZONE,Ready,+966 11 520 7327,ahmad.zamzam@zone.net.sa,https://www.zone.net.sa/,Riyadh Saudi Arabia,https://www.odoo.com/partners/zone-11020050
Saudi Arabia,Smart Dimensions for Information Technology,Ready,+966 54 998 2781,faisal@sdit.co,https://sdit.co,"Ar Rumayhi, An Nakheel, Office#7",https://www.odoo.com/partners/smart-dimensions-for-information-technology-7657982
Senegal,COGESTO CONSULTING,Ready,,,,,https://www.odoo.com/partners/cogesto-consulting-20392440
Senegal,IGF SARL,Ready,,,,,https://www.odoo.com/partners/igf-sarl-17285065
Senegal,ABCD/SUGUM,Ready,+221 77 184 43 87,sugum@allbconsulting.com,,"Scat Urbam,Maristes 2",https://www.odoo.com/partners/abcd-sugum-21309760
Senegal,IT4LIFE,Ready,+33 6 08 47 08 60,yoann@it4life.org,,"Lot 702, Ngor extension",https://www.odoo.com/partners/it4life-19506601
Senegal,Baamtu,Ready,+221 78 620 49 49; +221 77 748 34 53,commercial@baamtu.com,http://baamtu.com,Ouest Foire VDN cité COSAPEC Lot N°10,https://www.odoo.com/partners/baamtu-183
Senegal,Optesis Sénégal,Silver,,info@optesis.com,,,https://www.odoo.com/partners/optesis-senegal-24256714
Senegal,G&G Professional Services,Ready,+221338642282,contact@gandgcorp.com,https://gandgcorp.com/,"139 Rue A, Point E",https://www.odoo.com/partners/g-g-professional-services-2272122
Senegal,AOS Sénégal,Ready,,contact@aosmali.com,,,https://www.odoo.com/partners/aos-senegal-19533528
Senegal,ERGOBIT,Silver,+221 78 440 64 64,info@ergobit.com,https://ergobit.com,24 Bld. Martin Luther King (Corniche),https://www.odoo.com/partners/ergobit-2003777
Senegal,PCo. Partners,Silver,+221 77 638 33 33,moustapha.diop@pcopartners.sn,https://www.pcopartners.sn/en/,"Cité BIAGUI, Route de l'Aéroport Léopold Sédar SENGHOR",https://www.odoo.com/partners/pco-partners-2145427
Senegal,PRODOID Systems Inc.,Ready,+221 33 842 68 00,admin@prodoid.com,https://www.prodoid.com/,Immeuble Elhadj Omar Dia Point E - 1 étape Bvd de St-Louis x Allées Seydou Nourou Tall,https://www.odoo.com/partners/prodoid-systems-inc-2821369
Senegal,ZENPILOTE,Ready,+221 77 878 92 75,moussa@zenpilote.fr,,Sacré-Cœur 1 Villa 8209,https://www.odoo.com/partners/zenpilote-18203508
Senegal,SENEDOO SAS,Ready,+221 77 190 06 06,contact@senedoo.com,https://www.senedoo.com/,Ouest-Foire,https://www.odoo.com/partners/senedoo-sas-18028340
Senegal,Toftal Technologies,Ready,+221 78 161 18 60,sales@toftal.tech,,"Liberté 6, Deux Voies Camp Pénal",https://www.odoo.com/partners/toftal-technologies-18695778
Serbia,Logit,Ready,+381 62 775124,info@logit-solutions.com,https://www.logit-solutions.com,Đorđa Stanojevića 14,https://www.odoo.com/partners/logit-20859535
Serbia,Modoolar,Gold,+381600110213,info@modoolar.com,http://www.modoolar.com,Obilicev venac 18-20,https://www.odoo.com/partners/modoolar-984196
Sierra Leone,Tovesina Asset Management,Ready,,,,,https://www.odoo.com/partners/tovesina-asset-management-21724403
Singapore,ATT Infosoft Pte Ltd.,Ready,+65 6749 7840,enquiry@attsystemsgroup.com,https://www.attsystemsgroup.com/,"35 Ubi Crescent, ATT Building",https://www.odoo.com/partners/att-infosoft-pte-ltd-20696971
Singapore,CYBERMAX ASIA PTE. LTD.,Ready,+65 9855 3935,roger.teo@cybermaxasia.com,http://cybermaxasia.com,6 Tagore Drive,https://www.odoo.com/partners/cybermax-asia-pte-ltd-22107383
Singapore,AM8ZE Pte ltd,Ready,+65 88055963,desmond.chow@am8ze.com,http://am8ze.com,"16 Ayer Rajah Crescent #05-01, Tempco Technominium",https://www.odoo.com/partners/am8ze-pte-ltd-7574054
Singapore,Captivea Singapore,Ready,+65 8777 0237,nimesh@captivea.com,https://www.captivea.com,"541 Orchard Road, #09-01 LIAT Towers",https://www.odoo.com/partners/captivea-singapore-10652507
Singapore,Intelgrity Pte. Ltd.,Ready,+65 9022 5466,stella@intelgrity.com,https://www.intelgrity.com,9 Temasek Boulevard #07-01,https://www.odoo.com/partners/intelgrity-pte-ltd-17102613
Singapore,Accentuate Pte Ltd,Ready,+65 9800 1211,kenny@accentuate.com.sg,https://accentuate.com.sg/,"5 Harper Road, #04-01A, Singapore",https://www.odoo.com/partners/accentuate-pte-ltd-7677719
Singapore,Applivon Pte Ltd,Ready,+65 9237 8035,valerie.lee@applivon.com,http://www.applivon.com,1 Raffles Place #02-01 One Raffles Place Mall,https://www.odoo.com/partners/applivon-pte-ltd-1826698
Singapore,Falinwa Singapore Pte. Ltd.,Silver,+65 9385 3342,singapore@falinwa.com,http://www.falinwa.com,541 Orchard Road #09-01 Liat Towers,https://www.odoo.com/partners/falinwa-singapore-pte-ltd-13514638
Singapore,Brainvire Infotech INC,Gold,+65 9086 0319,pragna.vora@brainvire.com,,31 Cantonment Road,https://www.odoo.com/partners/brainvire-infotech-inc-1613510
Singapore,Alitec Pte Ltd,Gold,+65 6262 2001,sales@alitec.sg,https://www.alitec.sg,"1 Pemimpin Drive, #03-07, One Pemimpin",https://www.odoo.com/partners/alitec-pte-ltd-850463
Singapore,MISSION+,Ready,+65 8697 5460,adrian.quach@mission.plus,https://www.mission.plus/,12 Keong Saik Road,https://www.odoo.com/partners/mission-17192312
Singapore,Ninaad Global Pvt Ltd,Ready,+65 9112 2588,namrata@ninaadglobal.com,http://ninaadglobal.com,"101 Cecil Street, #11-10 Tong Eng Building",https://www.odoo.com/partners/ninaad-global-pvt-ltd-10506986
Singapore,TECHNEXT PTE. LTD,Ready,,,,,https://www.odoo.com/partners/technext-pte-ltd-28073844
Singapore,SG-Soft Pte. Ltd.,Silver,+65 8948 7790,enquiry@sgeede.com.sg,https://sgeede.com/,68 CIRCULAR ROAD,https://www.odoo.com/partners/sg-soft-pte-ltd-16762873
Singapore,Vertis Digital Pte. Ltd.,Ready,+6597872547,thillai@vertis.digital,https://vertis.digital/,40 Club Street,https://www.odoo.com/partners/vertis-digital-pte-ltd-19146644
Singapore,OMNISOFT TECHNOLOGIES Pte. Ltd.,Silver,+65 8111 8824,info@omnisoftsolution.com,http://www.omnisoftsolution.com,"6 Eu Tong Sen St, #08-03 SOHO 1 @ The Central",https://www.odoo.com/partners/omnisoft-technologies-pte-ltd-6693799
Singapore,Neu Media Technology SG Pte. Ltd.,Silver,+65 67018202,info@neumediatechnology.com,http://www.neumediatechnology.com,435 Orchard Road #11 Wisma Atria,https://www.odoo.com/partners/neu-media-technology-sg-pte-ltd-698503
Singapore,Serpent Consulting Services Asia Pacific Pte. Ltd.,Ready,+65 9053 9333,sarah@serpentcs.com,,"1 King George's Avenue, No: 03-00 REHAU Building",https://www.odoo.com/partners/serpent-consulting-services-asia-pacific-pte-ltd-11513707
Singapore,Portcities Singapore,Gold,+65 8927 5907,sg@portcities.net,https://portcities.net,"36 Carpenter St, The Hive",https://www.odoo.com/partners/portcities-singapore-2302126
Singapore,Vinova,Ready,,,,,https://www.odoo.com/partners/vinova-12655293
Sint Maarten Dutch Part,TICPOS,Ready,+1 721-522-4893,tariqilahi@gmail.com,http://www.ticpos.com,61 Sint Peters Road,https://www.odoo.com/partners/ticpos-10744946
Slovakia,MegaBIT Services s. r. o.,Ready,+421 905 193 128,info@megabit.services,http://www.megabit.services,Galvaniho 15/A,https://www.odoo.com/partners/megabit-services-s-r-o-19804635
Slovakia,Strauberi s. r. o.,Ready,,,,,https://www.odoo.com/partners/strauberi-s-r-o-16546381
Slovakia,IMPLEMENTO s. r. o.,Ready,0951 671 063,support@implemento.sk,http://www.implemento.sk,Svätovavrinecká 13920/10,https://www.odoo.com/partners/implemento-s-r-o-10618588
Slovakia,symetra s.r.o.,Ready,+421 905 449 079,info@symetra.sk,https://www.symetra.sk/,29. augusta 891/7,https://www.odoo.com/partners/symetra-s-r-o-6406360
Slovakia,26HOUSE s.r.o.,Silver,+421 2 4552 9902,info@26house.com,http://www.26house.com,Jarošova 1,https://www.odoo.com/partners/26house-s-r-o-2305055
Slovakia,Dodo Systems s.r.o.,Ready,+421 905 427 080,viktor.pies@dodosys.sk,http://www.dodosys.sk,Rožňavská 17030/8,https://www.odoo.com/partners/dodo-systems-s-r-o-4239157
Slovenia,ROUNDED SQUARE D.O.O.,Silver,,,,,https://www.odoo.com/partners/rounded-square-d-o-o-17408392
Slovenia,Mentis d.o.o.,Ready,+386 41 411 746,laznik@mentis.si,http://www.mentis.si,Koroska c. 48,https://www.odoo.com/partners/mentis-d-o-o-17420
Slovenia,GURU d.o.o.,Ready,+386 1 518 18 00,odoo@guru.si,http://www.guru.si,Pliskovica 12,https://www.odoo.com/partners/guru-d-o-o-11888758
Slovenia,Hermes d.o.o.,Silver,+386 1 51 04 210,info@hbs.si,http://www.hbs.si,Prušnikova 2,https://www.odoo.com/partners/hermes-d-o-o-2101103
Slovenia,Editor d.o.o.,Silver,+386 820 01770,info@editor.si,https://www.editor.si,Velika Pot 29,https://www.odoo.com/partners/editor-d-o-o-297234
Solomon Islands,BAE Solutions Ltd,Ready,+677 7260676,hello@baesolutions.com.sb,,"Kukum Highway,",https://www.odoo.com/partners/bae-solutions-ltd-15733920
Somalia,Ogaal Solution,Ready,+252 61 5434077,ahmed@ogaalsolutions.com,,"Digfer Road, Hodan Distract, Mogadishu Somalia",https://www.odoo.com/partners/ogaal-solution-10156293
Somalia,Heegan Consultancy Service,Ready,,,,,https://www.odoo.com/partners/heegan-consultancy-service-7851004
Somalia,TTC Partners,Ready,+252 770774666,"info@ttc-ea.com, acc02@ttc-ea.com",,"Banadir, digfer road",https://www.odoo.com/partners/ttc-partners-8305168
Somalia,Taagerso Technologies Ltd,Ready,+252 615059173 / 612175590,info@taagerso.com,http://taagerso.com,"Room 405, Orfane Tower, Taleh.",https://www.odoo.com/partners/taagerso-technologies-ltd-11323368
Somalia,Maaldhowr Solutions,Silver,+252 61 5282159,melmi525@gmail.com,https://www.maaldhowr.so/,"Mogadishu: MMC Building, 2nd Floor, Opposite Dahabshil and Salam Bank, Bakaro Market",https://www.odoo.com/partners/maaldhowr-solutions-3569308
Somalia,Waayeel Consulting Ltd,Ready,+252615284463,abdullah@waayeelconsulting.com,https://www.waayeelconsulting.net,"Mogadishu, Hargeisa, Djibouti, and UAE",https://www.odoo.com/partners/waayeel-consulting-ltd-3661171
Somalia,Softprime Consulting Pvt Ltd,Silver,+252 61 5841010,ajeet@softprimeconsulting.com,https://softprimeconsulting.com/,"Locations: Hargeisa Somaliland, Nairobi Kenya, Noida India",https://www.odoo.com/partners/softprime-consulting-pvt-ltd-6520335
Somalia,Meisour Global Solutions,Gold,+252 63 8007777,contact@meisour.com,https://meisour.com,"Hargeisa: Omar Hashi Building Floor #5, Mogadishu:",https://www.odoo.com/partners/meisour-global-solutions-2541310
Somalia,Merit Advisory Services LLP,Gold,+252 907 795 588,info@meritadvisory.so,http://www.meritadvisory.so,"Barakaale Building, Abdikasim Avenue,",https://www.odoo.com/partners/merit-advisory-services-llp-3061795
Somaliland,Hage Tech solution,Ready,,,,,https://www.odoo.com/partners/hage-tech-solution-23107191
South Africa,Company Connect,Ready,+27 61 545 9629,letsconnect@companyconnect.tech,,"16 Peridot Street, Jukskei Park, Randburg",https://www.odoo.com/partners/company-connect-20719540
South Africa,Digital Information Solutions,Ready,,,,,https://www.odoo.com/partners/digital-information-solutions-13794998
South Africa,Busii,Ready,+27 82 5513236,admin@busii.com,http://busii.com,"1 Keurboom Road, Chapmans Peak Estate, Noordhoek",https://www.odoo.com/partners/busii-4955390
South Africa,ERP Partner Works (Pty) Ltd,Ready,+27 83 321 2022,lloydchisholm@outlook.com,,"90 Villa Mont Way, Bizweni, Somerset West, Western Cape 7130",https://www.odoo.com/partners/erp-partner-works-pty-ltd-27090432
South Africa,In2IT (Pty) Ltd,Ready,,,,,https://www.odoo.com/partners/in2it-pty-ltd-11697245
South Africa,Finware Enterprise Systems,Silver,,,,,https://www.odoo.com/partners/finware-enterprise-systems-5571921
South Africa,I-Soft Solutions,Ready,+27 21 415 3100,roxanne@isoft.co.za,,"Unit D3, Pinelands Business Park",https://www.odoo.com/partners/i-soft-solutions-12555
South Africa,AP Business Software,Gold,+27 11 706 1545,info@ap-accounting.co.za,,"40/3 Ash Road, Kyalami",https://www.odoo.com/partners/ap-business-software-208064
South Africa,Liminil,Ready,+27 79 324 6365,"jakkie.swart@liminil.net, fritz.hoelscher@liminil.net",http://www.liminil.net,"c/o R43 & R320, 1 Hemel en Aarde Rd, Onrus River",https://www.odoo.com/partners/liminil-12929706
South Africa,ERP Web Solutions (PTY) LTD,Silver,0027214250005,info@erpweb.co.za; brandon@datasmith.co.za; nicole@datasmith.co.za,http://www.erpweb.co.za,1 Victoria Junction,https://www.odoo.com/partners/erp-web-solutions-pty-ltd-11369995
South Africa,Linkfields Innovations Pvt Ltd.,Silver,+27 70 173 1977,nikhilesh@americanbrewcrafts.com,http://www.linkfields.com,"Block H, Midridge Office Estate (South), International Business Gateway,, Cnr 6th Street and New Road,, 1684 Midrand , South Africa",https://www.odoo.com/partners/linkfields-innovations-pvt-ltd-12590167
South Africa,LUX VIA (PTY) LTD,Ready,+27 82 264 7052,info@luxvia.biz,,38 LOURENS DRIVE,https://www.odoo.com/partners/lux-via-pty-ltd-15696780
South Africa,Metal Management Solutions (Pty) Ltd,Ready,,,,,https://www.odoo.com/partners/metal-management-solutions-pty-ltd-27721482
South Africa,ParsleyTech.co.za,Ready,,,,,https://www.odoo.com/partners/parsleytech-co-za-14892989
South Africa,SudoTech,Ready,,,,,https://www.odoo.com/partners/sudotech-1135738
South Africa,Nated systems (Pty) Ltd,Gold,+27 81 757 5242,"info@natedsystems.co.za, muzi@natedsystems.co.za, victor@natedsystems.co.za",https://natedsystems.co.za/,Mo38 Aubrey Driverningside,https://www.odoo.com/partners/nated-systems-pty-ltd-6437102
South Africa,SAREBI,Ready,+27 71 728 8046,digital@sarebi.co.za,http://www.sarebi.co.za,Bridgeway Precinct,https://www.odoo.com/partners/sarebi-8583894
South Africa,VidaSolve,Ready,,,,,https://www.odoo.com/partners/vidasolve-20176435
South Africa,Steltix Development South Africa (Pty) Ltd,Silver,+44 7930 972157,"sales@amplifierp.com, za.accounting@steltix.com",https://steltix.com/,"Standard House, 18 Royal Street, Hermanus, Western Cape",https://www.odoo.com/partners/steltix-development-south-africa-pty-ltd-27044091
South Africa,SystemWorks,Silver,+27 82 3133876,info@systemworks.co.za,http://www.systemworks.co.za/,5 Kenilworth Crescent,https://www.odoo.com/partners/systemworks-1203230
South Africa,The Alchemists,Ready,,,,,https://www.odoo.com/partners/the-alchemists-19831157
South Africa,True Cloud ERP (Pty) Ltd,Silver,,,,,https://www.odoo.com/partners/true-cloud-erp-pty-ltd-16788074
South Africa,Pro Tech Consulting,Ready,0738372008,tchetty@pro-tech.co.za,https://www.pro-tech.co.za/,"Stoney Ridge Office Park, Unit 8, 1st Floor, Cnr Witkoppen Rd & Waterford Place Kleve Hill Park",https://www.odoo.com/partners/pro-tech-consulting-11019086
South Africa,XRA (PTY) LTD,Silver,+27 83 790 0628,info@xra.co.za,http://www.xra.co.za,205 Kenneth Kaunda Road,https://www.odoo.com/partners/xra-pty-ltd-3873336
South Korea,B2EN,Ready,,,,,https://www.odoo.com/partners/b2en-32475062
South Korea,LINKUP INFOTECH,Ready,+82 10-9938-7981,kangjg@link-up.co.kr,http://www.link-up.co.kr/,"8, Baekbeom-ro 31-gil, Mapo-gu",https://www.odoo.com/partners/linkup-infotech-1292820
South Sudan,Future Horizon,Ready,+211912302665 +211912302664,info@future-horizon.co,https://www.future-horizon.co/,"Building No. 341, Block 3-K South 1st Class",https://www.odoo.com/partners/future-horizon-12557824
Spain,"ACCURO TECHNOLOGY, SL",Ready,,,,,https://www.odoo.com/partners/accuro-technology-sl-11506893
Spain,"Asesoría, Consultoría y Servicios sobre Open Source S.L.",Ready,+34948238905,info@acysos.com,https://www.acysos.com,"Miguel Astrain 18, 1º Oficina A-B",https://www.odoo.com/partners/asesoria-consultoria-y-servicios-sobre-open-source-s-l-80090
Spain,"AQUARIAN ERA GEEKS, SL",Silver,,info@aquarian.tech,,,https://www.odoo.com/partners/aquarian-era-geeks-sl-7286719
Spain,Advanced Programming Solutions S.L.U.,Ready,,,,,https://www.odoo.com/partners/advanced-programming-solutions-s-l-u-11766263
Spain,"Anubía Soluciones en la nube, S.L.",Ready,+34 649 88 50 05,info@anubia.es,,"Calle Colón 26, 3er Piso, Oficina 1ª",https://www.odoo.com/partners/anubia-soluciones-en-la-nube-s-l-20204
Spain,Aureatic S.L.L.,Ready,,,,,https://www.odoo.com/partners/aureatic-s-l-l-12138584
Spain,ANASINF SDAD COOP,Silver,,,,,https://www.odoo.com/partners/anasinf-sdad-coop-7197299
Spain,ALBIRA SOLUTIONS SL,Ready,+34 938 32 98 20,admin@albirasolutions.com,http://﻿﻿www.albirasolutions.com﻿﻿​,"Parc Audiovisual de Catalunya, Carretera BV-1274 Km 1, E24",https://www.odoo.com/partners/albira-solutions-sl-12517071
Spain,AZOR DATA SL,Silver,+34 699 41 83 16,info@azordata.com,https://www.azordata.com/,Calle Montesa 39,https://www.odoo.com/partners/azor-data-sl-11089474
Spain,Cast Enginyeria en Informática S.L.,Ready,+34 973 223 491,xavier.loscos@midgard.cat,https://www.midgard.es/ca/,"C/ Comerç, 22",https://www.odoo.com/partners/cast-enginyeria-en-informatica-s-l-2201744
Spain,Avancem Amb Voste S.L.,Ready,,,,,https://www.odoo.com/partners/avancem-amb-voste-s-l-3620209
Spain,"AXGA Solutions, S.L.U.",Ready,+34 910 60 40 18,axga@axgasolutions.com,http://www.axgasolutions.com,"C/ Conde de Xiquena 9, 2º Izq",https://www.odoo.com/partners/axga-solutions-s-l-u-4311652
Spain,BIZAI LABS S.L.,Ready,+34 677 49 39 40,bizai@bizailabs.net,,"Passeig del Ferrocarril , 335, 2n 3ª",https://www.odoo.com/partners/bizai-labs-s-l-22869052
Spain,"APUNTS INFORMÀTICA I TELECOMUNICACIONS, S.L.",Silver,,,,,https://www.odoo.com/partners/apunts-informatica-i-telecomunicacions-s-l-2074538
Spain,Cleverit Tech SL,Ready,+34 671 61 55 47,vrubio@athilan.es,http://www.cleverit.es,"Polígono Industrial Reva. Avda. dels Gremis, C. Sector 13",https://www.odoo.com/partners/cleverit-tech-sl-4130276
Spain,"Coninpe Consultores Informáticos, S.L.",Silver,,,,,https://www.odoo.com/partners/coninpe-consultores-informaticos-s-l-9836254
Spain,"BIRTUM SOLUCIONES, S.L.",Gold,+34 678 00 65 12,espana@birtum.com,http://www.birtum.com,Carrer Angli 6,https://www.odoo.com/partners/birtum-soluciones-s-l-6534845
Spain,DATABAY SOLUTIONS SL,Silver,+34 697 28 61 81,joseroma@databay.solutions,https://databay.solutions/,"Avenida Moliere, 18 B Oficina 1",https://www.odoo.com/partners/databay-solutions-sl-24113323
Spain,DEINFO S.L.,Ready,+34 934 17 64 00,odoo@deinfo.es,http://www.deinfo.es,Vía Augusta 261-263 Bajos B,https://www.odoo.com/partners/deinfo-s-l-11636861
Spain,Datamon Consulting S.L.U.,Ready,+34 93 737 12 31,info@datamon.es,https://www.datamon.tech/,C/ Girona 107,https://www.odoo.com/partners/datamon-consulting-s-l-u-9906450
Spain,Dinaneo Internet Rentable S.L.,Ready,+34 914 45 66 43,sergio.zea@dinaneo.com,https://www.dinaneo.com/,"Majuelo, 39",https://www.odoo.com/partners/dinaneo-internet-rentable-s-l-2249097
Spain,Develoop Software SL,Ready,+34 933 002 702,comercial@develoop.net,http://www.develoop.net,c/Enric Granados 32 Interior,https://www.odoo.com/partners/develoop-software-sl-1821369
Spain,Domatix Consulting S.L,Silver,,,,,https://www.odoo.com/partners/domatix-consulting-s-l-16236961
Spain,DIGITAL MIRANDA SL,Ready,,,,,https://www.odoo.com/partners/digital-miranda-sl-13025369
Spain,ALCALINK E-COMMERCE & SEO SL,Silver,+34 602 22 71 61,hablamos@alcalink.com,http://alcalink.com,"Ctra. De Granada 73, Galería B&S Local C, Edif. Puertas de Lorca",https://www.odoo.com/partners/alcalink-e-commerce-seo-sl-16784821
Spain,"Consultoría Informática Studio73, S.L.",Gold,,contacto@studio73.es,https://www.studio73.es,C/ Sanchez Barcaiztegui,https://www.odoo.com/partners/consultoria-informatica-studio73-s-l-1506080
Spain,Daruma IT SL,Silver,,,,,https://www.odoo.com/partners/daruma-it-sl-10976337
Spain,Factech Servicios Informáticos S.L.,Ready,,,,,https://www.odoo.com/partners/factech-servicios-informaticos-s-l-4797269
Spain,Fairhall Solutions S.L.,Ready,+34 956 05 99 20,sales@fairhall.es,http://www.fairhall.es,"Parcela 29, Parque Tecnologico ""Tecnobahia""",https://www.odoo.com/partners/fairhall-solutions-s-l-5271
Spain,ENDEOS S.L.,Ready,+34 900 897 896,comercial@endeos.com,https://www.endeos.com/,"Alemania 100, 1ª planta",https://www.odoo.com/partners/endeos-s-l-2171082
Spain,"Éticco Freelosophy, S.L.",Ready,+34 659 20 23 56,jesus.cases@eticco.es,http://www.eticco.es,Carretera de la Estación de Viella,https://www.odoo.com/partners/eticco-freelosophy-s-l-1099633
Spain,Extreme Micro S.L.,Ready,+34937999021,hola@pyming.com;compras@pyming.com,https://pyming.com/,Rda. Paisos Catalans 26,https://www.odoo.com/partners/extreme-micro-s-l-1803689
Spain,"FORGEFLOW, S.L.",Silver,+1 514-742-2580,jordi.ballester@forgeflow.com,http://www.forgeflow.com,"c/Muntaner 200, 3-3",https://www.odoo.com/partners/forgeflow-s-l-336863
Spain,"GSOL SOLUCIONES INFORMATICAS, S.L.U.",Ready,+34 610 46 82 37,aparici@gsol.es,http://www.gsol.es,"PLAZA LIBERTAD, 9 ENTLO 1A",https://www.odoo.com/partners/gsol-soluciones-informaticas-s-l-u-4237352
Spain,EDYMA DIGITAL COMPANY SL,Silver,,,,,https://www.odoo.com/partners/edyma-digital-company-sl-7611007
Spain,INNOVACIONES TECNOLOGICAS DE INFORMÁTICA Y COMUNICACIONES S.L.,Ready,,,,,https://www.odoo.com/partners/innovaciones-tecnologicas-de-informatica-y-comunicaciones-s-l-17569001
Spain,Guaiu,Ready,+34 624 09 16 45,miguel.sierra@guaiu.com,https://guaiu.com/,C/ Pedro Gónzalez Quirós 1,https://www.odoo.com/partners/guaiu-24445384
Spain,Grupo Madetosoft S.L.,Gold,+34 935 94 66 00,info@madetosoft.com,https://www.madetosoft.com/,"Camí Can Calders, 8",https://www.odoo.com/partners/grupo-madetosoft-s-l-6521071
Spain,IDEAS POSITIVAS GROUP S.L.,Silver,,info@ideaspositivas.es,,,https://www.odoo.com/partners/ideas-positivas-group-s-l-6618455
Spain,"IPGRUP INNOVATEC, S.L.",Silver,+34 938 77 43 40,odoo@ipgrup.com,https://ipgrup.com/,Avd les Bases de Manresa 155,https://www.odoo.com/partners/ipgrup-innovatec-s-l-4353862
Spain,Kaironsoft SL,Ready,,,,,https://www.odoo.com/partners/kaironsoft-sl-20230210
Spain,Garber Web Solutions SL,Silver,+34 644044067,hola@garber.es,https://www.garber.es/,C/ Juan de Austria nº8,https://www.odoo.com/partners/garber-web-solutions-sl-7059869
Spain,KQR SOLUTIONS S.L.,Ready,,,,,https://www.odoo.com/partners/kqr-solutions-s-l-24125578
Spain,INFORMATICA SISTEMES I TECNOLOGIA DIGITAL SL,Silver,+34 936 81 61 70,odoo@tecnihand.com,https://www.tecnihand.com/r/Q6V,"c/ Casp, 118-120, Átic - 2,",https://www.odoo.com/partners/informatica-sistemes-i-tecnologia-digital-sl-1532020
Spain,JLM BUSINESS SOLUTIONS S.L.,Ready,,,,,https://www.odoo.com/partners/jlm-business-solutions-s-l-12577642
Spain,Kernet S.L.,Silver,+34 659 81 05 84,yago@kernet.es,https://kernet.es/,"Ribera de Axpe nº11, Edificio A, Oficina 106",https://www.odoo.com/partners/kernet-s-l-496801
Spain,"LABERIT SISTEMAS, S.L.",Ready,,,,,https://www.odoo.com/partners/laberit-sistemas-s-l-20554152
Spain,"LadonSoft, S.L",Silver,,,,,https://www.odoo.com/partners/ladonsoft-s-l-15766482
Spain,LANCER DIGITAL S.L,Ready,,,,,https://www.odoo.com/partners/lancer-digital-s-l-8548728
Spain,Indaws Business Solutions SL,Gold,960202942,administracion@indaws.es,http://www.indaws.es,"PLAZA BANDAS DE MUSICA DE LA COMUNIDAD VALENCIANA, NUM 7 PLANTA E, PUERTA 8-9",https://www.odoo.com/partners/indaws-business-solutions-sl-78899
Spain,Lógica Consultores 360 S.L,Ready,+34 858 23 30 40,contacto@logicaconsultores.com,,CAMINO ALTO DE SANTA FE 15,https://www.odoo.com/partners/logica-consultores-360-s-l-25493328
Spain,Logística y Tecnologías Avanzadas S.L.,Ready,,,,,https://www.odoo.com/partners/logistica-y-tecnologias-avanzadas-s-l-1975036
Spain,MYLABS DIGITAL NET SL,Ready,+34 611 74 50 99,cristina.martin@mylabs.es,,Ana María Matute 59,https://www.odoo.com/partners/mylabs-digital-net-sl-13543473
Spain,Natureh Ideas SL,Ready,,,,,https://www.odoo.com/partners/natureh-ideas-sl-21728637
Spain,"Moduon Team, S. L.",Silver,+34 911168777,odoo@moduon.team,https://www.moduon.es,Calle Gredos 2,https://www.odoo.com/partners/moduon-team-s-l-6300543
Spain,Neoradix Smartgreen S.L.,Silver,,,,,https://www.odoo.com/partners/neoradix-smartgreen-s-l-9294578
Spain,"OPENRED SOLUCIONES, S.L.",Ready,+34 691 83 60 47,agustin@openred.es,https://www.openred.es/,"Avda. Vicente Aleixandre, 13",https://www.odoo.com/partners/openred-soluciones-s-l-147583
Spain,LANDOO Sistemas de Información S.L.,Silver,(+34) 943568663,js@landoo.es,https://www.landoo.es,"P. Empr. Zuatzu, edif. Urumea",https://www.odoo.com/partners/landoo-sistemas-de-informacion-s-l-965780
Spain,Orbit Consulting Group S.L.,Silver,,,,,https://www.odoo.com/partners/orbit-consulting-group-s-l-3760701
Spain,Nexta Soluciones Tecnologicas S.L.,Silver,+34964969392,juanvi@nextads.es,https://nextads.es/,"Carrer Sant Antoni, 8",https://www.odoo.com/partners/nexta-soluciones-tecnologicas-s-l-5708451
Spain,Octupus Technologies SL,Gold,‪+34 919 04 93 60‬,hello@octupus.es,https://www.octupus.es,C/ Poeta José Hierro 1,https://www.odoo.com/partners/octupus-technologies-sl-3917484
Spain,QW GLOBAL LAB S.L,Ready,,info@qwai.es,,,https://www.odoo.com/partners/qw-global-lab-s-l-25963674
Spain,ONMI ENGINEERING TEAMS S.L.,Silver,,,,,https://www.odoo.com/partners/onmi-engineering-teams-s-l-5232548
Spain,Nanobytes Informática y Telecomunicaciones S.L.,Gold,+34 917 37 41 74,ventas@nanobytes.es,http://www.nanobytes.es/,"c/ Hermosilla 48, 1º Dcha",https://www.odoo.com/partners/nanobytes-informatica-y-telecomunicaciones-s-l-938517
Spain,PUNT SISTEMES SLU,Gold,+34 971 94 16 56,dn@puntsistemes.es,http://www.puntsistemes.es,"Camí vell de Bunyola, número 43, 1º, Local-19, (Polígono Industrial de Son Castelló)",https://www.odoo.com/partners/punt-sistemes-slu-22115
Spain,Rapsodoo Iberia S.L.,Ready,912918798,salesiberia@rapsodoo.com,https://www.rapsodoo.com/es,Paseo de la Castellana 79,https://www.odoo.com/partners/rapsodoo-iberia-s-l-4783348
Spain,Process Control Technology SL,Gold,+34 932 29 68 10,odoo@processcontrol.es,http://www.processcontrol.es,"Carrer Amadeu Vives, 2",https://www.odoo.com/partners/process-control-technology-sl-15337147
Spain,SCORPORA TECNO APP S.L.,Silver,+34 662 58 38 93,conta@scorpora.eu,https://www.scorpora.eu/,Avda. Teodomiro 39 Entresuelo Derecha,https://www.odoo.com/partners/scorpora-tecno-app-s-l-9884931
Spain,Select Asterisco SL.,Ready,,,,,https://www.odoo.com/partners/select-asterisco-sl-20550527
Spain,"QubiQ 2010, S.L",Gold,+34 931 79 77 62,info@qubiq.es,http://www.qubiq.es,"C/Pamplona, 92, 3º/5ª",https://www.odoo.com/partners/qubiq-2010-s-l-1394664
Spain,SYSTEC CONSULTING EUROPE SOCIEDAD LIMITADA.,Ready,,,,,https://www.odoo.com/partners/systec-consulting-europe-sociedad-limitada-24440385
Spain,Small Development SL,Silver,+34 957 85 06 05,soporteodoo@smalldev.es,http://smalldev.es/,"Ing. Juan de la Cierva, 36, Oficina 15",https://www.odoo.com/partners/small-development-sl-3286693
Spain,Soler Solutions S.L.,Ready,,,,,https://www.odoo.com/partners/soler-solutions-s-l-14233488
Spain,"Singular Beacon, S.L.",Ready,+34 910 47 90 47,info@singularbeacon.com,https://www.singularbeacon.com,Av. Ciudad de Barcelona 132 1º,https://www.odoo.com/partners/singular-beacon-s-l-7102555
Spain,Sygel Technology S.L.,Ready,+34 613 04 76 66,info@sygel.es,https://www.sygel.es/,Rambla del Castell 54-60,https://www.odoo.com/partners/sygel-technology-s-l-2469870
Spain,"Sistemas Digitales de informática, S.L.",Silver,+34 941 13 50 52,marketing@sdi.es,,"Calle Alfonso VI, 4",https://www.odoo.com/partners/sistemas-digitales-de-informatica-s-l-7293785
Spain,Remote Resolution Method Consultoria S.L.,Silver,+34 620 26 94 29,ramon.rodriguez@rrmconsultoria.es,https://rrmconsultoria.es/,Avenida Can Bordoll 119. D8,https://www.odoo.com/partners/remote-resolution-method-consultoria-s-l-5137657
Spain,TERRA FORMACION SL.,Ready,,contacto@abconsultores.es,,,https://www.odoo.com/partners/terra-formacion-sl-22096331
Spain,"TECNILOOP DIGITAL SERVICES, S.L.",Silver,,,,,https://www.odoo.com/partners/tecniloop-digital-services-s-l-12724544
Spain,Tu Consultoria Uktaxes Sl,Ready,+34 922 58 15 16,"admin@tuconsultoria.com , pablo.martinez@tuconsultoria.com",http://tuconsultoria.com,"Calle La Sala, 6",https://www.odoo.com/partners/tu-consultoria-uktaxes-sl-19014631
Spain,Sotelo Creative Solutions SLU,Silver,+34 919 469 776,info@sotelo.io,http://sotelo.io,Corredera Baja de San Pablo 3,https://www.odoo.com/partners/sotelo-creative-solutions-slu-8284765
Spain,TWENTIC TECNOLOGIAS DE LA INFORMACION Y LA COMUNICACION SL,Ready,,,,,https://www.odoo.com/partners/twentic-tecnologias-de-la-informacion-y-la-comunicacion-sl-24738841
Spain,"TesseraTech Solutions, S.L.",Ready,,,,,https://www.odoo.com/partners/tesseratech-solutions-s-l-11889320
Spain,ZENTENSE S.L.,Ready,,,,,https://www.odoo.com/partners/zentense-s-l-21863155
Spain,Unlimioo S.L.,Silver,,,,,https://www.odoo.com/partners/unlimioo-s-l-13174639
Spain,"WaysIT Tech Global Solutions, SLL",Silver,+34 627 44 68 20,tgimenez@waysit.es,https://waysit.es/,"Honorio García Condoy, 3, 1ºH",https://www.odoo.com/partners/waysit-tech-global-solutions-sll-6729856
Spain,"Voodoo Enterprise Software, S.L.",Ready,+34 913 61 27 29,hola@voodoo.es,http://www.voodoo.es,"Calle Ramón de Aguinaga, 18",https://www.odoo.com/partners/voodoo-enterprise-software-s-l-4936857
Spain,Tic2Web S.L.,Ready,+34 652 85 94 55,administracion@tic2web.es,https://tic2web.es/,C/ Casa del Medio 112,https://www.odoo.com/partners/tic2web-s-l-13799720
Spain,Vanture Ess Sl,Silver,+34 685 89 87 45,jl.gonzalez@vantureess.com,https://www.vantureess.com/digital-outriders,"Avenida del Carrilet (ciudad Justicia. Edificio D), Nº3 - PISO 5A",https://www.odoo.com/partners/vanture-ess-sl-4895977
Spain,Zeumat Zitycard S.L.,Silver,+34 976 377 384,"rpueyo@zitycard.com , phigueras@zitycard.com",https://zitycard.com,"Rodrigo Diaz de Vivar, 6",https://www.odoo.com/partners/zeumat-zitycard-s-l-1098556
Sri Lanka,Aspire X (Pvt) Ltd,Ready,+94 760 680 787,info@aspirexglobal.com,https://www.aspirexglobal.com/,"425/3,1/1, Thimbirigasyaya Road, Colombo 05",https://www.odoo.com/partners/aspire-x-pvt-ltd-13794371
Sri Lanka,AFI Corp (Pvt) LTD,Ready,,,,,https://www.odoo.com/partners/afi-corp-pvt-ltd-27592362
Sri Lanka,Antler IT Solutions,Ready,+94 77 727 0495,nalaka@aviorsys.com,https://www.antlerit.net,"170, Madapatha Road",https://www.odoo.com/partners/antler-it-solutions-5612283
Sri Lanka,Digital365 Holdings,Ready,+94772662064,shiral@digital365.group,https://digital365.group/,"31, Layards Road",https://www.odoo.com/partners/digital365-holdings-16897564
Sri Lanka,Berry Technology (Pvt) Ltd,Ready,+94 76 705 3469,admin@berrytechnology.lk,https://berrytechnology.lk/,"372, (3rd Floor), Nawala Rd",https://www.odoo.com/partners/berry-technology-pvt-ltd-16372989
Sri Lanka,Hatchyard Pvt Ltd,Silver,+94 75 627 1991,info@hatchyard.io,https://hatchyard.io/,"No. 44/24, 01st Cross Street, Pagoda, Nugegoda",https://www.odoo.com/partners/hatchyard-pvt-ltd-16021536
Sri Lanka,EverestX,Ready,+94 77 251 5389,info@everestsx.com,https://everestsx.com/,"173/7 G1, Mihindu Mawatha, Dehiwela",https://www.odoo.com/partners/everestx-22298420
Sri Lanka,CYGNUS ONE (PVT) LTD,Silver,+94777323411,thisara@cygnusonesl.com,https://www.cygnusonesl.com/,"39, 105 Nelson Ln",https://www.odoo.com/partners/cygnus-one-pvt-ltd-10428312
Sri Lanka,Chart Management Consultants (Pvt) Ltd,Ready,+94719579140,sithira@chart.lk,https://chartconsult.lk/,"No. 09, 3rd Floor, School Lane, Colombo 03",https://www.odoo.com/partners/chart-management-consultants-pvt-ltd-17324939
Sri Lanka,Centrics Business Solutions (Pvt) Ltd,Gold,+94740248669,sales@centrics.cloud,http://www.centrics.cloud/,"Level 11, MAGA ONE, No 200, Narahenpita – Nawala Rd,",https://www.odoo.com/partners/centrics-business-solutions-pvt-ltd-3679826
Sri Lanka,One Lexiicon (Private) Limited,Ready,,,,,https://www.odoo.com/partners/one-lexiicon-private-limited-26989695
Sri Lanka,Merdox Labs,Ready,,,,,https://www.odoo.com/partners/merdox-labs-25202075
Sri Lanka,PBSS SMB Solutions PVT Ltd,Gold,+94 112 269 283/ +94 77 735 4880,sales@perfectbss.com; anjalika@perfectbss.com,https://www.pbsssmb.com/,"No: 233, PBSS Tower, Biyagama Road, Pattiya Junction, Kelaniya",https://www.odoo.com/partners/pbss-smb-solutions-pvt-ltd-13128511
Sri Lanka,Nerosoft Solutions (Pvt) Ltd,Gold,+94767949581,info@nerosoftsolutions.com,https://nerosoftsolutions.com/,"No. 1400/3, Hokandara Rd, Pannipitiya",https://www.odoo.com/partners/nerosoft-solutions-pvt-ltd-13369031
Sri Lanka,Ontash - Sri Lanka,Ready,+94 114503949,odoo@ontash.net; mahesh@ontash.net,http://www.ontash.net,Ontash (Pvt) ltd,https://www.odoo.com/partners/ontash-sri-lanka-1124108
Sri Lanka,Mawkish Technologies Pvt Ltd,Ready,+94 77 707 0740,malick@mawkishtechnologies.com,https://mawkishtechnologies.com/,"Level 12, One Galle Face Tower,",https://www.odoo.com/partners/mawkish-technologies-pvt-ltd-26790899
Sri Lanka,SANMARK SOLUTIONS (PRIVATE) LIMITED,Ready,,,,,https://www.odoo.com/partners/sanmark-solutions-private-limited-24823928
Sri Lanka,NISUS SOLUTIONS (PVT) LTD,Ready,+94 112 799 300,shiraj@nisus.lk,https://nisus.lk/,"151, First Floor, Galle Road",https://www.odoo.com/partners/nisus-solutions-pvt-ltd-724254
Sri Lanka,Vigour Vita Ceylon Ltd,Ready,,,,,https://www.odoo.com/partners/vigour-vita-ceylon-ltd-31909170
Sri Lanka,TechSoul Cloud (PVT) Ltd,Silver,+94 77 714 6156,info@techsoulcloud.com,https://techsoulcloud.com/,"No.93, Gallage Mawatha,",https://www.odoo.com/partners/techsoul-cloud-pvt-ltd-24285297
Sri Lanka,Softserve Solutions (Pvt) Ltd.,Ready,+94702580010,rajithak@subtletechs.com,http://www.subtletechs.com,"187A 1/1, Rajagiriya Road",https://www.odoo.com/partners/softserve-solutions-pvt-ltd-5919592
Sri Lanka,Zeropoint (Pvt) Ltd,Ready,+32 472 94 14 34,Dilan@zeropoint.hr,https://zeropoint.hr/,"No. 4, Diyawanna Gardens, 1st Lane (Chandra Silva Mawatha), Off Pagoda Road,",https://www.odoo.com/partners/zeropoint-pvt-ltd-9788634
State Of Palestine,Trusted Systems,Ready,+972 2 2223344,sales@ts.com.ps,http://ts.com.ps,Hebron Techno Park,https://www.odoo.com/partners/trusted-systems-5386625
State Of Palestine,FALAK Turnkey Solutions,Silver,970568455634,Sales@Falak-Solutions.com,http://falak-solutions.com/,Al Rihan,https://www.odoo.com/partners/falak-turnkey-solutions-2471710
State Of Palestine,Millennium Technology,Ready,+972 59-881-6821,shadi.m@mt2x.com,https://solutions.mt2x.com/,Sufian Street,https://www.odoo.com/partners/millennium-technology-21669763
State Of Palestine,Al Shayeb Auditing & Accountancy,Silver,+970 2 274 3025,info@alshayebco.com,https://alshayebco.com/,"Bethlehem Office, Dr.Geminer Street – Headquarter",https://www.odoo.com/partners/al-shayeb-auditing-accountancy-11012143
State Of Palestine,Edara,Ready,+970 599 207 008,mahmoud.badran@edara.ps,,Ramallah,https://www.odoo.com/partners/edara-22638862
State Of Palestine,Professional Academy for Finance & Management,Ready,,,https://pafm.ps/,Ramallah Al-Irsal – Al-Nabali & Al-Faris Complex – 7th Floor \\\\ Nablus Al-Duwar – main Commercial – 8th Floor \\\\ Hebron Ain Sara – Jawwal Building – 5th Floor,https://www.odoo.com/partners/professional-academy-for-finance-management-24436947
Sudan,Codigo Technology,Ready,+249 91 219 0728,abazer@codigo-tech.com,http://codigo.technology,Khartoum,https://www.odoo.com/partners/codigo-technology-4838383
Sudan,Sudoo Tech,Ready,+249 12 949 0155,abumnasik2009@gmail.com,,jamaa st,https://www.odoo.com/partners/sudoo-tech-5934095
Sudan,Qutechs,Silver,+971 55 439 9901,ahmed@qutechs.com,https://qutechs.com,khartoum – Kafori – Block 8,https://www.odoo.com/partners/qutechs-1657043
Sudan,Rida Group,Ready,+249 18 521 6681,osman.elhassan@ridagroup.com,http://ridagroup.com,11520,https://www.odoo.com/partners/rida-group-4797493
Sudan,Digital Wave Solutions,Silver,+249 96 676 6666,info@dwave-s.com,https://www.dwave-s.com/,Port Sudan,https://www.odoo.com/partners/digital-wave-solutions-4610619
Sudan,IATL IntelliSoft Business Solutions Co Ltd,Gold,+249 90 076 7575,khalid@iatl-intellisoft.com,http://www.iatl-intellisoft.com,No 85 Bashir El Nifeidi Street,https://www.odoo.com/partners/iatl-intellisoft-business-solutions-co-ltd-4146608
Sudan,Apex for Solution & Consultancy,Silver,+249 91 227 2150,albager.ali@apexsolution.biz,http://www.apexsolution.biz,Baladyah Street,https://www.odoo.com/partners/apex-for-solution-consultancy-5422736
Suriname,Technovate N.V.,Ready,,sales@technovatenv.com,,,https://www.odoo.com/partners/technovate-n-v-22664541
Suriname,VVM Excellence N.V.,Ready,+597425475,info@vvm.sr,https://www.vvm.sr,Watermolenstraat 34,https://www.odoo.com/partners/vvm-excellence-n-v-12143984
Suriname,Agile Solutioneers N.V.,Ready,+597 858-1314,info@agilesolutioneers.com,http://www.agilesolutioneersnv.odoo.com,Leysweg 119,https://www.odoo.com/partners/agile-solutioneers-n-v-12143605
Suriname,Borderless N.V.,Ready,,,,,https://www.odoo.com/partners/borderless-n-v-31465876
Suriname,Rosheuvel and Partners Business Group - RPBG,Ready,+597 433-,info@rpbg.net,http://www.rpbg.com/,Verlengde Gemenelandsweg 151,https://www.odoo.com/partners/rosheuvel-and-partners-business-group-rpbg-680528
Sweden,Sprintit Oy,Ready,+358 44 9765589,info@sprintit.fi,http://www.sprintit.global,Sweden,https://www.odoo.com/partners/sprintit-oy-10995730
Sweden,Flyt Consulting AS,Ready,,,,,https://www.odoo.com/partners/flyt-consulting-as-16725795
Sweden,Implefy AB,Ready,+46701438840,johan@implefy.se,,Högbo gård,https://www.odoo.com/partners/implefy-ab-2484628
Sweden,Linserv AB,Silver,+46 8 473 60 60,"stephen.schmidt@linserv.se, invoice@linserv.se",http://www.linserv.se/,Vendevägen 85A,https://www.odoo.com/partners/linserv-ab-857764
Sweden,UCS OneDo AB,Gold,+46 70 739 65 94,christian.rydkvist@ucsonedo.se,,Teknikringen 4 A,https://www.odoo.com/partners/ucs-onedo-ab-21483030
Switzerland,Acunomic GmbH,Ready,,,,,https://www.odoo.com/partners/acunomic-gmbh-14248810
Switzerland,Abilium GmbH,Silver,+41315523010,info@abilium.com; jakob.schaerer@abilium.ch; severin.zumbrunn@abilium.com,https://www.abilium.io/,Spitalgasse 4,https://www.odoo.com/partners/abilium-gmbh-2777252
Switzerland,3 Sigma SA - 3S Finance Sarl,Ready,,,,,https://www.odoo.com/partners/3-sigma-sa-3s-finance-sarl-26209060
Switzerland,ADTEK Sàrl,Ready,,,,,https://www.odoo.com/partners/adtek-sarl-18623578
Switzerland,Agile Business Group sagl,Ready,+41 91 210 23 40,info@agilebg.com; stefano.sforzi@agilebg.com,,"Via Pasture Genovesi, 16",https://www.odoo.com/partners/agile-business-group-sagl-251
Switzerland,Binadoo,Ready,,,,,https://www.odoo.com/partners/binadoo-2346966
Switzerland,Ansam Holding SA,Ready,,,,,https://www.odoo.com/partners/ansam-holding-sa-23765752
Switzerland,2BIT Digital GmbH,Ready,,,,,https://www.odoo.com/partners/2bit-digital-gmbh-16379947
Switzerland,blackbox,Ready,,,,,https://www.odoo.com/partners/blackbox-22241449
Switzerland,925 interactive Sàrl,Ready,+41 79 204 16 55,pascal@925.ch,http://925.ch,Vers Morey 6,https://www.odoo.com/partners/925-interactive-sarl-9780031
Switzerland,Chiodoni Luigi SA,Ready,,info@chiodoni.ch,,,https://www.odoo.com/partners/chiodoni-luigi-sa-20038409
Switzerland,Consultics AG,Ready,,,,,https://www.odoo.com/partners/consultics-ag-17979636
Switzerland,Coyote SA,Ready,,,,,https://www.odoo.com/partners/coyote-sa-1256670
Switzerland,Core Business Solutions,Ready,+41 79 159 93 56,info@corebusinesssolutions.ch,https://www.corebusinesssolutions.ch,Route de Divonne 50A,https://www.odoo.com/partners/core-business-solutions-19165972
Switzerland,consenso GmbH,Gold,+41 79 570 39 35,david@consenso-solutions.ch,https://www.consenso-solutions.ch/,Viaduktstrasse 42,https://www.odoo.com/partners/consenso-gmbh-12974485
Switzerland,braintec Schweiz,Gold,+41 44 552 01 20,info@braintec.com,https://braintec.com,Pfingstweidstrasse 106,https://www.odoo.com/partners/braintec-schweiz-27661067
Switzerland,CRZ,Ready,+41 79 399 39 93,info@crzsarl.ch,https://crzsarl.odoo.com/,Chemin de Pradzéré 22,https://www.odoo.com/partners/crz-14126799
Switzerland,DIENSTAG Technology AG,Ready,,,,,https://www.odoo.com/partners/dienstag-technology-ag-31912996
Switzerland,E-novinfo SA,Ready,,,,,https://www.odoo.com/partners/e-novinfo-sa-856538
Switzerland,DIG IT 360 GmbH,Ready,,,,,https://www.odoo.com/partners/dig-it-360-gmbh-15978418
Switzerland,Camptocamp SA,Gold,+41 21 619 10 10,info@camptocamp.com; finance.ch@camptocamp.com,https://www.camptocamp.com/odoo,Rte de la Chaux 4,https://www.odoo.com/partners/camptocamp-sa-1135
Switzerland,Cobalt Technologies Sàrl,Ready,,,,,https://www.odoo.com/partners/cobalt-technologies-sarl-13755029
Switzerland,Eclypsys Sàrl,Ready,+41 79 488 94 24,s.cardoso@eclypsys.ch,https://eclypsys.ch,Route du chili 10A,https://www.odoo.com/partners/eclypsys-sarl-18139869
Switzerland,EsseLab GmbH,Ready,+41 77 807 77 74,gzarbo@esselab.ch,,Via Lucino 28,https://www.odoo.com/partners/esselab-gmbh-24175210
Switzerland,EUREX GE SA,Ready,+41 22 342 27 01,secretariat@eurexsuisse.com,https://www.eurexsuisse.com/,Rue de Genève 18,https://www.odoo.com/partners/eurex-ge-sa-11708460
Switzerland,Exponent,Ready,+41 79 651 86 51,ad@exponent.ch,https://exponent.ch/fr,"Quai du Seujet, 12",https://www.odoo.com/partners/exponent-9091927
Switzerland,D4E - Digital4Efficiency Sàrl,Gold,+41 58 255 11 15,info@digital4efficiency.ch,http://www.digital4efficiency.ch,Chemin du Pavillon 2,https://www.odoo.com/partners/d4e-digital4efficiency-sarl-2332854
Switzerland,Fluxus Projects Sàrl,Ready,+41 79 294 28 71,william@fluxus.swiss,,c/o William de Cerjat,https://www.odoo.com/partners/fluxus-projects-sarl-30502761
Switzerland,Golden Consulting GmbH,Ready,+41 78 225 76 30,acc@goldenconsulting.ch,https://www.goldenconsulting.ch/en,Iddastrasse 43,https://www.odoo.com/partners/golden-consulting-gmbh-14985304
Switzerland,Idea to Forge Sarl,Silver,+41 79 833 14 80,pierre.merle@idea-to-forge.ch,,Rue du Monnet 8,https://www.odoo.com/partners/idea-to-forge-sarl-6667970
Switzerland,Dynapps SA,Gold,+41 26 918 50 64,info@dynapps.ch,https://www.dynapps.ch/,Rue de Battentin 21,https://www.odoo.com/partners/dynapps-sa-22361595
Switzerland,ITERALOGIC GmbH,Ready,,,,,https://www.odoo.com/partners/iteralogic-gmbh-26424767
Switzerland,JLD Design Informatique SA,Ready,,,,,https://www.odoo.com/partners/jld-design-informatique-sa-10855856
Switzerland,Latus GmbH,Silver,+41 79 945 95 79,hi@latus.ch,,Salstrasse 51,https://www.odoo.com/partners/latus-gmbh-10528344
Switzerland,JumpTo,Ready,+41 32 552 22 77,info@jumpto.ch,https://www.jumpto.ch,Route de Pierre-Pertuis 30,https://www.odoo.com/partners/jumpto-3384074
Switzerland,Layer9 GmbH,Ready,,,,,https://www.odoo.com/partners/layer9-gmbh-21954201
Switzerland,Netkum AG,Ready,,,,,https://www.odoo.com/partners/netkum-ag-30084302
Switzerland,LR advisors Sàrl,Ready,+41 78 891 69 46,info@lr-advisors.ch,https://lr-advisors.ch/,Route de Riddes 54,https://www.odoo.com/partners/lr-advisors-sarl-18037902
Switzerland,Mint System GmbH,Ready,+41 41 541 78 63,info@mint-system.ch; kurt.gisler@mint-system.ch,,"Bahnhofplatz 1, Work Lab 3. OG",https://www.odoo.com/partners/mint-system-gmbh-3365849
Switzerland,nivels GmbH,Silver,0815116500,info@nivels.ch,http://www.nivels.ch,Bahnhofstrasse 11,https://www.odoo.com/partners/nivels-gmbh-416213
Switzerland,OBS Solutions AG,Gold,+41 61 508 72 99,schweiz@obs-solutions.com,http://www.obs-solutions.com,Grienbachstrasse 17,https://www.odoo.com/partners/obs-solutions-ag-2276275
Switzerland,Open Future Sàrl,Ready,,,,,https://www.odoo.com/partners/open-future-sarl-5931413
Switzerland,Nalios Sàrl,Gold,+41 78 251 78 71,info@nalios.ch,https://www.nalios.ch/,Chemin de la Mousse 80,https://www.odoo.com/partners/nalios-sarl-6751342
Switzerland,PIT Solutions AG,Ready,+41 43 558 43 60,thomas@pitsolutions.com,http://www.pitsolutions.ch/,Marktgasse 7,https://www.odoo.com/partners/pit-solutions-ag-4101376
Switzerland,OneSolutions Klevia SA,Gold,+41 78 267 59 97,odoo@onesolutions.io,https://onesolutions.io/odoo/,Route de Pra de Plan 18,https://www.odoo.com/partners/onesolutions-klevia-sa-18161594
Switzerland,Prisme Solutions Informatique SA,Ready,+41 79 230 54 70,info@prisme.ch,,Route de Montagny 11,https://www.odoo.com/partners/prisme-solutions-informatique-sa--408
Switzerland,ProClick Sàrl,Ready,+41 32 724 26 26,info@proclick.com,https://proclick.com/,Rue Haute 27,https://www.odoo.com/partners/proclick-sarl-12069643
Switzerland,ProStep IT Services SA,Ready,+41 21 512 06 91,info@prostep.ch,https://www.prostep.ch/,Chemin de la Côte 1,https://www.odoo.com/partners/prostep-it-services-sa-12503484
Switzerland,SmartOlyp,Ready,+41 79 425 11 64,info@smartolyp.ch,http://smartolyp.ch,chemin des rossignols 5,https://www.odoo.com/partners/smartolyp-30164719
Switzerland,Rapsodoo Switzerland,Ready,,info@rapsodoo.com; switzerland@rapsodoo.com,http://www.rapsodoo.com,Via Canova 15,https://www.odoo.com/partners/rapsodoo-switzerland-4122670
Switzerland,Sinovo GmbH,Ready,,,,,https://www.odoo.com/partners/sinovo-gmbh-14601715
Switzerland,simpit GmbH,Gold,+41 41 552 42 00,info@simpit.ch,,Mühlemattstrasse 8,https://www.odoo.com/partners/simpit-gmbh-1397858
Switzerland,SXP Consulting GmbH,Ready,,,,,https://www.odoo.com/partners/sxp-consulting-gmbh-23097765
Switzerland,Simplidoo Sàrl,Silver,+41 27 552 88 38,info@simplidoo.ch,https://www.simplidoo.ch,Rue du Vieux Moulin 33,https://www.odoo.com/partners/simplidoo-sarl-22574793
Switzerland,Open Net Sàrl,Gold,+41 21 701 42 45,info@open-net.ch,http://www.open-net.ch,Rue de la Tour 5,https://www.odoo.com/partners/open-net-sarl--294
Switzerland,Smile Suisse,Ready,+41 79 941 23 97,jean-philippe.balanca@smile.fr,https://smile.eu/fr-ch,Route de la Longeraie 9,https://www.odoo.com/partners/smile-suisse-28666856
Switzerland,Sodexis Sàrl,Ready,+41 79 358 13 94,info@sodexis.com,https://sodexis.com/,Chemin de Vuillonnex 42,https://www.odoo.com/partners/sodexis-sarl-8536678
Switzerland,Sword Technologies SA,Gold,+41 27 544 40 20,adm.odoo@sword-group.com,https://www.sword-technologies.ch,Route de la Drague 18,https://www.odoo.com/partners/sword-technologies-sa-12731367
Switzerland,Verein sozialinfo.ch,Ready,,,,,https://www.odoo.com/partners/verein-sozialinfo-ch-11380090
Switzerland,Visto Consulting SA,Ready,+41 22 732 53 72,cjo@visto-consulting.com,http://visto.group,Avenue Louis-Casaï 81,https://www.odoo.com/partners/visto-consulting-sa-13619907
Switzerland,Qodo Digital SA,Ready,+41 21 900 04 79,info@qodo.ch,,Chemin des Halles 3,https://www.odoo.com/partners/qodo-digital-sa-27749150
Switzerland,twio.tech AG,Gold,+41 43 589 60 70,hello@twio.tech,https://www.twio.tech/,Brown-Boveri-Strasse 5,https://www.odoo.com/partners/twio-tech-ag-4713686
Switzerland,Twist Lab,Ready,,odoo@twistlab.ch,http://twistlab.ch,Rue de Bourg 16-20,https://www.odoo.com/partners/twist-lab-18126798
Taiwan,IPRO Digital Tech.,Ready,+886 6579368 #110,sales@ipro.tw,https://www.ipro.tw/,新竹縣竹北市嘉豐十一路一段100號10F-1,https://www.odoo.com/partners/ipro-digital-tech-2866153
Taiwan,NC Design,Ready,+886 915 603 319,claire@nc-crm.com,https://www.nc-crm.com/,三重區重新路五段609巷20號5樓之2,https://www.odoo.com/partners/nc-design-15830345
Taiwan,Bankersrounding,Silver,+886 933 735 375,service@bankersrounding.com,https://bankersrounding.com/en,中正區南昌路一段54巷18號,https://www.odoo.com/partners/bankersrounding-9931651
Taiwan,AWT System Ltd.,Silver,+886 2 2719 3633,info@awt-system.com.tw,https://www.awt-system.com.tw/,"5/F-2, 328 Chang Chun Road",https://www.odoo.com/partners/awt-system-ltd-1563110
Tanzania,Ephod Consulting,Ready,+255 699 388 818,villam@ephodgroup.co.tz,https://www.ephodgroup.co.tz,International House - 3rd Floor Garden Avenue Road,https://www.odoo.com/partners/ephod-consulting-10932883
Tanzania,Inventions Technologies Co Ltd,Silver,+255 754 710 702,info@it.co.tz,https://www.it.co.tz,"202,Lukuledi,Regent Estate",https://www.odoo.com/partners/inventions-technologies-co-ltd-987974
Tanzania,Kola Technologies Ltd Tanzania,Ready,+255758526409 /+255794485019,urt@kolapro.com,,"Haile Celassie Road, Masaki",https://www.odoo.com/partners/kola-technologies-ltd-tanzania-18278656
Tanzania,Dynatech Solutions Ltd,Ready,+255 713 227 249,edward.nyawily@dynatech.co.tz,https://dynatech.co.tz/,P. O. Box 12363,https://www.odoo.com/partners/dynatech-solutions-ltd-23407672
Tanzania,Digital Hut Africa Limited,Ready,+255 684 514 335,p.lukanga@diha.co.tz,http://www.diha.co.tz,"Classic Mall, Bagamoyo Rd, Mbezi Beach",https://www.odoo.com/partners/digital-hut-africa-limited-15903625
Tanzania,Top Hat Solutions Company Limited,Ready,+255 784 557 443,info@tophatsolutions.co.tz,http://www.tophatsolutions.co.tz,"Derm Plaza 9th Floor, New Bagamoyo Road",https://www.odoo.com/partners/top-hat-solutions-company-limited-23634578
Tanzania,Primesoft Technologies Limited,Silver,+255 746 805 383 || +255 782 557 913,info@primesoft.co.tz,,"4th Floor, Mwenge Tower, Sam Nujoma Road,",https://www.odoo.com/partners/primesoft-technologies-limited-13843376
Tanzania,SoftNet Technologies Limited,Ready,+255 22 251 5100,odoo@softnet.co.tz,http://www.softnet.co.tz,"Plot 144, Migombani Street,",https://www.odoo.com/partners/softnet-technologies-limited-858987
Thailand,"CLOUDNEX SOLUTIONS CO., LTD.",Ready,+66 96 201 5676,ashfaq.kc@cloudnexsolutions.com,https://www.cloudnexsolutions.com,"No. 425/1 Enco Terminal Building B, 4th Floor, Kamphaeng Phet 6 Road, Don Mueang District, Don Mueang Subdistrict,",https://www.odoo.com/partners/cloudnex-solutions-co-ltd-20275104
Thailand,"Aquila Studio Thailand Co., Ltd.",Ready,,,,,https://www.odoo.com/partners/aquila-studio-thailand-co-ltd-22899044
Thailand,DATASABAI,Ready,+66 2 508 8669,tan.nguyen@datasabai.com,https://www.datasabai.com/,"58, 58/1-2, 4F, Soi Sukhumvit 63",https://www.odoo.com/partners/datasabai-15156985
Thailand,Ascend Commerce Company Limited,Gold,+66 85 167 1185,prathes.sae@ascendcorp.com,https://www.ascendcorp.com/,"No. 101 True Digital Park, Phoenix Building, 9th Floors, Sukhumvit Road,",https://www.odoo.com/partners/ascend-commerce-company-limited-18999017
Thailand,"AU PLUS SERVICE CO., LTD.",Ready,,,,,https://www.odoo.com/partners/au-plus-service-co-ltd-13515880
Thailand,365 INFOTECH COMPANY LIMITED,Silver,+66 89 229 5019,kantphong.s@365infotech.co.th,https://www.365infotech.co.th/,"68-68 S&B Tower, 5th Floor, Room 502, Pan Road, Silom, Bangrak, Bangkok 10500",https://www.odoo.com/partners/365-infotech-company-limited-13035008
Thailand,"Cybernetics Plus Co., Ltd.",Ready,+66 2 096 55 41,contact@cybernetics.plus,https://www.cybernetics.plus/,"1 Empire Tower 27F Unit 27024, South Sathon Rd. Yan Nawa",https://www.odoo.com/partners/cybernetics-plus-co-ltd-5216442
Thailand,A-BE ONE CONSULTING COMPANY LIMITED,Ready,+66 88 986 6244,info@a-beone.com,https://a-beone.com,"787/101 Happy Avenue Ladprao 101, 1st floor, Room A4,A5, Soi Lat Phrao 101 (Wat Bueng Thonglang), Khlong Chao Khun Sing Subdistrict, Wang Thonglang District, Bangkok 10310 (Thailand)",https://www.odoo.com/partners/a-be-one-consulting-company-limited-13503656
Thailand,Dataroot Software Solutions,Silver,+66 63 216 1166,pollarit@dataroot.asia,https://erp.dataroot.asia,"11/2 Soi Soonvijai, New Petchaburi Rd,",https://www.odoo.com/partners/dataroot-software-solutions-654879
Thailand,"CU SOLUTION SYSTEM CO., LTD.",Gold,+66 65 664 5053,info.official@cu-solution.com,https://www.cu-solution.com,"425/17 Sukhumvit 76 Soi, Moo 1, Sukhumvit Road, Samrong Nua",https://www.odoo.com/partners/cu-solution-system-co-ltd-4822470
Thailand,"Devsmith 4289 Co., Ltd.",Ready,+66 55 0022 38,odoo@devsmith.co,https://devsmith.co,228/99 หมู่ที่ 7 ตำบลท่าโพธิ์,https://www.odoo.com/partners/devsmith-4289-co-ltd-12312485
Thailand,"DIGITAL ORGANIC CO., LTD.",Ready,+66 2 107 2939,info@digital.organic,https://digital.organic,92/3 FL3,https://www.odoo.com/partners/digital-organic-co-ltd-20854320
Thailand,"DigitechX Co., Ltd.",Ready,,,,,https://www.odoo.com/partners/digitechx-co-ltd-23932252
Thailand,"Duckgrammer Co., Ltd.",Ready,+66 88 883 0777,admin@duckgrammer.com,https://www.duckgrammer.com/,400 Sunpavuth Rd.,https://www.odoo.com/partners/duckgrammer-co-ltd-13567133
Thailand,"Elevanta Services Co., Ltd.",Ready,,,,,https://www.odoo.com/partners/elevanta-services-co-ltd-19138659
Thailand,"Enersys Co.,Ltd.",Silver,,,,,https://www.odoo.com/partners/enersys-co-ltd-19944763
Thailand,"Happy Three Creation Co., Ltd",Ready,+66 81 452 9936,suthasinee@h3creation.com,https://h3creation.com/,"47/71 Soi Ramkhamheang 102, Ramkhamheang Road, Saphansoong",https://www.odoo.com/partners/happy-three-creation-co-ltd-13490396
Thailand,GOCONNEXT Company Limited,Silver,02-573-7646 / 088-809-0913,bds@goconnext.com,http://erphero.cc,"61/56 Moo3, Klongklua, Pakkred",https://www.odoo.com/partners/goconnext-company-limited-6413124
Thailand,"Hugeman Consultant Co., Ltd.",Ready,+66 65 879 1656,aom.subsidee@hugeman.co,,"17/83 Soi Ramkhamhaeng 43/1 (Khunying Chuea) Plabpla Sub-district, Wangthonglang District",https://www.odoo.com/partners/hugeman-consultant-co-ltd-18689089
Thailand,"Horizon Systems Co., Ltd.",Ready,,,,,https://www.odoo.com/partners/horizon-systems-co-ltd-21679177
Thailand,"Morematic Co.,Ltd",Ready,+66 2 372 2551,pisit@morematic.com,http://www.morematic.com/,"102/8 Ramkamhaeng Rd, Rat Phattana",https://www.odoo.com/partners/morematic-co-ltd-2993192
Thailand,"Dynamics Motion Co., Ltd.",Silver,+66 92 429 4797,sales@dynamics-motion.com,,49 Moo 7 Watbot Phanat Nikhom Chonburi 20140,https://www.odoo.com/partners/dynamics-motion-co-ltd-20446971
Thailand,IMOTIF,Silver,,contact@imotif.io,,,https://www.odoo.com/partners/imotif-4168990
Thailand,"Lifeford (Thailand) Co., Ltd.",Ready,,,,,https://www.odoo.com/partners/lifeford-thailand-co-ltd-32093958
Thailand,"Kotchasaan Technology Invention Co.,Ltd.",Ready,+66 81 672 6492,thanakrit@kotchasaan.com,https://kotchasaan.com/odoo,88/89 moo3 T.Sanklang A.Sankampaeng,https://www.odoo.com/partners/kotchasaan-technology-invention-co-ltd-2750034
Thailand,"Linda Accounting Co., Ltd.",Ready,+66 94 321 0099,hiranphan@gmail.com,,"190/64, Chalongsuk Phuket (Ruai Phoem Sap) Village, Pracha Uthit 1 Road, Moo 5 Ratsada Sub-district, Mueang Phuket District",https://www.odoo.com/partners/linda-accounting-co-ltd-15732665
Thailand,"IT as a Service Co., Ltd.",Gold,+66 816167824,info@itaas.co.th,http://www.itaas.co.th,"9/179 M.8 T.Sumrongnue Moung District,",https://www.odoo.com/partners/it-as-a-service-co-ltd-378429
Thailand,"Nellika Consultancy Services Co., Ltd",Ready,+66 86 900 4145,odoo@nellika.co.th,http://nellika.co.th,"897 Moo 3, Bang Phun Subdistrict,",https://www.odoo.com/partners/nellika-consultancy-services-co-ltd-18812294
Thailand,NRI CONSULTING & SOLUTIONS (THAILAND) COMPANY LIMITED,Ready,+66 2 611 2951,nri-thai-odoo@nri.co.jp,http://thailand.nrisg.com,399 Sukhumvit Road,https://www.odoo.com/partners/nri-consulting-solutions-thailand-company-limited-24805628
Thailand,"Pair-Co Software Co., Ltd.",Ready,+66 2 628 6100,peerawat.p@pair-co.com,,161/46 หมู่ที่ 4 ตำบลหนองป่าครั่ง อำเภอเมืองเชียงใหม่,https://www.odoo.com/partners/pair-co-software-co-ltd-20319563
Thailand,Revise Light Solution,Ready,+66 64 563 5959,reviselightsolution@gmail.com,,"1420, ซอย จรัญสนิทวงศ์57, จรัญสนิทวงศ์, บางบำหรุ, บางพลัด, กรุงเทพมหานคร",https://www.odoo.com/partners/revise-light-solution-19814434
Thailand,Newlogic Pte Ltd,Silver,+66 2 006 7349,jonathan.godot@newlogic.com,https://newlogic.com/,"13, 15/1 Yenakart Rd., Chongnonsi, Yannawa,",https://www.odoo.com/partners/newlogic-pte-ltd-7675415
Thailand,"PhranakornSoft Co., Ltd.",Ready,,,,,https://www.odoo.com/partners/phranakornsoft-co-ltd-16024693
Thailand,"V GROUP CONSULTING & SOLUTIONS CO., LTD.",Ready,0878207119,sales@vgroupth.com,https://vgroupth.com,"87 M-Thai Tower 23rd Floor, Unit S-08 Wireless Road, Lumpini, Pathumwan",https://www.odoo.com/partners/v-group-consulting-solutions-co-ltd-16487824
Thailand,"Trinity Roots Co.,Ltd.",Ready,+662-101-6296,info@trinityroots.co.th,https://roots.tech,"990 Abdulrahim Place, Unit 2110, Floor 21st, Rama IV Rd., Silom, Bang Rak",https://www.odoo.com/partners/trinity-roots-co-ltd-168000
Thailand,Taube Digital,Ready,+66 83 912 0009,stephane@taube-digital.com,https://www.taube-digital.com,"3/5 Nonsee Road, Chong Nonsi",https://www.odoo.com/partners/taube-digital-11221135
Thailand,"SafeComs Network Security Consulting Co., Ltd.",Ready,+6621054520,sales@safecoms.com,https://safecoms.com/,"191/36, CTI Tower, 23rd Floor",https://www.odoo.com/partners/safecoms-network-security-consulting-co-ltd-1015720
Thailand,"Perfect Blending Co., LTD",Silver,+66 81 154 2848,info@perfectblending.com,https://www.perfectblending.com/,"32/8 Sukhaphiban 5 Soi 73, Sukhaphiban 5 Road, O Ngoen,",https://www.odoo.com/partners/perfect-blending-co-ltd-32246253
Togo,Centech Togo,Ready,,,,,https://www.odoo.com/partners/centech-togo-25328352
Togo,IVORYGOLD Consulting,Ready,,,,,https://www.odoo.com/partners/ivorygold-consulting-22741207
Trinidad And Tobago,Digi Data Systems Limited,Silver,+1 868-733-5970,luke.asiu@digi-data.com,http://digi-data.com,96 Wrightson road,https://www.odoo.com/partners/digi-data-systems-limited-14591529
Trinidad And Tobago,Hatch BPA,Ready,+1 868-477-8934,hello@hatchbpa.com,http://hatchbpa.com,c/o Hatch Software Solutions,https://www.odoo.com/partners/hatch-bpa-31289875
Trinidad And Tobago,Paxgenesis,Ready,+1 (868) 770-5462,troy.roberts@paxgenesis.com,https://www.paxgenesis.com/,34 Alfredo St.,https://www.odoo.com/partners/paxgenesis-5488537
Trinidad And Tobago,Financial and Forensic Accounting Services Ltd,Ready,,,,,https://www.odoo.com/partners/financial-and-forensic-accounting-services-ltd-25127025
Trinidad And Tobago,Andre Leith,Ready,,,,,https://www.odoo.com/partners/andre-leith-1034281
Trinidad And Tobago,I Care Business Support Services,Ready,+18687593757,icbsconsulting868@gmail.com,https://i-care-business-support-services.getlandingsite.com/,Olton Road,https://www.odoo.com/partners/i-care-business-support-services-28830962
Trinidad And Tobago,Emeryx Technologies,Ready,+1 868-337-5718,loicseepaul@emeryxtech.com,https://emeryxtechnologies.odoo.com/home,#3 Alice Glenn,https://www.odoo.com/partners/emeryx-technologies-25346308
Trinidad And Tobago,Converged Tech Services Ltd,Ready,+1 868-708-7330,andre@convergedtechservices.com,https://www.convergedtechservices.com/,"Suite 13, ANVA Plaza",https://www.odoo.com/partners/converged-tech-services-ltd-12635186
Trinidad And Tobago,ALLNETWORKS TRINIDAD,Gold,,Odootrinidad@allnetworks.com,,Unit #13C Tower 1. One Woodbrook Place. Damian Street.,https://www.odoo.com/partners/allnetworks-trinidad-12152345
Trinidad And Tobago,Payroll Control,Ready,+1 868-255-4PAY,info@payrollcontrol.io,https://www.payrollcontrol.io,23 Stone Street,https://www.odoo.com/partners/payroll-control-13446918
Trinidad And Tobago,RN Syzygy Employment Relations Ltd,Ready,+1 868-321-1037,,https://rnsyzygy.org/,"57 Hasmath Ali Street, Aranguez, Trinidad",https://www.odoo.com/partners/rn-syzygy-employment-relations-ltd-30345085
Trinidad And Tobago,PBS Technologies,Ready,+1 868-628-4010 ext. 4810,danon.knox@pbs.group,https://www.pbs.group,155-157 Tragarete Road,https://www.odoo.com/partners/pbs-technologies-14842845
Trinidad And Tobago,Tri-Mega Limited,Ready,+1 868-687-9422,rdennie@tri-mega.org,,"1st Avenue Place 10 First Avenue, Maharaj Lands",https://www.odoo.com/partners/tri-mega-limited-4616928
Trinidad And Tobago,TNT Solutions Ltd,Ready,+1 868-680-5959,mitra@tntsolutionsltd.com,,Cor. Connell and st. Vincent Street,https://www.odoo.com/partners/tnt-solutions-ltd-11697329
Trinidad And Tobago,TM Objective Consulting Limited,Ready,+1 868-252-8065,info@tmobjective.com,https://www.tmobjective.com/,Goodwood Gardens,https://www.odoo.com/partners/tm-objective-consulting-limited-16646013
Trinidad And Tobago,Top Notch Technologies,Ready,+1 868-470-7272,topnotchtechnologiestt@gmail.com,http://www.topnotchtechnologiestt.com,49 Bournes Road,https://www.odoo.com/partners/top-notch-technologies-5325319
Trinidad And Tobago,Wagos LTD,Ready,+18686281741,sales@wagos.com,,"9 Madras Street, St. James",https://www.odoo.com/partners/wagos-ltd-16861295
Trinidad And Tobago,Wave One Network Solutions Limited,Ready,+1 868-470-2457,sherwyn.greene@waveonens.com,https://www.waveonens.com,49 Harmony Hall Road,https://www.odoo.com/partners/wave-one-network-solutions-limited-4318522
Trinidad And Tobago,Nio Digital Limited,Silver,+1 868-680-7579,lorcan@niodbp.com,http://www.niodbp.com,"Level 2, Invaders Bay Tower Invaders Bay off Audrey Jeffers Highway",https://www.odoo.com/partners/nio-digital-limited-4801145
Tunisia,Rafiking Solutions,Ready,,,,,https://www.odoo.com/partners/rafiking-solutions-24616800
Tunisia,DIGI-ERP,Ready,+216 28 609 994,ichrak.jlassi@digi-it.com.tn,,"New Ways, B21 Technopark Elghazela",https://www.odoo.com/partners/digi-erp-18144827
Tunisia,Fogits International SARL,Silver,+216 58 433 533,hello@fogits.com,https://www.fogits.com,"2A2 Immeuble Hadrich, Rue Jamel Eddine Afghani, Zone Industrielle Poudrière",https://www.odoo.com/partners/fogits-international-sarl-971499
Tunisia,Infotech Consulting Services – ICS,Ready,+216 98 462 916 / +216 92 462 005,contact@ics-tunisie.com,https://website.ics-tn.com/,"Avenue 5 Août, Immeuble Sfax Palace, Bloc B, Appt 94",https://www.odoo.com/partners/infotech-consulting-services-ics-1936831
Tunisia,Info'Lib,Silver,+216 70 297 062,contact@infolib.tn,https://www.infolib.tn,Bureau B1-3,https://www.odoo.com/partners/info-lib-10044452
Tunisia,Teamdoo,Ready,+216 93 695105,contact@teamdoo.tn,https://www.teamdoo.tn,"IQ Smart Building & Business Center, Berges du lac 2",https://www.odoo.com/partners/teamdoo-13579534
Tunisia,HADOOC,Silver,+216 28 570 009,info@hadooc.com,https://hadooc.com/,"131 Av.La liberté 2 éme Etage, Belvédère",https://www.odoo.com/partners/hadooc-2388042
Tunisia,WARZEEZ SOLUTIONS,Ready,+216 55 456 332,direction@warzeez.net,https://warzeez.net,"6 Av Habib Bourguiba immeuble Ben Said,",https://www.odoo.com/partners/warzeez-solutions-11367393
Tunisia,SYS-Expert Technology,Silver,+216 22 825 831,odoo@sys-expert.com,http://www.sys-expert.com/,"Rue ALFRED NOBEL, Z.A KHEIREDDINE, Lac 3",https://www.odoo.com/partners/sys-expert-technology-17574014
Tunisia,Shazler IT,Silver,+216 98 157 822,info@shazler.com,https://shazler.com/,013 Rue Ibn charef belvédère Tunis,https://www.odoo.com/partners/shazler-it-5967421
Turkiye,APLOVA YÖNETİM DANIŞMANLIK VE BİLGİ TEKNOLOJİLERİ ANONİM ŞİRKETİ,Ready,+90 216 977 70 70,info@aplova.com,,"Altunizade Mahallesi, Ord. Prof. Fahrettin Kerim Gökay Caddesi,",https://www.odoo.com/partners/aplova-yonetim-danismanlik-ve-bilgi-teknolojileri-anonim-sirketi-26230190
Brazil,API WORKS,Ready,,,,,https://www.odoo.com/partners/api-works-25358675
Turkiye,Dataliva Bilişim Hizmetleri A.Ş.,Ready,+908508883885,odoo@dataliva.com,https://dataliva.com/,"Biruni Teknopark, Kazlıçeşme Mah. 245. Sk. No:5 Kat:8 Ofis:803 Zeytinburnu",https://www.odoo.com/partners/dataliva-bilisim-hizmetleri-a-s-18073842
Turkiye,ALKEDOS TEKNOLOJİ A.Ş.,Silver,+90 212 951 19 52,info@alkedos.com,https://www.alkedos.com,Ataköy 7-8-9-10. Kısım Mah. Çobançeşme E-5 Yanyol Cad.,https://www.odoo.com/partners/alkedos-teknoloji-a-s-17943352
Turkiye,Ekol Yazılım A.S.,Ready,"+90 552 841 80 96, +90 312 429 03 21",info@ekolyazilim.com.tr,https://www.ekolyazilim.com.tr/,"Ostim Teknopark 100.Yıl Bulvarı No:55, E Blok, D:14, 06374 Yenimahalle/Ankara",https://www.odoo.com/partners/ekol-yazılım-a-s-15555518
Turkiye,Drysharks Consulting and trading LTD,Silver,+90 507 818 20 00,advisors@broadmax.com.tr,https://broadmax.com.tr,"Famagusta Free port, zone P.O Box 1338 via",https://www.odoo.com/partners/drysharks-consulting-and-trading-ltd-11421873
Turkiye,Codequarters,Silver,+90 539 843 97 95,info@codequarters.com,http://www.codequarters.com/,Mustafa Kemal Mahallesi 2079. Cadde Via Green İş Merkezi No: 2B/37,https://www.odoo.com/partners/codequarters-679964
Turkiye,Boraq Group,Ready,+90 551 200 06 66,info@boraq-group.com,http://www.boraq-group.com,MAHMUTBEY MAH. TAŞOCAĞI YOLU CAD. BALANCE GÜNEŞLİ NO: 19 /1A,https://www.odoo.com/partners/boraq-group-1275410
Turkiye,7Gates Interactive Technologies,Silver,+90 533 262 98 78,esevim@sevengates.co,http://www.7gates.co/,Yeşerti Sok. 12/3 Akatlar 34335 İstanbul/Türkiye,https://www.odoo.com/partners/7gates-interactive-technologies-21423
Turkiye,İNVOLİT BİLİŞİM ANONİM ŞİRKETİ,Ready,+90 555 731 70 39,info@involit.com,https://involit.com/,ESENTEPE MAH. BÜYÜKDERE CAD. LOFT RESIDANCE NO: 201 İÇ KAPI NO: 52 ŞİŞLİ/ İSTANBUL,https://www.odoo.com/partners/involit-bilisim-anonim-sirketi-25464810
Turkiye,Eska Yazılım ve Danışmanlık A.Ş.,Silver,+90 212 663 34 50,iletisim@eskayazilim.com.tr,https://eskayazilim.com.tr/,EGS Business Park B2 Blok No:1,https://www.odoo.com/partners/eska-yazılım-ve-danısmanlık-a-s-5856007
Turkiye,Cabri Bilgi Teknolojileri,Ready,+90 532 642 78 80,adem@cabribt.com,https://cabribt.com/,Fethiye mah.ay sok.24/E-A,https://www.odoo.com/partners/cabri-bilgi-teknolojileri-22777395
Turkiye,Kıta Yazılım,Silver,+90 501 480 70 01,info@kitayazilim.com,https://kitayazilim.com/,"Tepeüstü Mah, Ihlamurkuyu, Örnek Sk. No:1 Kat:3 D:6 Ümraniye İstanbul",https://www.odoo.com/partners/kıta-yazılım-12223392
Turkiye,AGRİROSSA MÜHENDİSLİK ZİRAAT ENERJİ İTHALAT İHRACAT TURİZM VE TEKNOLOJİK DANIŞMANLIK,Ready,+905465519905,talatcorak@gmail.com,https://agrirossa.com/odoo/,BAHÇELİEVLER MAH. 506 SK.,https://www.odoo.com/partners/agrirossa-muhendislik-ziraat-enerji-ithalat-ihracat-turizm-ve-teknolojik-danismanlik-30578855
Turkiye,Magnus Bilgi Teknolojileri A.Ş.,Ready,+90 543 939 12 83,info@magnusyazilim.com,https://magnusyazilim.com/,EVLİYA ÇELEBİ MAH. SADİ KONURALP CAD. IKSV VAKFI NO: 5 İÇ KAPI NO: 2 BEYOĞLU,https://www.odoo.com/partners/magnus-bilgi-teknolojileri-a-s-18744901
Turkiye,Akko Makina Sanayi ve Ticaret A.Ş.,Ready,+90 549 632 25 56,dijitalmimari@akko.com.tr,http://www.akko.com.tr,Konya 5. Organize Sanayi Bölgesi Aşağıpınarbaşı OSB Mah. 526 Nolu Sokak No: 1 Selçuklu,https://www.odoo.com/partners/akko-makina-sanayi-ve-ticaret-a-s-17326101
Turkiye,Otosmart Bilgi Teknolojileri A.Ş,Ready,+90 542 116 34 03,yusuf.misir@otosmartsoft.com,https://www.otosmartsoft.com/,"Aktarhüssam mah, Ahmet Hamdi Tanpınar cd no 17/507",https://www.odoo.com/partners/otosmart-bilgi-teknolojileri-a-s-32346544
Turkiye,MindDX Dijital Dönüşüm Teknolojileri San. Ve Tic. A.Ş.,Silver,+90 212 808 00 79,odoo@minddx.ai,https://minddx.ai/tr/odoo-erp-turkiye-lokalizasyon/,"Ataköy 7-8-9-10. Kısım, Selenium Ataköy, C Blok K:8 No:74, 34158 Bakırköy-İstanbul",https://www.odoo.com/partners/minddx-dijital-donusum-teknolojileri-san-ve-tic-a-s-17922279
Turkiye,NSL SAVUNMA BILISIM SANAYI VE TICARET ANONIM SIRKETI,Ready,+90 532 471 50 96,omer@nsl.com.tr,https://www.nsl.com.tr/,CAMIKEBIR MAH. 5062. CAD. KUMSMALL NO: 44,https://www.odoo.com/partners/nsl-savunma-bilisim-sanayi-ve-ticaret-anonim-sirketi-22948602
Turkiye,Pure Analytica,Ready,,,,,https://www.odoo.com/partners/pure-analytica-30014363
Turkiye,Solvera Yazılım,Ready,+90 850 850 2743,info@solvera.com.tr,http://www.solvera.com.tr,100. yıl bulvarı,https://www.odoo.com/partners/solvera-yazılım-24112289
Turkiye,Rasard Teknoloji,Silver,+90 554 364 54 27,info@rasard.com,https://rasard.com/en_GB,"Hacı Halil Mahallesi, 1207. Sokak, No: 1, D: 5",https://www.odoo.com/partners/rasard-teknoloji-10709490
Turkiye,TMS Teknoloji Yazılım ve Makina San. Tic. Ltd. Şti,Ready,+90 216 755 00 34,info@tmsteknoloji.com,,"Merkez, Çavuşbaşı Cd. 105/1-2",https://www.odoo.com/partners/tms-teknoloji-yazılım-ve-makina-san-tic-ltd-sti-14986605
Turkiye,Vis Marin Insaat ve Bilisim Hiz. San ve Dis Tic Ltd Sti.,Ready,+90 532 472 23 10,fatihkartal@vismarin.com,http://www.vismarin.com,Ebulula Mardin Cad. No: 101 Akat Mah.,https://www.odoo.com/partners/vis-marin-insaat-ve-bilisim-hiz-san-ve-dis-tic-ltd-sti-1234989
Turkiye,Projet Solutions,Silver,+90 544 349 39 33,odoo@projetgrup.com,https://projet.solutions/,Teknopark Ankara & Ferko Plaza İstanbul,https://www.odoo.com/partners/projet-solutions-27214238
Turkiye,Techpark Investments LTD.,Ready,+90 533 857 17 01,software@techparkcyprus.com,,GİRNE,https://www.odoo.com/partners/techpark-investments-ltd-25119098
Turkiye,TÜM TEKNOLOJİ ÜRETİM MERKEZİ YAZILIM SANAYİ VE TİCARET ANONİM ŞİRKETİ,Ready,+90 532 552 37 47,omer.demir@tumteknoloji.com.tr,,KAYABAŞI MAH. ULUBATLI HASAN CAD. GİRİŞ KAYAŞEHİR D BLOK NO: 2 H İÇ KAPI NO: 28,https://www.odoo.com/partners/tum-teknoloji-uretim-merkezi-yazilim-sanayi-ve-ticaret-anonim-sirketi-25265607
Turkiye,Yusuf Ari,Ready,+90 506 806 71 63,yusufari@yahoo.com,,Kılınçarslan Mah. Şair Seyfi Cad. Parkvadi Evleri 46A 9/17,https://www.odoo.com/partners/yusuf-ari-21129721
Turkiye,PATRİON İLERİ TEKNOLOJİ SİSTEMLERİ ANONİM ŞİRKETİ,Ready,+90 532 069 1859,crm@patrion.net,https://erp.patrion.net/,Gülbahçe Mahallesi Gülbahçe Caddesi,https://www.odoo.com/partners/patrion-ileri-teknoloji-sistemleri-anonim-sirketi-13221334
Turkiye,Nimex Solutions LLC,Ready,+90 543 568 58 86,info@nimexsolutions.com,https://nimexsolutions.com/,Ata mahallesi 3514-3,https://www.odoo.com/partners/nimex-solutions-llc-20834317
Uganda,Jentroy,Ready,,,,,https://www.odoo.com/partners/jentroy-2230557
Uganda,RBM Enterprise Solutions Ltd,Ready,+256 752 762378,rbm@rbmafrica.com,https://www.rbmafrica.com,"Ntinda Complex, Block C Floor 1, Suite F1-5",https://www.odoo.com/partners/rbm-enterprise-solutions-ltd-438345
Uganda,KOLA TECHNOLOGIES LIMITED,Silver,+256 39 3224930,admin@kolapro.com,http://www.kolapro.com,Access Building Suite B009,https://www.odoo.com/partners/kola-technologies-limited-6889486
Uganda,Softnet Technologies Limited Uganda,Ready,,,,,https://www.odoo.com/partners/softnet-technologies-limited-uganda-14417861
Uganda,Tech Things Ltd,Silver,+256 782 225761,info@techthings.it,http://techthings.it,"Bugolobi Kampala, Kataza Close",https://www.odoo.com/partners/tech-things-ltd-10214611
Uganda,Sebuuma & Associates Certified Public Accountants,Ready,+256 200 999181 | +256 701 993895,odoo@sebuumatechnologies.com ; sales@sebuumatechnologies.com,https://sebuuma-associates.com/,"Ntinda Kampala, Kiwatule Road",https://www.odoo.com/partners/sebuuma-associates-certified-public-accountants-8291278
Ukraine,INTERNET DEVELS,Ready,,,,,https://www.odoo.com/partners/internet-devels-25805976
Ukraine,Netframe LLC,Silver,+380 93 230 2886,odoo@netframe.org,http://netframe.org,Borschagivska 154 Street,https://www.odoo.com/partners/netframe-llc-7748164
Ukraine,Graz.tech,Ready,+380 67 433 4433,gv@graz.tech,https://Graz.tech,вул. Вацлава Гавела 9а,https://www.odoo.com/partners/graz-tech-28475450
Ukraine,Self-ERP LLC,Gold,+380 96 505 0575,info@self-erp.com,https://www.self-erp.com,57 Fedkovicha,https://www.odoo.com/partners/self-erp-llc-4936113
Ukraine,Mobius ERP,Gold,+380 50 454 0940,info@erp-mobius.com,https://erp-mobius.com/,вул. Володимирська 61 Б,https://www.odoo.com/partners/mobius-erp-11441939
Ukraine,One Service Consulting,Ready,+380 322 594 382,info@oneservice-consulting.com,http://oneservice-consulting.com,"Sholom-Aleikhema St, 12",https://www.odoo.com/partners/one-service-consulting-14233963
Ukraine,SYSTEMY AVTOMATYZATSII BIZNESU LLC,Silver,+380 93 170 3747,info@crmium.com,https://crmium.com/en/,"13, RYBALSKA STR., OFFICE 4",https://www.odoo.com/partners/systemy-avtomatyzatsii-biznesu-llc-1937816
Ukraine,ERP Ukraine LLC,Silver,+380 97 295 2612,info@erp.co.ua,https://erp.co.ua,"Akademika Palladina 25, office 208",https://www.odoo.com/partners/erp-ukraine-llc-6677724
Ukraine,Solvve,Ready,+380971558705,info@solvve.odoo.com,https://solvve.odoo.com/,Shevchenko str. 14,https://www.odoo.com/partners/solvve-12829771
Ukraine,UBM SOFT,Ready,+380 67 522 8186,lid@ubmsoft.com.ua,https://ubmsoft.com.ua,Baggovutivska,https://www.odoo.com/partners/ubm-soft-10086935
Ukraine,UNITSOFT,Ready,+380 93 177 6087,sales@unitsoft.ua,http://unitsoft.io,"81а, Yuriia Illienka St,",https://www.odoo.com/partners/unitsoft-8608191
Ukraine,TODO LLC,Gold,+38 073 871 53 13,sale@todo.ltd,https://todo.ltd,7-A Sobornosti Avenue,https://www.odoo.com/partners/todo-llc-10468967
United Arab Emirates,Alle Tech L.L.C-FZ,Ready,+971 58 516 8818,yazan@alle-tech.com,https://alle-tech.com/,Dubai DU,https://www.odoo.com/partners/alle-tech-l-l-c-fz-26284934
United Arab Emirates,APPSGATE INFORMATION TECHNOLOGY L.L.C.,Silver,+971 54 435 4502|+971 56 286 0014,info@appsgate.ae,http://www.appsgate.ae,Office # 149-2 Deira Ayal Nasser,https://www.odoo.com/partners/appsgate-information-technology-l-l-c-15152842
United Arab Emirates,Adept Business Solution,Ready,0558909733,faisal@adept-sol.com,https://www.adept-sol.com/,"SAIF ZONE Q1, SAIF Zone, SAIF ZONE",https://www.odoo.com/partners/adept-business-solution-15604713
United Arab Emirates,ADAT-TECH INTERNATIONAL L.L.C-FZ,Ready,+971 50 411 4564,noelbabu@adat-tech.com,https://adat-tech.com/,"Meydan Grandstand, 6th floor, Meydan Road, Nad Al Sheba, Dubai, U.A.E.",https://www.odoo.com/partners/adat-tech-international-l-l-c-fz-18569540
United Arab Emirates,AMP Data Solutions L.L.C,Ready,+971 56 316 0858,abdeali@ampdata.ae,http://www.ampdata.ae,Murqabaat,https://www.odoo.com/partners/amp-data-solutions-l-l-c-23853664
United Arab Emirates,ACCG PROJECT MANAGEMENT SERVICES,Ready,,,,,https://www.odoo.com/partners/accg-project-management-services-30010497
United Arab Emirates,Al Jawad Software House,Gold,+971 52 165 1936,wassim@al-jawad.ae,https://www.al-jawad.ae/,"Budget center for Business, Trade Centre 1",https://www.odoo.com/partners/al-jawad-software-house-4598740
United Arab Emirates,BitTruster,Ready,+971 50 854 1120,bilal.ahmed@bittruster.com,,"Meydan Grandstand, 6th floor, Meydan Road, Nad Al Sheba",https://www.odoo.com/partners/bittruster-31435584
United Arab Emirates,AMANA TECHNOLOGY LLC,Ready,+971566422302,info@amanatec.com,https://www.amanatec.com/,"Shams Free Zone | Sharjah Media City, Al Bataeh, Sharjah",https://www.odoo.com/partners/amana-technology-llc-31707856
United Arab Emirates,Bliss ERP Solutions,Ready,+971 54 204 1490,lamine@blisserpsolution.com,https://www.blisserpsolution.com/,Sharjah Media City,https://www.odoo.com/partners/bliss-erp-solutions-11471684
United Arab Emirates,BIZTRAS INFORMATION TECHNOLOGY SOLUTIONS L.L.C.,Ready,+971 52 608 1779,remiz@biztras.com,http://www.biztras.com,"Al Fahim Building, Plot 08, Musaffah 04",https://www.odoo.com/partners/biztras-information-technology-solutions-l-l-c-5204287
United Arab Emirates,aratech,Ready,+971 55 718 5088,hello@aratech.ae,https://www.aratech.ae/,"2012, A5,",https://www.odoo.com/partners/aratech-23464537
United Arab Emirates,BN TECHNOLOGIES L L C FZ,Ready,+971 52 698 9205,bilal@bntechnologies.ae,http://bntechnologies.ae,"Business Center 1, M Floor, The Meydan Hotel, Nad Al Sheba",https://www.odoo.com/partners/bn-technologies-l-l-c-fz-12876358
United Arab Emirates,byteeIT (FZE),Ready,+971 52 538 9995,abhay.pandita@byteeit.com,http://www.byteeit.com,Office 707-B 7th Floor IBN Battuta Gate Offices,https://www.odoo.com/partners/byteeit-fze-14412796
United Arab Emirates,Brainvire Infotech - UAE,Silver,+971 54 737 4253,odoomena@brainvire.com,https://www.brainvire.com/odoo-erp/,"605 Indigo Tower,",https://www.odoo.com/partners/brainvire-infotech-uae-24745151
United Arab Emirates,Burnsys,Ready,+971 52 131 2394,fsakhri@burnsys.io,,dubai,https://www.odoo.com/partners/burnsys-27795971
United Arab Emirates,Chahl and Boken FZE LLC,Ready,,,,,https://www.odoo.com/partners/chahl-and-boken-fze-llc-24522208
United Arab Emirates,C O D Technologies,Ready,+971 50 802 8153,info@codewareuae.com,http://www.codewareuae.com/,"Suite #401 Al Mansour Building, Damascus Street, Al Qusais",https://www.odoo.com/partners/c-o-d-technologies-20324186
United Arab Emirates,CaliberTeches LLC,Ready,+971 56 607 5709,info@caliberteches.com,http://caliberteches.com,Sharjah,https://www.odoo.com/partners/caliberteches-llc-18663025
United Arab Emirates,Cloud Softway,Ready,+971 56 377 8957,firas@cloudsoftway.com,http://cloudsoftway.com,"205-C3, Sheikh Saud Al Qasimi Building, Al Muteena, Deira",https://www.odoo.com/partners/cloud-softway-22911172
United Arab Emirates,ATSON,Silver,+961 3 052 949,bramadan@atson.tech,https://www.atson.tech/,Liberty House,https://www.odoo.com/partners/atson-21384429
United Arab Emirates,CodeTrade Software Development,Ready,+971 55 985 8572,pratik@codetrade.io,http://codetrade.io,Platinum Business Centre- 7 Baghdad Street,https://www.odoo.com/partners/codetrade-software-development-16622520
United Arab Emirates,Brain Station 23 LLC,Ready,+971 50 750 5502,odoo@brainstation-23.com,https://www.brainstation-23.com/,"903, Damac XL Tower, Business Bay",https://www.odoo.com/partners/brain-station-23-llc-11500566
United Arab Emirates,AnaConEx IT Solutions L.L.C,Ready,+971 50 568 2736,uae@anaconex.com,https://www.anaconex.com/,"301, Warsan Commerical Tower, Barsha Heights TECOM off Shaikh Zayed Road",https://www.odoo.com/partners/anaconex-it-solutions-l-l-c-9229739
United Arab Emirates,Code-OX Technologies,Ready,+91 72937 93700,Mubaris@code-ox.com,https://code-ox.com/,"Building A1, 501, Business Park, Dubai Aviation City",https://www.odoo.com/partners/code-ox-technologies-11740193
United Arab Emirates,CODEX FOR INFORMATION TECHNOLOGY NETWORK SERVICES CO,Silver,+971 55 234 2368,shiyas@codexitns.com,http://codexitns.com,"Suite No. 224, Al Mozna Building, Al Qusai",https://www.odoo.com/partners/codex-for-information-technology-network-services-co-8188665
United Arab Emirates,Cloudmen,Silver,+971 50 909 7420,info@cloudmen.ae,http://cloudmen.ae,Al Shafar Tower 1 - Barsha Heights,https://www.odoo.com/partners/cloudmen-9689666
United Arab Emirates,Daem Technical Solutions,Ready,+971507791752,sales@daemtech.ae,https://www.dekad.tech/,Armex building - Second floor - Office 04,https://www.odoo.com/partners/daem-technical-solutions-16699980
United Arab Emirates,Counting Inc,Silver,+971 50 867 2243,t.ahmad@countinginc.com,http://www.countinginc.com,"Expert Business Center, The Binary By Omniyat, Business Bay",https://www.odoo.com/partners/counting-inc-13241074
United Arab Emirates,Commerce9 FZCO,Ready,+971 58 581 1523,info@commerce9.io,http://commerce9.io,"Premises Number# 6779 - 001, Building A1, Dubai Digital Park",https://www.odoo.com/partners/commerce9-fzco-17943082
United Arab Emirates,CYBOBITS TECHNOLOGY,Ready,+971 55 163 3397,sales@cybobits.com,http://cybobits.com,"Mai Tower, Office 1006, Al Nahda, Dubai",https://www.odoo.com/partners/cybobits-technology-11559906
United Arab Emirates,DIGITREK WEB-DESIGN,Ready,+971 55 307 9555,info@digitrek.ae,https://digitrek.ae/,Al Sufouh 1,https://www.odoo.com/partners/digitrek-web-design-17699481
United Arab Emirates,Dobees,Ready,+971 50 360 4481,info@dobees.net,http://dobees.net,"Business Centre, Sharjah Publishing City Free Zone",https://www.odoo.com/partners/dobees-21223046
United Arab Emirates,Emerging Alliance,Ready,+971 56 175 7499,pavithra@group-ea.com,http://emerging-alliance.net,"P8-07-05, Executive Suites 9486 - Sharjah",https://www.odoo.com/partners/emerging-alliance-17482815
United Arab Emirates,DECISION INTELLIGENT SOFTWARE TRADING L.L.C,Ready,+971 58 570 3015,Nimae@decisionintelligent.com,https://Decisionintelligent.com,"Business Village - A, Near Clock Tower, Dubai, UAE",https://www.odoo.com/partners/decision-intelligent-software-trading-l-l-c-20196675
United Arab Emirates,Daxin Nokaaf Consulting L.L.C,Silver,+971527873744,consultant@daxin-global.ae,,"Office 1801,DAMAC XL Tower, Marasi Drive, Business Bay",https://www.odoo.com/partners/daxin-nokaaf-consulting-l-l-c-25177660
United Arab Emirates,emizentech,Ready,+91 81079 90154,vivek@emizentech.com,http://emizentech.com,Business Club A-Blogger-027 AMC – BOULEVARD-A BUILDING,https://www.odoo.com/partners/emizentech-12739974
United Arab Emirates,ERP Accounting LLC,Ready,+971 50 343 1455,info@erpacco.com,http://www.erp-accountingllc.com,Dubai,https://www.odoo.com/partners/erp-accounting-llc-10084944
United Arab Emirates,Emerpro IT Solutions,Ready,+971 50 982 6893,dinesh@emerpro.net,http://emerpro.ae,"Office number G 19-21, TECHNO HUB-2 BLDG, Digital Park, Dubai Silicon Oasis",https://www.odoo.com/partners/emerpro-it-solutions-8544776
United Arab Emirates,EBTECH Technologies L.L.C,Gold,+971 55 272 4928,sales@ebtechco.com,https://ebtechco.com,Office C56 - L1/6A,https://www.odoo.com/partners/ebtech-technologies-l-l-c-27261191
United Arab Emirates,GHAFLOOP DEVELOPMENT AND INNOVATION IN COMPUTER SYSTEM,Ready,,,,,https://www.odoo.com/partners/ghafloop-development-and-innovation-in-computer-system-10627570
United Arab Emirates,Dow Group DMCC,Gold,+971 55 935 4935,info@dowgroup.com,https://www.dowgroup.com/,JLT - Mazaya Business Avenue -BB2- office 3101,https://www.odoo.com/partners/dow-group-dmcc-4937983
United Arab Emirates,Forge Solutions,Silver,+971 58 603 3324,sales@forge-solutions.com,http://forge-solutions.com,Dubai,https://www.odoo.com/partners/forge-solutions-6383015
United Arab Emirates,Hash Code IT Solutions,Gold,+971 58 528 8919,nizar@hashcodeit.com,https://hashcodeit.com/,"117, Al Nasr Plaza, Oud Mehta, Dubai, UAE",https://www.odoo.com/partners/hash-code-it-solutions-6561768
United Arab Emirates,High Systems Electromechanics LLC,Silver,+971 56 680 2200,samir@hisyst.com,http://www.synigrate.com,Al Quaais,https://www.odoo.com/partners/high-systems-electromechanics-llc-6632559
United Arab Emirates,Hexalyze Consulting Services UAE,Ready,+971 506032499 | +92 312 2459505,omer@hexalyze.com,http://hexalyze.com,"1235 , 13th Floor Burj Dar Al Salam Building , Corniche Road ,Abu DhabI , UAE",https://www.odoo.com/partners/hexalyze-consulting-services-uae-13238510
United Arab Emirates,IdaA ERP Services DWC LLC,Ready,+971 52 314 2700,murali@idaaerpservices.com,https://www.idaaerp.com/,"Office 117, Building C, Dubai World Central (DWC)",https://www.odoo.com/partners/idaa-erp-services-dwc-llc-3607196
United Arab Emirates,GLOBAL IT INTEGRATIONS AND SERVICES L.L.C.,Ready,+971508519756,admin@gits-ae.com,https://gits-ae.com/,"17th Floor (P), Al Masaood Tower 606 Hamdan Bin Mohammed Street",https://www.odoo.com/partners/global-it-integrations-and-services-l-l-c-21521388
United Arab Emirates,Hearty Mart BizHub LLC,Ready,+971 50 380 0429,Info@hmbizhub.com,http://www.hmbizhub.com,Unique Word Business Center,https://www.odoo.com/partners/hearty-mart-bizhub-llc-20856713
United Arab Emirates,Interdev IT Solutions L.L.C,Ready,,,,,https://www.odoo.com/partners/interdev-it-solutions-l-l-c-14998077
United Arab Emirates,Infosoft Software Trading L.L.C.,Ready,+971 50 454 9907,info@infosoft.ae,http://infosoft.ae,ACICO Business Park,https://www.odoo.com/partners/infosoft-software-trading-l-l-c-28668807
United Arab Emirates,Infinit80 Info Systems,Ready,+971 52 836 4571,solutions@infinit80.com,https://www.infinit80.com/,"DSO-IFZA,",https://www.odoo.com/partners/infinit80-info-systems-30103401
United Arab Emirates,Fidobe Solutions LLC,Gold,+971 56 699 1990/+971 42353931,sales@fidobe.com,https://www.fidobe.com,"611, Office Court Building",https://www.odoo.com/partners/fidobe-solutions-llc-17550508
United Arab Emirates,IDC MIDDLE EAST TECHNOLOGIES,Ready,+971 50 804 3456,narendra.talreja@idctechnologies.com,https://idctechnologies.com/,"Office # 205, Icon Tower 2nd Floor, Barsha Heights,",https://www.odoo.com/partners/idc-middle-east-technologies-20755549
United Arab Emirates,ISPG Middle East Technologies LLC,Ready,+971 4 396 6233,info@emsoho.com,https://www.ispg.co/en,Office #415 Hamsah Complex,https://www.odoo.com/partners/ispg-middle-east-technologies-llc-3966350
United Arab Emirates,ITWORX EDU UAE,Ready,,,,,https://www.odoo.com/partners/itworx-edu-uae-24958485
United Arab Emirates,KAIDO IT SOLUTIONS,Ready,+971 55 647 4674,khalid@kaidolab.com,https://kaidolab.odoo.com/,"Office 1005, Building A5 Dubai Digital Park",https://www.odoo.com/partners/kaido-it-solutions-18121211
United Arab Emirates,Levantec LLC FZ,Ready,+971 58 505 5800,ahmad.shaaban@levantec.net,http://levantec.net,"Meydan Grandstand, 6th floor, Meydan Road, Nad Al Sheba, Dubai, U.A.E.",https://www.odoo.com/partners/levantec-llc-fz-15865354
United Arab Emirates,Klystron Global DMCC,Silver,+971 56 825 9995,sales.ae@klystronglobal.com,https://www.klystronglobal.com/odoo,"Mazaya Business Avenue BB1, JLT, Office 3004",https://www.odoo.com/partners/klystron-global-dmcc-2038265
United Arab Emirates,Mux Tech Digital IT Solutions Co. LLC,Ready,+971 56 474 3831,kashif@muxtechdigital.com,https://muxtechdigital.com/,Abu Bakar Al Sadeeq,https://www.odoo.com/partners/mux-tech-digital-it-solutions-co-llc-23353927
United Arab Emirates,NATHAN IT INFRASTRUCTURE L.L.C,Ready,+971 50 886 5959,rohan@nathandigital.com,http://nathandigital.com,Marina Plaza - Dubai Marina,https://www.odoo.com/partners/nathan-it-infrastructure-l-l-c-29394249
United Arab Emirates,MAPLIT - Maple Green Information Technology,Silver,+971 563940924,info@mapl-it.com,https://www.mapletmobile.com/,"Hashtag Business Center, Office 1 - City Gate - Port Saeed - Deira",https://www.odoo.com/partners/maplit-maple-green-information-technology-10900208
United Arab Emirates,Net Stream Technologies L.L.C,Ready,+971555514367,odoo@netstream-me.com,http://www.netstream-me.com,Office 2501-23 - 25th Floor - The Exchange Tower Al Mustaqbal St. - Business Bay,https://www.odoo.com/partners/net-stream-technologies-l-l-c-770700
United Arab Emirates,Netlabs Solutions,Ready,+20 107 047 4477,mshalash@netlabssolutions.com,https://netlabssolutions.com/,Office 38 The One Tower Tecom Dubai - United Arab Emirates,https://www.odoo.com/partners/netlabs-solutions-16250987
United Arab Emirates,OKTECH Services - FZCO,Ready,+966 54 931 8886,info@oktech-uae.com,http://www.oktech-uae.com,DSO-IFZA,https://www.odoo.com/partners/oktech-services-fzco-17408757
United Arab Emirates,Netilligence Business System LLC,Ready,+971 50 952 4733,sales@netilligence.io,https://www.netilligence.io/,"M01A, Saleh Bin Lahej Building",https://www.odoo.com/partners/netilligence-business-system-llc-1735569
United Arab Emirates,ONCA SOLUTIONS (FZE),Ready,,,,,https://www.odoo.com/partners/onca-solutions-fze-14103164
United Arab Emirates,NODEX TECHNOLOGIES LLC,Ready,+971 50 813 3272,ansari@nodex.ae,http://nodex.ae,"Office #62, 2-20 First Gulf,",https://www.odoo.com/partners/nodex-technologies-llc-7008268
United Arab Emirates,Ousos Althiqa Accounting & Tax Consultant L.L.C,Ready,,,,,https://www.odoo.com/partners/ousos-althiqa-accounting-tax-consultant-l-l-c-19312637
United Arab Emirates,OIT,Ready,+971 50 160 0357,essam@o-it.ae,https://www.o-it.ae/,AL GARHOUD,https://www.odoo.com/partners/oit-22682674
United Arab Emirates,Plementus UAE,Gold,+971 50 809 4669,mazin@plementus.com,http://plementus.com,API Tower,https://www.odoo.com/partners/plementus-uae-16745486
United Arab Emirates,PromptTech Solutions,Silver,+971 52 893 4441,odoo@prompttechglobal.com,https://odoo.prompttechsolutions.com,2nd Street 43,https://www.odoo.com/partners/prompttech-solutions-16521310
United Arab Emirates,PROPERTY HIVE TECHNOLOGIES CO. LLC.,Gold,+971 58 509 1007,umermirza_92@yahoo.com,,"648 Tamani Art Offices, Business Bay",https://www.odoo.com/partners/property-hive-technologies-co-llc-23287731
United Arab Emirates,Kaizen Principles,Gold,+971 56 682 8836,sales@kaizenae.com,http://www.kaizenae.com,"Al Bayan Building, Floor 6, Unit 612",https://www.odoo.com/partners/kaizen-principles-8433600
United Arab Emirates,OLAP DIGITAL SOLUTIONS L.L.C,Ready,+971 54 247 7077,info@olap.ae,https://www.tech.olap.ae/,Rahaf Tower Al Quasis Ind. Area 4,https://www.odoo.com/partners/olap-digital-solutions-l-l-c-18158094
United Arab Emirates,RESON FOR IT SOLUTIONS CO. L.L.C,Ready,+971 50 986 5201,mkh@reson.ae,http://www.reson.ae,Tecom-Amiri Tower,https://www.odoo.com/partners/reson-for-it-solutions-co-l-l-c-12786464
United Arab Emirates,OxtonGrid,Ready,+971 54 517 1673,info@oxtongrid.com,https://www.oxtongrid.com/,Dubai Digital Park - A1 - Nadd Hessa - Dubai Silicon Oasis - Dubai,https://www.odoo.com/partners/oxtongrid-21589826
United Arab Emirates,QZ Information Technology Consultants Co. L.L.C,Silver,+971 4 243 4010,wajid.zakir@qzinfomatics.com,http://qzinfomatics.com,"#207, BB03, Bay Square, Business Bay, Dubai, UAE",https://www.odoo.com/partners/qz-information-technology-consultants-co-l-l-c-19548993
United Arab Emirates,Plennix Technologies (UAE),Silver,+971 56 680 8951,sales.uae@plennix.com,https://www.plennix.com,"The Offices 3, One Central, DWTC, UAE",https://www.odoo.com/partners/plennix-technologies-uae-6705458
United Arab Emirates,RIBS Technologies FZE,Ready,+971 52 676 0468,veera@ribstechnologies.com,http://ribstechnologies.com,"Office 82, Building Q1-09, SAIF Zone",https://www.odoo.com/partners/ribs-technologies-fze-17248614
United Arab Emirates,Rev Port Solutions FZC LLC,Ready,+971 54 778 8870,info@revport.com,,"BC-888799 26th Floor, Amber Gem Tower, Ajman",https://www.odoo.com/partners/rev-port-solutions-fzc-llc-24616396
United Arab Emirates,Shouki Electronics LLC,Ready,+971 50 702 6002,mehdi@shoukinet.com,http://www.shoukinet.com,"Shop#3 Dar Al Riffa Building, Khalid Bin Al Waleed Street",https://www.odoo.com/partners/shouki-electronics-llc-19966754
United Arab Emirates,Rteam FZE LLC,Ready,+971 (585) 919-584,alex@rteam.top,https://rteam.agency?,"Business Centre, Sharjah Publishing City Free Zone",https://www.odoo.com/partners/rteam-fze-llc-20727038
United Arab Emirates,Savvy Data Cloud Consulting,Ready,+971 50 130 6932,divyesh@savvydatacloudconsulting.com,https://savvydatacloudconsulting.com/,Dubai Silicon Oasis,https://www.odoo.com/partners/savvy-data-cloud-consulting-14509807
United Arab Emirates,SMART EXPERTS HUB CONSULTING,Ready,+971 50 608 5156,info@smartexpertshub.com,,ملك خليفه عبدا على بن بليله المهيرى - ابو هيل 12/Fمكتب رقم 1,https://www.odoo.com/partners/smart-experts-hub-consulting-10853264
United Arab Emirates,SID Technology,Ready,+971 56 581 3760,accounts@sidtechnology.me,http://sidtechnology.me,Al Asayel St - Business Bay - Dubai,https://www.odoo.com/partners/sid-technology-12535700
United Arab Emirates,OAKLAND - odooERP.ae,Silver,+971 45616837,sales@odooerp.ae,http://www.oaklandmena.com,"Balrasheed Tower 1, Buhaira Corniche",https://www.odoo.com/partners/oakland-odooerp-ae-1973969
United Arab Emirates,SiteSee Tech LLC FZ,Silver,+971585973852,sales@siteseetech.com,http://www.siteseetech.com,Meydan Free Zone,https://www.odoo.com/partners/sitesee-tech-llc-fz-11834484
United Arab Emirates,Sokrab,Ready,,,,,https://www.odoo.com/partners/sokrab-19691047
United Arab Emirates,Spectra Compunet FZC,Ready,+971 52 295 9866,uae@spectracompunet.com,https://spectracompunet.com/,Ajman Free Zone C1 Building,https://www.odoo.com/partners/spectra-compunet-fzc-21607849
United Arab Emirates,Smart AGM,Ready,+971 55 624 4367,info@smartagm.tech,http://smartagm.tech,Latifa tower - West wing - office No: 101 -01,https://www.odoo.com/partners/smart-agm-15245866
United Arab Emirates,SSD4ME,Ready,+971 58 539 5585,admin@ssd4me.com,https://www.ssd4me.com,Al Garhoud,https://www.odoo.com/partners/ssd4me-16426868
United Arab Emirates,Softhealer Technologies LLC,Silver,+971 55 716 8101,uae-team@softhealer.com,http://softhealer.com,"Office 404, Latifa Tower, Sheikh Zayed Road",https://www.odoo.com/partners/softhealer-technologies-llc-28503942
United Arab Emirates,Serpent Consulting Services L.L.C-FZ,Ready,+91 90334 72982,husen.daudi@serpentcs.com,http://serpentcs.com,"Business Center 1, M Floor, The Meydan Hotel,",https://www.odoo.com/partners/serpent-consulting-services-l-l-c-fz-16787222
United Arab Emirates,Teamo LLC FZ,Ready,+971 508326966,hassaan.pasha@teamo.io,http://www.teamo.io,Meydan Grandstand - 6th Floor Al Meydan Rd - Nad Al Sheba,https://www.odoo.com/partners/teamo-llc-fz-27701240
United Arab Emirates,Tecfuge,Ready,+971 56 135 3121,info@tecfuge.com,http://www.tecfuge.com,"Compass Building, Al Shohada Road, AL Hamra Industrial Zone-FZ",https://www.odoo.com/partners/tecfuge-9481798
United Arab Emirates,Tech Inoviq Solutions,Ready,+971 52 513 9556,murtaza.hanif@techinoviq.com,http://techinoviq.com,Fujairah Creative Tower P.O. Box 4422,https://www.odoo.com/partners/tech-inoviq-solutions-12976413
United Arab Emirates,Tafsol Information Technology LLC,Ready,+971 50 335 8156,Tafsoltechnologies101@gmail.com,,"Marasi Drive, Business Bay",https://www.odoo.com/partners/tafsol-information-technology-llc-22873274
United Arab Emirates,STRATA SOFTWARE SOLUTIONS LLP,Ready,+971 52 850 2515,sakshigupta@strataerp.com,https://strataerp.com/,AG Tower - Dubai - United Arab Emirates,https://www.odoo.com/partners/strata-software-solutions-llp-20550596
United Arab Emirates,Technova Information Technology L.L.C,Silver,+971 58 584 8149,info@tech-novame.com,http://tech-novame.com,Al Safa 1,https://www.odoo.com/partners/technova-information-technology-l-l-c-19881424
United Arab Emirates,THETA DIRECT INFORMATION TECHNOLOGY L.L.C,Silver,+971506382350,prashant.sk@thetadirect.com,http://thetadirect.com,"Office No. F1-0374, Property Investment Office 4 - F1",https://www.odoo.com/partners/theta-direct-information-technology-l-l-c-26554234
United Arab Emirates,Techleara Software Solutions,Ready,+971 55 333 5093,support@techleara.com,http://techleara.com,"Office 207, Makateb Building, Deira",https://www.odoo.com/partners/techleara-software-solutions-12567320
United Arab Emirates,Techouse FZE,Ready,+971 50 327 0271,ismail@techouse.ae,http://www.techouse.ae,Damac Hills,https://www.odoo.com/partners/techouse-fze-18104876
United Arab Emirates,TOLX LLC,Ready,,,,,https://www.odoo.com/partners/tolx-llc-28900446
United Arab Emirates,Trend System Integrators,Silver,+971 52 433 0422,info@trend-is.co,https://www.trend-is.co/r/hKJ,Dubai Silicon Oasis,https://www.odoo.com/partners/trend-system-integrators-6714517
United Arab Emirates,Techbot,Gold,+971 50 322 8418,odoo@techboterp.com,http://techboterp.com,Techno Hub 1 - G-59A,https://www.odoo.com/partners/techbot-4148604
United Arab Emirates,Tinnovat Science & Technology Consultancy LLC,Ready,+971 50 727 4846,ravi.v@tinnovat.com,https://www.tinnovat.com/,F06 - Al Sharif Building,https://www.odoo.com/partners/tinnovat-science-technology-consultancy-llc-11140941
United Arab Emirates,Threshold Technologies LLC,Ready,+971 55 665 7704,info@thresholdtechno.com,http://thresholdtechno.com,"103, Umer bin Al Khatab Street",https://www.odoo.com/partners/threshold-technologies-llc-6487350
United Arab Emirates,Uncanny Consulting Services FZC,Silver,+91 95582 49614,hello@uncannycs.com,,"Business Centre, Sharjah Publishing City Free Zone, Sharjah, United Arab Emirates",https://www.odoo.com/partners/uncanny-consulting-services-fzc-17635990
United Arab Emirates,Vizion Tools,Ready,,,,,https://www.odoo.com/partners/vizion-tools-16418440
United Arab Emirates,VOXTRON MIDDLE EAST LLC,Silver,+971 4 293 0000,odoo@voxtronme.com,http://voxtronme.com,"Voxtron Middle East LLC ,PO Box, 234162 ,M103, RAK Building Street 12A, Al Qusais 2, Dubai",https://www.odoo.com/partners/voxtron-middle-east-llc-1942354
United Arab Emirates,Techvaria IT Services L.L.C,Silver,+971 56 683 3122,feroz@techvaria.com,https://www.techvaria.com,"Bin Shabib Mall, M 27, Mezzanine Floor, Baghdad Street, Al Qusais",https://www.odoo.com/partners/techvaria-it-services-l-l-c-15103506
United Arab Emirates,Zamakan Management Consultancies L.L.C.,Silver,+971 56 229 7715,info@zamakan.consulting,http://zamakan.consulting,"Office 902, Bay View Tower",https://www.odoo.com/partners/zamakan-management-consultancies-l-l-c-16524172
United Arab Emirates,Transines Solutions,Ready,+971 52 696 2303,harshad@transines.com,https://www.transines.com,"Office 311, Al Sheikha Mahara Ahmed",https://www.odoo.com/partners/transines-solutions-30873337
United Arab Emirates,VSM Teckzilla LLC-FZ,Silver,,,,,https://www.odoo.com/partners/vsm-teckzilla-llc-fz-20011880
United Arab Emirates,Taif Tec,Ready,+971 524026942,info@taiftec.com,http://taiftec.com,"Office 109, Building 4, Dubai Outsource City - Al Manama St - Dubai",https://www.odoo.com/partners/taif-tec-13588269
United Arab Emirates,Webenia,Ready,+971 50 533 5465,sameh.alghali@webenia.com,https://www.webenia.com,"Al-Aya, Mohammed Butti Suhail Ahmed M",https://www.odoo.com/partners/webenia-29248505
United Arab Emirates,Z Code management consultancies,Ready,+971 54 527 5504,carolinez@zcodeconsultancies.com,https://zcode4.odoo.com,Dubai Mall,https://www.odoo.com/partners/z-code-management-consultancies-10994596
United Kingdom,Church Hill Business Systems Ltd,Ready,,stevejones.chbs@gmail.com,,,https://www.odoo.com/partners/church-hill-business-systems-ltd-24697879
United Kingdom,Cloudsaber Ltd,Ready,+44 20 7117 2459,info@cloudsaber.com,https://cloudsaber.com,"85 Great Portland Street,",https://www.odoo.com/partners/cloudsaber-ltd-16281978
United Kingdom,Business Calibration Limited,Silver,+44 1772 657195,hello@calibrate-erp.co.uk,https://www.calibrate-erp.co.uk/,Old Docks House,https://www.odoo.com/partners/business-calibration-limited-7259353
United Kingdom,Axpero LLP,Ready,+44 1932 918907,team@axpero.co.uk,https://www.axpero.co.uk,15 Roxford Close,https://www.odoo.com/partners/axpero-llp-29721360
United Kingdom,Dreambits Tech Limited,Ready,,,,,https://www.odoo.com/partners/dreambits-tech-limited-18875114
United Kingdom,ERPGAP,Silver,+1 267-800-7788,uk@odoogap.com,http://www.erpgap.com,"Criterion House, 40 Parkway",https://www.odoo.com/partners/erpgap-6718652
United Kingdom,Gravitai UK,Gold,+44 1233 801330,hello@gravitai.com,http://www.gravitai.com,314 Regents Park Rd,https://www.odoo.com/partners/gravitai-uk-3852902
United Kingdom,Amaroo Solutions Limited,Silver,+44 1453 497 076,hello@amaroosolutions.co.uk,https://www.amaroosolutions.co.uk,Upper Church Road 31,https://www.odoo.com/partners/amaroo-solutions-limited-1390726
United Kingdom,InFlow Systems,Silver,+44 203 9535 725,info@inflowsystems.co.uk,http://www.inflowsystems.co,71-75 Shelton Street Covent Garden,https://www.odoo.com/partners/inflow-systems-12590912
United Kingdom,IBEES CONSULTING,Ready,,,,,https://www.odoo.com/partners/ibees-consulting-27513230
United Kingdom,Jonathan Stevens,Ready,,,,,https://www.odoo.com/partners/jonathan-stevens-22334798
United Kingdom,Glo Networks,Ready,+44 330 223 0033,karl@glo.systems,https://www.glo.systems/,Unit 10 Bridgend Business Park,https://www.odoo.com/partners/glo-networks-7535739
United Kingdom,Jantra Software,Ready,,,,,https://www.odoo.com/partners/jantra-software-23384984
United Kingdom,Itransition Group Limited,Ready,+44 20 3687 2282,odoo@itransition.com,https://www.itransition.com/,Third Floor 5-8 Dysart Street,https://www.odoo.com/partners/itransition-group-limited-4040816
United Kingdom,IT WORKHOUSE,Ready,,,,,https://www.odoo.com/partners/it-workhouse-18695072
United Kingdom,KONTROLL SOLUTIONS LTD,Ready,,,,,https://www.odoo.com/partners/kontroll-solutions-ltd-23381734
United Kingdom,OASIS PRO LIMITED,Ready,,,,,https://www.odoo.com/partners/oasis-pro-limited-25138092
United Kingdom,Phenom Cloud Europe,Ready,,,,,https://www.odoo.com/partners/phenom-cloud-europe-30090257
United Kingdom,Akarigo Ltd,Silver,+44 7879 893622,peters@akarigo.com,https://akarigo.com/,20-22 Wenlock Road,https://www.odoo.com/partners/akarigo-ltd-1882307
United Kingdom,Navabrind IT Solutions Pvt Limited,Ready,,,,,https://www.odoo.com/partners/navabrind-it-solutions-pvt-limited-7187342
United Kingdom,MUCH. CONSULTING LTD,Silver,+44 115 794 0063,solutions-uk@muchconsulting.com,https://muchconsulting.com/,3 Hardman Square,https://www.odoo.com/partners/much-consulting-ltd-16152414
United Kingdom,Simula Lab LTD,Ready,,info@simulalab.org,,,https://www.odoo.com/partners/simula-lab-ltd-11991733
United Kingdom,PROVEN STRATEGY LTD,Ready,,,,,https://www.odoo.com/partners/proven-strategy-ltd-27911881
United Kingdom,Sixo Systems,Ready,,,,,https://www.odoo.com/partners/sixo-systems-20966669
United Kingdom,MARIGOLD AND MANGO LTD,Ready,,,,,https://www.odoo.com/partners/marigold-and-mango-ltd-25806266
United Kingdom,Techplus Solutions Ltd,Silver,,odoo@techplusuk.com,,,https://www.odoo.com/partners/techplus-solutions-ltd-16659359
United Kingdom,Supportwise IT Services Ltd,Ready,+44 330 113 7749,christopher.otter@supportwise.co.uk,https://www.supportwise.co.uk/,Bowman house business centre,https://www.odoo.com/partners/supportwise-it-services-ltd-12929432
United Kingdom,Sapentia,Gold,+44 1543 220910,jane.dyson@sapentia.co.uk,https://www.sapentia.co.uk,Windsor House,https://www.odoo.com/partners/sapentia-3257606
United Kingdom,Target Integration Ltd. UK,Gold,,uk@targetintegration.com,https://www.targetintegration.com/odoo,Angel Court,https://www.odoo.com/partners/target-integration-ltd-uk-4246220
United Kingdom,Thoughtlogik Technology Solutions Ltd,Ready,+44 7428 102858,hello@thoughtlogik.com;billing@thoughtlogik.com,http://thoughtlogik.com,James Close,https://www.odoo.com/partners/thoughtlogik-technology-solutions-ltd-10549091
United Kingdom,The Operations Hub,Ready,+44 1244 952472,gavin@theoperationshub.co.uk,https://www.theoperationshub.co.uk,Century House,https://www.odoo.com/partners/the-operations-hub-19549255
United Kingdom,TERIAS CONSULTING LIMITED,Ready,,,,,https://www.odoo.com/partners/terias-consulting-limited-24152160
United Kingdom,Smart Information Technologies Ltd,Gold,,info@smart-ltd.co.uk,http://smart-ltd.co.uk/,SPACES Camden,https://www.odoo.com/partners/smart-information-technologies-ltd-442178
United States,AAKoryx Consulting LLC,Ready,+1 630-402-5255,sales@aakoryx.com,https://aakoryx.com/,"1001 E Chicago Ave, Suite 151, Unit B165",https://www.odoo.com/partners/aakoryx-consulting-llc-16680928
United States,26pins,Ready,+1 (619) 737-3961,tammy@26pins.com,https://www.26pins.com/platforms/odoo-erp,601 E Palomar Street,https://www.odoo.com/partners/26pins-22372929
United States,616 Solutions Limited,Ready,6163344516,info@616limited.com,https://www.616limited.com/,3730 Candlers Mountain Rd #1132,https://www.odoo.com/partners/616-solutions-limited-14269294
United States,"3XR, LLC",Ready,307-200-7182,sales@3xr.llc,https://www.3xr.llc/,PO Box 314,https://www.odoo.com/partners/3xr-llc-15687505
United States,"Adatasol, Inc.",Ready,+1 440-338-6874,danw@adatasol.com,http://custom.adatasol.com,37903 Euclid Avenue,https://www.odoo.com/partners/adatasol-inc-20940850
United States,A Positive Future,Ready,,odoo@apositivefuture.com,,,https://www.odoo.com/partners/a-positive-future-24363261
United States,2 Aires Consultores,Ready,,,,,https://www.odoo.com/partners/2-aires-consultores-21255833
United States,Acero Technologies,Ready,+1 949-212-0855,yi@acero.tech,https://www.acero.tech/,"1370 Valley Vista Dr, Suite 200",https://www.odoo.com/partners/acero-technologies-6068342
United States,Aarbee Technology Solutions,Ready,+1 732-823-2276,shibi@aarbeestructures.com,https://www.aarbeetechsolutions.com/,16 Freedom Cir,https://www.odoo.com/partners/aarbee-technology-solutions-12361337
United States,AIMS 10,Ready,,,,,https://www.odoo.com/partners/aims-10-28628694
United States,ABOTTS,Ready,+1 812-319-1351,hr@abotts.com,https://abotts.com/,16755 Von Karman Ave Ste 200,https://www.odoo.com/partners/abotts-23895279
United States,AMA Systems,Ready,,,,,https://www.odoo.com/partners/ama-systems-16876590
United States,Aglowid IT Solutions INC,Ready,,,,,https://www.odoo.com/partners/aglowid-it-solutions-inc-22216956
United States,AnchorPoint Systems,Ready,+1 425-270-7514,javier@anchorpointsys.com,https://anchorpointsys.com/,1067 E Lynn St,https://www.odoo.com/partners/anchorpoint-systems-26667977
United States,Adroit Staffing LLC,Ready,,,,,https://www.odoo.com/partners/adroit-staffing-llc-21600370
United States,Aktiv Software Inc,Ready,+1 848 219 9238,odoo@aktivsoftware.com,http://aktivsoftware.com,16 Melvin Ave,https://www.odoo.com/partners/aktiv-software-inc-6475085
United States,"Application Results, Inc.",Ready,+1 216-702-1185,carl.mix@applicationresults.com,,191 Pine Ave,https://www.odoo.com/partners/application-results-inc-26556654
United States,Andertronics LLC,Ready,,,,,https://www.odoo.com/partners/andertronics-llc-21645012
United States,ALLNETWORKS USA,Ready,,,,,https://www.odoo.com/partners/allnetworks-usa-10341266
United States,AriMAx Group,Ready,,,,,https://www.odoo.com/partners/arimax-group-26061136
United States,AltiusERP,Ready,+1 801-201-2723,gm@altiuserp.com,https://altiuserp.com/,PO Box 242,https://www.odoo.com/partners/altiuserp-30778332
United States,Aria Systems,Ready,+1 212-714-1334,omar.r@ariasystems.biz,,"641 Lexington Avenue, 14th floor",https://www.odoo.com/partners/aria-systems-26850205
United States,AG Solutions,Ready,+1 907-322-7247,info@agsitak.com,https://www.agsitak.com/,911 W 8th Ave,https://www.odoo.com/partners/ag-solutions-22917142
United States,Arpana Consulting,Silver,+33 7 67 03 78 93 (WA),contact@arpana.io,http://arpana.io,30 N Gould St,https://www.odoo.com/partners/arpana-consulting-23702722
United States,Arklight Creative,Ready,+1 214-603-0342,john@arklightcreative.com,http://arklightcreative.com,4301 fryer st.,https://www.odoo.com/partners/arklight-creative-16162744
United States,Arrow,Ready,+1 925-334-1065,damian@arrowscan.com,http://www.arrowscan.com,2836 Lyon Cir,https://www.odoo.com/partners/arrow-25046180
United States,Ark Infotech,Ready,,,,,https://www.odoo.com/partners/ark-infotech-22742026
United States,AOF Engineering Systems,Ready,+1 4097610090,maha@aofenggsys.com,,1600 E Hwy 6 Ste 328,https://www.odoo.com/partners/aof-engineering-systems-7447971
United States,Asterdio Inc.,Ready,+1 719-330-3007,biplav@asterdio.com,https://asterdio.com/,2290 Jeanette Way,https://www.odoo.com/partners/asterdio-inc-24022599
United States,Atlantic BT,Ready,+1 919-694-4912,matt.lemke@atlanticbt.com,https://www.atlanticbt.com,4509 Creedmoor Rd.,https://www.odoo.com/partners/atlantic-bt-9718708
United States,Ascetic Business Solution - USA,Ready,+1 773 900 6830,contactus@asceticbs.com,https://www.asceticbs.com,"2358 Hassell Road, Suite L",https://www.odoo.com/partners/ascetic-business-solution-usa-4337977
United States,Ascent Digital LLC,Ready,,,,,https://www.odoo.com/partners/ascent-digital-llc-23423348
United States,"Badger, Sumrall & Co, CPAs",Ready,+1 540-364-4930,shawn@badgersumrall.com,https://www.badgersumrall.com,7410 Heritage Village PLZ Unit 101,https://www.odoo.com/partners/badger-sumrall-co-cpas-22444666
United States,Avalon Enterprise Technologies,Ready,+1 402-681-1127,ethan@avalonerp.com,https://www.aetech.solutions,809 Graham Dr,https://www.odoo.com/partners/avalon-enterprise-technologies-19994520
United States,BalancedPerformance Consulting LLC,Ready,,,,,https://www.odoo.com/partners/balancedperformance-consulting-llc-19830062
United States,Awetomat.io,Ready,+593 99 592 1344,info@odooconcept.com,http://odooconcept.com,8 The Green STE A,https://www.odoo.com/partners/awetomat-io-13701146
United States,Bay Forward LLC,Silver,+1 501 549 9613,info@bayforward.com,https://bayforward.com/us/,6135 Nw 167th St,https://www.odoo.com/partners/bay-forward-llc-22531546
United States,"Blade Doctors, LLC",Ready,+1 814-340-4541,info@bladedoctors.net,http://www.bladedoctors.net,4500 W 38TH St,https://www.odoo.com/partners/blade-doctors-llc-29364535
United States,Black Iron Group,Ready,2039849087,dan@blackirongroup.com,http://blackirongroup.com,857 Post Road,https://www.odoo.com/partners/black-iron-group-16436638
United States,BJIT Corp.,Ready,,,,,https://www.odoo.com/partners/bjit-corp-22560546
United States,Blue Stingray Digital Agency,Ready,+1 314-266-8097,odoo@bluestingray.com,,393 N Euclid Ave Suite 220-A,https://www.odoo.com/partners/blue-stingray-digital-agency-675685
United States,"BluIP, Inc.",Ready,+1 702-690-4400,zleyden@bluip.com,http://www.bluip.com,410 S Rampart Blvd Ste 460,https://www.odoo.com/partners/bluip-inc-31926553
United States,"Blue Streak Technologies, LLC",Ready,,,,,https://www.odoo.com/partners/blue-streak-technologies-llc-28706790
United States,Bista Solutions Inc.,Gold,,shahid.bandarkar@bistasolutions.com,http://www.bistasolutions.com/,3295 River Exchange Drive,https://www.odoo.com/partners/bista-solutions-inc-3994
United States,Blink IT Solutions,Ready,+1 786-608-3658,mauro.chemor@blink-srl.com,http://blink-srl.com,20900 NE 30th Av. 4th Floor,https://www.odoo.com/partners/blink-it-solutions-3842191
United States,Bluemax Partners,Ready,+1 214-534-2727,carcher@bluemaxpartners.com,https://www.bluemaxpartners.com,113 East Main Street,https://www.odoo.com/partners/bluemax-partners-11515713
United States,"Boston BizTech, Inc.",Ready,+1 304-629-7919,odoo_partner@bostonbiztech.com,https://www.bostonbiztech.com/,"935 Great Plain Ave, STE 195",https://www.odoo.com/partners/boston-biztech-inc-21236293
United States,BRJU InfoSec Inc,Ready,+17736782376,rakesh@brjuinfosec.com,http://brjuinfosec.com,129 Prairie Dr,https://www.odoo.com/partners/brju-infosec-inc-20956530
United States,Brainvire Infotech Inc.,Ready,+1 (631) 897-7276,odoolead@brainvire.com,https://www.brainvire.com/,"2201 W Royal Lane, Suite 110",https://www.odoo.com/partners/brainvire-infotech-inc-2046862
United States,Bluebird Cloud Consulting,Ready,+1 323-377-9731,geoff@blue-bird.cloud,https://www.blue-bird.cloud/,29500 Heathercliff Rd SPC 179,https://www.odoo.com/partners/bluebird-cloud-consulting-3842081
United States,Brapps,Ready,+1 ‪(801) 317-8498‬,info@brapps.dev,https://www.brapps.dev/,2791 N Buckskin Drive,https://www.odoo.com/partners/brapps-13347576
United States,Built to Excel,Ready,,,,,https://www.odoo.com/partners/built-to-excel-14282979
United States,Business Horizons Intelligence LLC,Ready,418-313-3354,patrick@xtranumerik.com,https://xtranumerik.ca/pages/fr/direction.html,"8 The Green, Ste B.",https://www.odoo.com/partners/business-horizons-intelligence-llc-31074924
United States,Callicity®,Ready,+1 330-961-0800,ematyac@callicity.com,http://callicity.com,100 N Loudoun Street,https://www.odoo.com/partners/callicity-17534449
United States,"BUSINESS SYSTEMS INTEGRATORS, INC.",Ready,+1 816-623-0900,larry.knoch@businesssysinteg.com,,815 Porter Ridge Rd,https://www.odoo.com/partners/business-systems-integrators-inc-7737989
United States,CData Software,Ready,(800) 235-7250 (within US) (919) 928-5214 (outside US),davidk@cdata.com,https://www.cdata.com/,101 Europa Dr. #110,https://www.odoo.com/partners/cdata-software-1964389
United States,"Business Infotech Solutions, Inc.",Ready,+1 954-931-7964,npatel@biz-infotech.com,https://www.biz-infotech.com/,10111 Northwest 24th Place,https://www.odoo.com/partners/business-infotech-solutions-inc-23617505
United States,Centrify Solutions,Ready,,,,,https://www.odoo.com/partners/centrify-solutions-24163285
United States,CFOTOOLS,Ready,,,,,https://www.odoo.com/partners/cfotools-16661492
United States,CFBS,Ready,+1 800-331-8382,info@cfbs-us.com,http://cfbs-us.com,3901 Arlington Highlands Blvd,https://www.odoo.com/partners/cfbs-11850573
United States,Ciranta IT Services Inc,Silver,+91 9840864990,info@cirantait.com,http://www.cirantait.com,12333 Sowden Rd Ste B PMB 45844 STE 230,https://www.odoo.com/partners/ciranta-it-services-inc-7697044
United States,"ClearAnalytics, L.L.C.",Ready,+1 312-450-5592,joel.vanderweele@clearanalytics.com,https://clearanalytics.com/,12333 S. 70th Avenue,https://www.odoo.com/partners/clearanalytics-l-l-c-10586804
United States,ClowdSource Inc.,Ready,,,,,https://www.odoo.com/partners/clowdsource-inc-27917258
United States,CertiPro Solutions,Ready,(323) 316-9777,sales@certipro.com,https://certipro.com/,206 N. Jackson St,https://www.odoo.com/partners/certipro-solutions-1487891
United States,Captivea USA,Gold,+1 407-993-6074,contactus@captivea.com,https://www.captivea.com,4031 Avalon Park East Blvd,https://www.odoo.com/partners/captivea-usa-1489395
United States,Copula Global,Ready,,,,,https://www.odoo.com/partners/copula-global-22699700
United States,Compdat,Ready,860-733-0165,sales@compdat.com,http://compdat.com,456 Birge Park Rd.,https://www.odoo.com/partners/compdat-10357242
United States,Commerce Pundit,Ready,,,,,https://www.odoo.com/partners/commerce-pundit-18608974
United States,Core Group Company LLC,Ready,+1 719-304-8288,sales@coregroupcompany.com,https://coregroupcompany.com/,545 3rd St,https://www.odoo.com/partners/core-group-company-llc-18834111
United States,Comstar USA,Ready,1-888-244-1292,odoo@comstarusa.com,http://comstarusa.com,1 Corporate Dr,https://www.odoo.com/partners/comstar-usa-867244
United States,Clear Cut Solution LLC,Ready,+1 646-480-6292,info@tecnation.co,,811 Elmont Rd,https://www.odoo.com/partners/clear-cut-solution-llc-26183120
United States,Daniel Street Group,Ready,+1 617-913-2497,sunny@danielstreet.com,https://www.danielstreet.com/,60 State St Ste 1400,https://www.odoo.com/partners/daniel-street-group-24409516
United States,Data Cloud Solutions,Ready,9018281659,jwill03@live.com,https://data-cloud-solutions.odoo.com/,9209 Speerberry Ln,https://www.odoo.com/partners/data-cloud-solutions-26977962
United States,DFW IT Partner LLC,Ready,+1-214-220-2179,sales@dfwitpartner.com,https://www.dfwitpartner.com/,5605 N Macarthur Blvd Ste 1000,https://www.odoo.com/partners/dfw-it-partner-llc-10956187
United States,Cudio Inc.,Gold,+1 800-604-9202,hi@cudio.com,http://www.cudio.com,6 Liberty Sq # 2537,https://www.odoo.com/partners/cudio-inc-12127425
United States,DewWow,Ready,+1 262-299-3525,ejbantz@dewwow.com,https://www.dewwow.com/service,1231 S Rochester St,https://www.odoo.com/partners/dewwow-27069372
United States,Connected Gateway Inc - USA,Ready,(888) 936-GATE | (888) 936-4283,info@connectedgateway.com,http://www.connectedgateway.com/,605 NORTH HIGH STREET #220,https://www.odoo.com/partners/connected-gateway-inc-usa-1136411
United States,Confianz Global Inc,Silver,1 704 215 4622,niles@confianzit.com,https://www.confianzit.com/,"5550 77 Center Drive, Suite 135",https://www.odoo.com/partners/confianz-global-inc-19493
United States,DHX Software,Ready,+1 844-522-2014,bruce@dhxsoftware.com,,2390 East Camelback Road Suite 130,https://www.odoo.com/partners/dhx-software-24843189
United States,DMC Strategic IT,Silver,(888) 362-3773,sales@dmcstrategicit.com,https://dmcstrategicit.com,8158 E. Apache Plumb Drive,https://www.odoo.com/partners/dmc-strategic-it-465088
United States,DirectProcessingNetwork Inc,Ready,,,,,https://www.odoo.com/partners/directprocessingnetwork-inc-28016069
United States,"ASP Global Technologies, LL",Ready,+1 954-666-2366,kmatthews@aspglobal-us.com,https://www.aspglobal-us.com/,"1825 NW Corporate Blvd, Suite 110",https://www.odoo.com/partners/asp-global-technologies-ll-7579693
United States,DOMAX COMPANY L.L.C.,Ready,,,,,https://www.odoo.com/partners/domax-company-l-l-c-28168226
United States,doctordiesel,Ready,6178009985,elkin@doctordiesel.org,http://www.doctordiesel.org,2432B 3rd St.,https://www.odoo.com/partners/doctordiesel-16290190
United States,Driscoll Associates,Ready,,,,,https://www.odoo.com/partners/driscoll-associates-21734531
United States,DOALIGN LLC,Ready,+1 346-599-2699,hrostran@doalign.net,https://www.doalign.net,2606 Stanford St,https://www.odoo.com/partners/doalign-llc-27027822
United States,Dome Software Incorporated,Ready,+1 325-513-3702,howdy@dome.software,https://dome.software,1018 N 5th St Suite 7,https://www.odoo.com/partners/dome-software-incorporated-15039440
United States,Dynamic Enterprise Technologies Inc,Ready,2064557975,info@dynenttech.com,https://www.dynenttech.com/,33530 1st Way S,https://www.odoo.com/partners/dynamic-enterprise-technologies-inc-15366239
United States,Dymaxel Systems LLC,Ready,+1 786-829-2109,sales@dymaxel.com,https://www.dymaxel.com/,16192 Coastal Highway,https://www.odoo.com/partners/dymaxel-systems-llc-1776487
United States,DimeSoft Business Solutions Inc,Ready,+1 (858) 405-8682,bdimes@dimesoftinc.com,,1440 Beaumont Ave Ste A2379,https://www.odoo.com/partners/dimesoft-business-solutions-inc-7597273
United States,"eBusiness Solutions, Inc.",Ready,,,,,https://www.odoo.com/partners/ebusiness-solutions-inc-26831414
United States,Elevated Business Consulting Corp,Ready,+1 562-500-6640,Andrew@elevatedbusiness.consulting,https://www.elevatedbusiness.consulting/,16691 Noyes Ave,https://www.odoo.com/partners/elevated-business-consulting-corp-24591401
United States,Dream Mountain Services,Silver,(801) 770-4869,sales@dreammtn.services,http://dreammtn.services,1717 Blacksmith CT,https://www.odoo.com/partners/dream-mountain-services-4544784
United States,Edgeware,Ready,+1 404-434-7594,derekj@edgeware.net,https://www.edgeware.net/,"1640 Powers Ferry Road Building 3, Suite 300",https://www.odoo.com/partners/edgeware-30945100
United States,e-BizSoft,Ready,+1 954-272-0500,odoo@e-bizsoft.com,http://e-bizsoft.com,"12525 Orange Drive, Suite 711",https://www.odoo.com/partners/e-bizsoft-4079218
United States,Electronic Transaction Consultants LLC,Ready,+1 214-615-2302,vbajjuri@quarterhill.com,http://etcc.com/,5844 John Hickman Pkwy Ste 125,https://www.odoo.com/partners/electronic-transaction-consultants-llc-5468591
United States,Element Five Solutions Inc,Ready,+1 678-428-3025,ap@e5sol.com,https://www.e5sol.com/,14109 55th Ave N,https://www.odoo.com/partners/element-five-solutions-inc-7385777
United States,Effikacious,Ready,,,,,https://www.odoo.com/partners/effikacious-10190236
United States,EBizCharge,Ready,+1 949-266-6819,tj@ebizcharge.com,https://ebizcharge.com/,20 Pacifica #1450,https://www.odoo.com/partners/ebizcharge-8177772
United States,Elixir Global,Ready,+1 678-784-4155,harish.choudhary@elixirglobal.com,https://elixirglobal.com/,11800 Amberpark Dr,https://www.odoo.com/partners/elixir-global-17745121
United States,EOS Consulting Corp.,Ready,,,,,https://www.odoo.com/partners/eos-consulting-corp-25776579
United States,Engipartners,Ready,+1 786-393-4740,rgonzalez@engipartners.com,https://www.engipartners.com,255 Giralda Ave 5th Street,https://www.odoo.com/partners/engipartners-9109142
United States,Flatiron Networks,Ready,+1 720-722-4766,rob@flatironnetworks.com,https://www.flatironnetworks.com/,390 Interlocken Crescent Suite 350,https://www.odoo.com/partners/flatiron-networks-15301655
United States,Fonisoft Technologies LLC,Ready,+12488205313,tapan@fonisoft.com,https://fonisoft.com/,38195 Executive Dr N,https://www.odoo.com/partners/fonisoft-technologies-llc-19582025
United States,Glorium Technologies,Ready,+1 848-218-1477,contact@gloriumtech.com,https://gloriumtech.com/odoo-implementation-services/,"1201 Fannin Street, Suite 262",https://www.odoo.com/partners/glorium-technologies-24600049
United States,GovIT,Ready,5627081996,Amin@govit.ai,,10820 Beverly Boulevard Suite A5,https://www.odoo.com/partners/govit-16188330
United States,Gray Matter Logic,Gold,+1 855-877-2377,Contact@graymatterlogic.com,http://www.graymatterlogic.com,825 E Warner Rd.,https://www.odoo.com/partners/gray-matter-logic-1288477
United States,Guru Technologies,Ready,,,,,https://www.odoo.com/partners/guru-technologies-21602712
United States,Hamdek,Ready,,,,,https://www.odoo.com/partners/hamdek-25730256
United States,Ethos Business Solutions,Ready,,,,,https://www.odoo.com/partners/ethos-business-solutions-15484046
United States,ERPGAP / PROMPTEQUATION,Ready,+1 267-800-7788,info@erpgap.com,http://www.erpgap.com,ERPGAP / PROMPTEQUATION,https://www.odoo.com/partners/erpgap-promptequation-10803127
United States,Harris Digital,Ready,,,,,https://www.odoo.com/partners/harris-digital-10498266
United States,First Line Software,Ready,,,,,https://www.odoo.com/partners/first-line-software-7583334
United States,FML,Ready,,,,,https://www.odoo.com/partners/fml-23614838
United States,ERPIZO LLC,Ready,+1 940-465-3221,easy@erpizo.com,,5721 Knox Drive,https://www.odoo.com/partners/erpizo-llc-13247808
United States,GINNIEWORKS INC,Ready,+1 510-993-7246,contact@ginnieworks.com,,3310 Willow Fin Way,https://www.odoo.com/partners/ginnieworks-inc-21538184
United States,Full Commerce Solutions,Ready,+1 913-706-7239,kimd@fcs-pays.com,https://www.fcs-pays.com/,15515 W 139th St,https://www.odoo.com/partners/full-commerce-solutions-12038534
United States,Healthy and Wealthy Movement Inc,Ready,+1 650-867-7627,ravi.pathak@finfitlife.com,https://www.finfitlife.com/,171 Branham Ln Ste 10,https://www.odoo.com/partners/healthy-and-wealthy-movement-inc-29474568
United States,Gambit Engine LLC,Ready,+1 952-222-7983,inquiries@gambitengine.com,https://www.gambitengine.com/,12805 Hwy 55,https://www.odoo.com/partners/gambit-engine-llc-22444830
United States,GFP Solutions,Ready,(628) 215-0082,jose@gfpsolutions.com,,995 Market St. 2nd Floor,https://www.odoo.com/partners/gfp-solutions-1321850
United States,"Hill Management Group, LLC",Ready,+1 312-239-8820,andrea.hill@strategywerx.com,https://hill-management.com/,1 E Erie St Ste 5252036,https://www.odoo.com/partners/hill-management-group-llc-13205866
United States,Hycentra,Ready,+1 949-818-8528,contact@hycentra.com,https://www.hycentra.com,530 Technology Dr Ste 100,https://www.odoo.com/partners/hycentra-15611400
United States,Honeycomb Systems,Ready,,,,,https://www.odoo.com/partners/honeycomb-systems-27814084
United States,"Harrison Consulting, LLC",Ready,+1 574-564-6338,matt@harrison.consulting,https://www.harrison.consulting/,668 Kilbourn St,https://www.odoo.com/partners/harrison-consulting-llc-2068756
United States,"Implement Inventory LLC, dba Andrew The Expert",Ready,,,,,https://www.odoo.com/partners/implement-inventory-llc-dba-andrew-the-expert-27622027
United States,i8CLOUD,Ready,,contact@i8cloudconsulting.com,,,https://www.odoo.com/partners/i8cloud-13090796
United States,Inners Creek LLC,Ready,,,,,https://www.odoo.com/partners/inners-creek-llc-16341664
United States,Incipient Corp,Ready,+1 845-392-2530,luisv@incipientcorp.com,http://incipientcorp.com,"71 Union Ave, Suite 109",https://www.odoo.com/partners/incipient-corp-7181861
United States,Hibou Corp.,Ready,206-800-7778,kaylie@hibou.io,https://hibou.io/,900 Oakhill Road,https://www.odoo.com/partners/hibou-corp-734837
United States,Indelible,Ready,+1 503-444-9070,info@indelible.global,http://indelible.global,1041 N Dupont Hwy,https://www.odoo.com/partners/indelible-17742830
United States,Innovaic LLC,Ready,612-562-8112‬,info@innovaic.com,https://www.innovaic.com/,10624 Upton Ave S,https://www.odoo.com/partners/innovaic-llc-12994138
United States,JohnQCPA,Ready,,,,,https://www.odoo.com/partners/johnqcpa-27576901
United States,InSphere Consulting,Ready,+1 312-203-6834,april@insphereconsulting.com,http://april@insphereconsulting.com,4132 Freesia Dr,https://www.odoo.com/partners/insphere-consulting-10566709
United States,Kelionz,Ready,,,,,https://www.odoo.com/partners/kelionz-19331058
United States,Intrepid Software Solutions,Ready,+1 832-425-1503,sales@intrepidss.com,http://intrepidss.com,2834 Love Ln,https://www.odoo.com/partners/intrepid-software-solutions-15174418
United States,Junious Digital Labs,Ready,,,,,https://www.odoo.com/partners/junious-digital-labs-24661130
United States,Index World LLC,Ready,+1 (302) 520-2225,sales@indexworld.net,https://indexworld.net/,"896-S State St, Unit #417",https://www.odoo.com/partners/index-world-llc-23192027
United States,"Integrated Data Technology, Inc.",Ready,,,,,https://www.odoo.com/partners/integrated-data-technology-inc-2229430
United States,Knowlix®,Ready,+49 177 5641109,info@knowlix.ai,,50 Church St.,https://www.odoo.com/partners/knowlix-27571855
United States,KSOM AI Solutions Inc,Ready,,,,,https://www.odoo.com/partners/ksom-ai-solutions-inc-19915513
United States,Lighthouse IT Solutions,Ready,+1 419-740-0825,matta@lighthousesol.com,https://www.lighthousesol.com,349 1/2 Rice St,https://www.odoo.com/partners/lighthouse-it-solutions-12725819
United States,Lubreno,Ready,,,,,https://www.odoo.com/partners/lubreno-29361396
United States,Litedoo,Silver,+52 55 4716 8320,ander.turcaba@gmail.com,https://www.litedoo.com/,41 E 11th St Fl 11,https://www.odoo.com/partners/litedoo-15391272
United States,"Mederio Group, LLC",Ready,,,,,https://www.odoo.com/partners/mederio-group-llc-17288249
United States,MEDHTECH LLC,Ready,+1 205-901-9147,Dharmesh.vora@medhtech.com,http://www.medhtech.com,498 Forest Lakes Dr,https://www.odoo.com/partners/medhtech-llc-22528819
United States,MCEE Business Solutions US,Ready,+1 651-364-7479,info@mceesolutions.com,https://www.mceesolutions.com/,10616 KYLE AVE N,https://www.odoo.com/partners/mcee-business-solutions-us-14546151
United States,Kash Tech LLC,Ready,+1 847-445-3064,Kamesh@Kashtechllc.com,http://www.kashtechllc.com,250 International Pkwy,https://www.odoo.com/partners/kash-tech-llc-23963510
United States,MMY Automotive Business Solutions,Ready,+1 813-767-3201,info@mmyauto.net,http://mmyauto.net,4601 River Close blvd,https://www.odoo.com/partners/mmy-automotive-business-solutions-7605796
United States,Modoolar LLC,Ready,+381 60 0110213,igor@modoolar.com,https://www.modoolar.com/,8 The Green St,https://www.odoo.com/partners/modoolar-llc-20782918
United States,KGREEF CONSULTING LLC,Ready,+1 720-254-1320,ibrahimaa88@gmail.com,,8114 Lockridge Terrace Ln,https://www.odoo.com/partners/kgreef-consulting-llc-30385823
United States,"Klouded, LLC",Ready,,,,,https://www.odoo.com/partners/klouded-llc-24530348
United States,MSQUARE Technologies INC,Ready,+1 860-995-7906,arun@msquaretechnology.com,https://www.msquaretechnology.com/,101 Lindenwood Dr Ste 225,https://www.odoo.com/partners/msquare-technologies-inc-17989739
United States,Nada Systems Inc,Ready,,,,,https://www.odoo.com/partners/nada-systems-inc-19206308
United States,Mtech Solutions LLC,Ready,+1 7177406715,Info@MtechSolutionsLLC.com,https://mtechsolutionsllc.com/,350 Rexmont Rd,https://www.odoo.com/partners/mtech-solutions-llc-11000670
United States,KoshaTex LLC,Ready,+1 281-658-6629,cpatolia@koshatex.com,https://www.antlerwing.com/,2101 Enchanted Rock way,https://www.odoo.com/partners/koshatex-llc-17188675
United States,Nalios US Inc,Ready,,,,,https://www.odoo.com/partners/nalios-us-inc-24153865
United States,Korecent Inc,Ready,+1 415-965-7509,sales@korecent.com,https://korecent.com/homepage,"8 The Green, STE A",https://www.odoo.com/partners/korecent-inc-23884672
United States,Namo Cloud Solutions,Ready,,,,,https://www.odoo.com/partners/namo-cloud-solutions-18719517
United States,Lemmanet LLC,Ready,+1 201-509-6735,sales@lemmanet.com,https://www.lemmanet.com/,200 Harrison St,https://www.odoo.com/partners/lemmanet-llc-30473406
United States,N Squared Partners,Ready,+1 404-405-2114,krutin@nsquaredpartners.com,http://nsquaredpartners.com,110 Cottage Pl,https://www.odoo.com/partners/n-squared-partners-29776100
United States,Ksolves IT USA Inc.,Ready,+1 646-203-1075,odoo.us@ksolves.com,http://ksolves.com,30 N Gould St Ste R,https://www.odoo.com/partners/ksolves-it-usa-inc-24820784
United States,Nexus ERP Solutions LLC,Ready,,,,,https://www.odoo.com/partners/nexus-erp-solutions-llc-15064627
United States,NC Automation,Silver,,,,,https://www.odoo.com/partners/nc-automation-17348456
United States,NAVDNA,Ready,+1 303-808-9419,perryw@navdna.com,https://navdna.com/,1600 E 8th Ave A200,https://www.odoo.com/partners/navdna-23338233
United States,Navabrind IT Solution Pvt,Ready,4086666529,sales@navabrindit.com,https://navabrindsol.com/us/,5900 Balcones Drive,https://www.odoo.com/partners/navabrind-it-solution-pvt-12403845
United States,NOETICS,Silver,+19404653221,Mark@noeticerp.com,https://www.noeticerp.com/,5721 Knox Dr,https://www.odoo.com/partners/noetics-11602788
United States,"Nimetrix, Inc",Ready,+1 754 248 0640,jenni.giusti@nimetrix.us,http://www.nimetrix.us,1605 Veracruz Ln,https://www.odoo.com/partners/nimetrix-inc-1968030
United States,NovoAuxilia,Ready,+1 520-413-8812,contact@novoauxilia.com,http://novoauxilia.com,9095 E Tanque Verde,https://www.odoo.com/partners/novoauxilia-18653542
United States,O2B Technologies,Ready,+1 7372261424,sales@o2btechnologies.com,https://www.o2btechnologies.com/,11801 Domain Blvd 3rd floor,https://www.odoo.com/partners/o2b-technologies-1842223
United States,LeadMaster Operating Company,Ready,+17706411162,support@leadmastercrm.com,https://leadmaster.com/,885 Woodstock Rd,https://www.odoo.com/partners/leadmaster-operating-company-6356779
United States,Octura Solutions,Ready,+1 (325) 455 8527,info@octurasolutions.com,,30 N Gould St Ste R,https://www.odoo.com/partners/octura-solutions-21959839
United States,Ontash,Ready,+1 201-295-0152,mike@ontash.net,http://ontash.net,"370 W Passaic St, 1st Flr.",https://www.odoo.com/partners/ontash-1093549
United States,Oneattain,Ready,+1 408-310-2248,sales@oneattain.com,https://www.oneattain.com/,4425 W Airport Fwy Ste 530,https://www.odoo.com/partners/oneattain-24631038
United States,OBS Solutions Inc.,Silver,+1 617-488-8661,usa@obs-solutions.com,http://www.obs-solutions.com,"128 South Tryon Street, Suite 1900",https://www.odoo.com/partners/obs-solutions-inc-3592202
United States,Onward Solutions,Ready,,,,,https://www.odoo.com/partners/onward-solutions-24536304
United States,Orchestral Systems LLC,Ready,+1 720-592-5230,info@orchestralsystem.com,,332 Sausalito Blvd,https://www.odoo.com/partners/orchestral-systems-llc-31278805
United States,Novobi,Gold,(512) 580-5667,odoo@novobi.com,https://erp.novobi.com/usa,8911 N Capital Of Texas Hwy Ste 4200,https://www.odoo.com/partners/novobi-481144
United States,OYBI,Silver,+1 231-239-6573,brian@oybi.com,http://www.oybi.com,210 S James St,https://www.odoo.com/partners/oybi-8398241
United States,PARA Business Systems,Ready,+1 602-397-8523,fcalero@paraconsulting.co,https://www.paraconsulting.co/,16439 W Buchanan St,https://www.odoo.com/partners/para-business-systems-18231097
United States,Pierpoint International,Ready,,,,,https://www.odoo.com/partners/pierpoint-international-24608507
United States,Paive LLC,Ready,+1 408-644-2055,prem@paive.net,http://paive.net/,91 Country Club Dr,https://www.odoo.com/partners/paive-llc-23316539
United States,Phenom Enterprise Cloud LLC,Ready,,,,,https://www.odoo.com/partners/phenom-enterprise-cloud-llc-23497675
United States,Praxis IT Company Inc,Ready,+52 5543654358,r.salgado@praxisglobe.com,https://usa.praxisglobe.com/,400 Las Colinas Blvd E Ste 210,https://www.odoo.com/partners/praxis-it-company-inc-18704071
United States,Phynyx Consulting,Ready,,,,,https://www.odoo.com/partners/phynyx-consulting-17189432
United States,PIT Solutions,Ready,+1 425-205-3488,faustin.desouza@pitsolutions.com,https://www.pitsolutions.com/,2018 156th Ave Ne Ste 100,https://www.odoo.com/partners/pit-solutions-30499535
United States,"Propensic Solutions, LLC",Ready,+1 813-330-0677,sales@propensic.com,http://www.propensic.com,1314 Harbour Blue St,https://www.odoo.com/partners/propensic-solutions-llc-23496720
United States,"PVT Software and Services, LLC",Ready,,,,,https://www.odoo.com/partners/pvt-software-and-services-llc-28847707
United States,"PROMDI, LLC",Ready,,carlosfmayo@promdi.mx,https://www.promdi.mx,16526 Park Road Street,https://www.odoo.com/partners/promdi-llc-10245536
United States,Proxigee Services,Ready,,,,,https://www.odoo.com/partners/proxigee-services-29228111
United States,Powdr Solutions,Ready,,,,,https://www.odoo.com/partners/powdr-solutions-24686555
United States,NSquare Consulting Inc,Ready,2019160013,projects@nsquaresolution.com,http://www.nsquaresolution.com,4500 Salisbury Rd Ste 507,https://www.odoo.com/partners/nsquare-consulting-inc-15289693
United States,Quaint Business Solutions,Ready,+1 517-899-1859,elizabeth.miller@quaintbusiness.com,https://www.quaintbusiness.com/,5758 N Williamston Rd,https://www.odoo.com/partners/quaint-business-solutions-29423859
United States,Quanam,Ready,+1 347-708-0395,Odoo@quanam.com,https://quanam.com/nuestra-experiencia-en-odoo/,1250 Broadway,https://www.odoo.com/partners/quanam-11972520
United States,QOC Innovations,Gold,+1 608-218-4006,info@qocinnovations.com,https://www.qocinnovations.com/,270 Commerce Drive,https://www.odoo.com/partners/qoc-innovations-3165929
United States,ODDIYANA CONSULTING LLC,Ready,,,,,https://www.odoo.com/partners/oddiyana-consulting-llc-27853016
United States,Octagotech Private Limited,Ready,+19172549416,parth@octagotech.com,http://octagotech.com,135 Madison Ave,https://www.odoo.com/partners/octagotech-private-limited-23496971
United States,RefinedLogix,Ready,+1 615-880-9800,bob.cundiff@refinedlogix.com,https://refinedlogix.com/,214 Overlook Circle,https://www.odoo.com/partners/refinedlogix-10904985
United States,Red Lab Media,Ready,412-755-1001,sales@redlabmedia.com,http://www.redlabmedia.com,110 Timberwood Drive,https://www.odoo.com/partners/red-lab-media-1252700
United States,Reach Concept,Silver,+1 571-470-1994,info@reachconcept.com,https://reachconcept.com,14000 Thunderbolt Pl,https://www.odoo.com/partners/reach-concept-1759763
United States,"Rockwell Consults, PLM Specialists",Ready,,,,,https://www.odoo.com/partners/rockwell-consults-plm-specialists-28848144
United States,Quest America Inc.,Ready,+1 408-910-8161,melo@questam.com,https://www.questam.com/,"84 W. Santa Clara St., Suite 700",https://www.odoo.com/partners/quest-america-inc-24627123
United States,RubikX,Ready,,,,,https://www.odoo.com/partners/rubikx-21192831
United States,Rubi Works LLC,Ready,+1 833-421-0421,odoo@rubi.works,https://www.rubi.works/,1321 Upland Dr Pmb 18528,https://www.odoo.com/partners/rubi-works-llc-3745972
United States,"S4 Solutions, LLC",Silver,+1 213-200-9238,jason@sfour.io,http://www.sfour.io,8022 Joe Rodgers Ct,https://www.odoo.com/partners/s4-solutions-llc-1918117
United States,Rooteam,Silver,718.303.9567,odoo@rooteam.net,http://rooteam.com,1449 37th St,https://www.odoo.com/partners/rooteam-1894890
United States,Sakya Tech LLC,Ready,,sales@sakya.co,https://www.sakya.co/en_US/,12600 Hill Country Blvd (Ste-130),https://www.odoo.com/partners/sakya-tech-llc-7146124
United States,SalesPipePro Inc.,Ready,+1 561-830-3304,sergey@salespipepro.com,https://salespipepro.com/,23247 Calvert St,https://www.odoo.com/partners/salespipepro-inc-6902888
United States,SANVI LLC,Ready,+1 313-645-5643,sanjay@sanvillctech.com,https://www.sanvillctech.com/#,6 Hollow Ridge Rd,https://www.odoo.com/partners/sanvi-llc-27691891
United States,SDLC Corp,Ready,+91 78601 42652,sujeet@sdlccorp.com,https://sdlccorp.com,44 Montgomery St Ste 300,https://www.odoo.com/partners/sdlc-corp-14881963
United States,Seer Business Systems,Ready,651-354-6071,keith.mikel@seerbusinesssystems.com,https://www.seerbusinesssystems.com/,2530 Madison St NE,https://www.odoo.com/partners/seer-business-systems-7364833
United States,"Sierra 510 Solutions, LLC",Ready,+1 608-616-0850,info@sierra510solutions.com,,W10808 E Harmony Dr,https://www.odoo.com/partners/sierra-510-solutions-llc-20559492
United States,Silver Touch Technologies INC,Silver,,,,,https://www.odoo.com/partners/silver-touch-technologies-inc-11542461
United States,Silent Infotech Inc.,Ready,+1 817-601-7574,jignesh@silentinfotech.com,,259 BERGER ST,https://www.odoo.com/partners/silent-infotech-inc-2967038
United States,Simply Activate,Ready,,,,,https://www.odoo.com/partners/simply-activate-19024174
United States,Silverdale Technology LLC,Silver,+1 800-707-9117,hello@silverdale.us,https://www.silverdale.us/,3569 NW Lowell St,https://www.odoo.com/partners/silverdale-technology-llc-2069958
United States,SimplyPut,Ready,,,,,https://www.odoo.com/partners/simplyput-28086493
United States,SelfERP Inc.,Ready,+1 (239) 416-7150,vt@self-erp.com,https://www.selferp.pro/,6900 Daniels Pkwy 29-112,https://www.odoo.com/partners/selferp-inc-17079845
United States,Odoonex LLC,Ready,,,,,https://www.odoo.com/partners/odoonex-llc-22726292
United States,Red Barn Technology & Creative Group,Ready,+1 800-796-8809,Jlayish@thinkredbarn.com,http://www.thinkredbarn.com,37 Pine St,https://www.odoo.com/partners/red-barn-technology-creative-group-11265921
United States,One2Many LLC,Silver,+1 726-200-3914,expect.different@one2many.ai,https://www.one2many.ai/implement-odoo,334 N Park Dr,https://www.odoo.com/partners/one2many-llc-18932663
United States,SIMS Consulting Group,Ready,+3109409412,sherrie.simmons@sims.consulting,https://simmssolutions.com/,1729 CHELSEA RD,https://www.odoo.com/partners/sims-consulting-group-5003298
United States,Sivility Solutions,Ready,+1 415-900-8111,keynon@sivility.com,https://sivility.com/,26060 Acero,https://www.odoo.com/partners/sivility-solutions-6996820
United States,"Real People Network, LLC",Ready,,,,,https://www.odoo.com/partners/real-people-network-llc-26266107
United States,"Restyn, Inc",Ready,1-410-891-1686,sales@restyn.com,https://restyn.com/,"300 Red Brook Blvd, Suite 220",https://www.odoo.com/partners/restyn-inc-1666707
United States,Software4.net,Ready,,,,,https://www.odoo.com/partners/software4-net-29735338
United States,Rminds,Ready,+1 901-581-0615,sudhak@rminds.com,http://www.rminds.com,3900 S Stonebridge Dr Ste 802,https://www.odoo.com/partners/rminds-1173070
United States,Striglia AI,Ready,+1 835-212-8621,anthony@striglia.ai,,559 College Garden Dr.,https://www.odoo.com/partners/striglia-ai-31216014
United States,Suresby,Ready,+1 949-300-0946,shahram@suresby.net,http://suresby.net,23615 El Toro Rd # X154,https://www.odoo.com/partners/suresby-17532050
United States,SmartTek Solutions Inc.,Silver,+1 512 850-1899,yuriy.nayda@smarttek.solutions,https://smarttek.solutions/,910 Cherry Street,https://www.odoo.com/partners/smarttek-solutions-inc-20076790
United States,SproutlyERP,Ready,+1 404-434-6968,angela@sproutlyerp.com,https://sproutlyerp.com/,115 East Main Street,https://www.odoo.com/partners/sproutlyerp-19898748
United States,SuiteSync Consulting LLC,Ready,,,,,https://www.odoo.com/partners/suitesync-consulting-llc-27434902
United States,"Symplicity Communications, Inc.",Ready,,,,,https://www.odoo.com/partners/symplicity-communications-inc-23660797
United States,SURJCOM LLC,Ready,+1 732-443-6676,contact@surjcom.com,https://www.surjcom.com/,216 Cedar Ave,https://www.odoo.com/partners/surjcom-llc-22509276
United States,SystemsX,Ready,+1 325-315-6400,ruberto.sanchez@systemsx.io,,Crestmont,https://www.odoo.com/partners/systemsx-19833516
United States,Target Integration Inc.,Ready,+1 254-845-5684,us@targetintegration.com,https://targetintegration.com/,600 N Broad St Ste 5 # 3593,https://www.odoo.com/partners/target-integration-inc-8015933
United States,"Systems Services, Inc.",Silver,2257691979,info@ssibtr.com,https://www.ssibtr.com/,6554 Florida Blvd,https://www.odoo.com/partners/systems-services-inc-2038095
United States,Team Gears INC,Ready,,,,,https://www.odoo.com/partners/team-gears-inc-15083062
United States,Tech Craft Innovations,Ready,+1 845-502-8324,odoo@techcraftinnovations.com,https://www.techcraftinnovations.com/,491 NY-208,https://www.odoo.com/partners/tech-craft-innovations-14385969
United States,TECH SUPPORT ONE LLC,Ready,,,,,https://www.odoo.com/partners/tech-support-one-llc-24365648
United States,Talus ERP,Silver,+1 (470) 524-0911,info@taluserp.com,http://www.taluserp.com,321 Pebble Trl,https://www.odoo.com/partners/talus-erp-2797963
United States,Techbackers IT Solutions LLC,Ready,,,,,https://www.odoo.com/partners/techbackers-it-solutions-llc-21193215
United States,TechYouKnow,Ready,,,,,https://www.odoo.com/partners/techyouknow-16435082
United States,Techphronesis LLC,Ready,+1 267-774-6366,khan@techphronesis.com,https://www.techphronesis.com/,104 Brentwood Ct,https://www.odoo.com/partners/techphronesis-llc-23273420
United States,Tekgenio,Silver,+1 443-228-8334,siva.prasad@solutionstreams.com,https://tekgenio.com,5322 High Gate Dr,https://www.odoo.com/partners/tekgenio-11262147
United States,TIJDIG Consultants LLC,Ready,,,,,https://www.odoo.com/partners/tijdig-consultants-llc-27313951
United States,TheNex Inc.,Ready,+1 408-784-9155,contact@thenexinc.com,,16868 Via Del Campo Ct,https://www.odoo.com/partners/thenex-inc-22131723
United States,TND Technology Group Inc,Ready,+1 317 203 0244,info@tndtechnologygroup.com,https://www.tndtechnologygroup.com,3815 River Crossing Parkway Suite 100,https://www.odoo.com/partners/tnd-technology-group-inc-119146
United States,Tingen Consulting LLC,Ready,+1 804-503-8343,jacob@tingen.co,,"1503 Santa Rosa Road, Suite 120",https://www.odoo.com/partners/tingen-consulting-llc-16774462
United States,Total Profit Management,Ready,,,,,https://www.odoo.com/partners/total-profit-management-24537496
United States,Traction Consulting Group,Ready,248-327-4804,sales@tractioncrm.com,http://tractioncrm.com,"41430 Grand River Ave, Suite D",https://www.odoo.com/partners/traction-consulting-group-1738774
United States,SMOOTH TECH SOLUTIONS,Ready,,,,,https://www.odoo.com/partners/smooth-tech-solutions-21253918
United States,Vertrex,Ready,,,,,https://www.odoo.com/partners/vertrex-23776317
United States,WADIC,Silver,(877) 358 5745,sales@wadic.net,https://www.odoopartners.io/,"110, 16th street mall, 14th floor",https://www.odoo.com/partners/wadic-8296702
United States,Webisoft LLC,Ready,,sales@webisoft.info,,333 SE 2nd Ave,https://www.odoo.com/partners/webisoft-llc-24551607
United States,"Weiland, Inc.",Ready,+1 402-454-2106 ext. 125,jason@weilanddoors.com,https://weilanddoors.com/,806 W South Airport Rd,https://www.odoo.com/partners/weiland-inc-4009017
United States,Trajectory Global Services Inc.,Ready,+1 416-454-8032,vlad.olano@trajectoryinc.com,https://trajectoryinc.com/,"5473 Blair Rd. Suite 100, PMB 90706",https://www.odoo.com/partners/trajectory-global-services-inc-24554340
United States,Vera Business Solutions LLC,Ready,,,,,https://www.odoo.com/partners/vera-business-solutions-llc-30096174
United States,Socius Innovative Global Brains LLC,Ready,+1(734)356-1081,swalker@sociusus.com,http://www.sociusus.com,2500 Packard St,https://www.odoo.com/partners/socius-innovative-global-brains-llc-5258440
United States,WIB Technologies Inc.,Ready,+1 817-946-0013,info@wibtec.com,http://www.wibtec.com/,2001 Timber Creek suite 108,https://www.odoo.com/partners/wib-technologies-inc-1076819
United States,UniLink Group,Ready,,frank@unilinkgroup.com,,,https://www.odoo.com/partners/unilink-group-27918500
United States,"Sodexis, Inc.",Silver,1-833-SODEXIS (763-3947),info@sodexis.com,http://www.sodexis.com,1317 Edgewater Dr #4692,https://www.odoo.com/partners/sodexis-inc-22634
United States,Steersman Company,Ready,+1-312-468-3077,contact@steersman.works,http://www.steersman.works/,770 Lake Cook Rd Ste 350,https://www.odoo.com/partners/steersman-company-776362
United States,Stratosync,Ready,,,,,https://www.odoo.com/partners/stratosync-29889478
United States,Worth IT Consulting LLC,Ready,,,,,https://www.odoo.com/partners/worth-it-consulting-llc-20042749
United States,Winston Solutions,Ready,+1 702-326-4346,admin@winstonsoln.com,,10437 Double R Blvd,https://www.odoo.com/partners/winston-solutions-23851010
United States,XCODESEEKER LLC USA,Ready,,,,,https://www.odoo.com/partners/xcodeseeker-llc-usa-16698884
United States,Wispy Cloud Solutions Inc.,Ready,+1 302-208-7136,info@wispycloud.io,https://wispycloud.io/,800 N King St Ste 304,https://www.odoo.com/partners/wispy-cloud-solutions-inc-24384917
United States,YDR Soluciones LLC,Ready,+1 305-490-6123,info@ydrsoluciones.com,https://ydrsoluciones.com/,9407 FONTAINEBLEAU BLVD,https://www.odoo.com/partners/ydr-soluciones-llc-26976703
United States,William R Thompson,Ready,+1 843-725-9489,wthompson@p2solutions.io,https://www.p2solutions.io/,517 King Charles Cir,https://www.odoo.com/partners/william-r-thompson-23921319
United States,"Yellow Basket, LLC",Ready,+1 281-895-3739,odoosupport@yellowbasket.io,http://yellowbasket.io,118 Vintage Park Blvd,https://www.odoo.com/partners/yellow-basket-llc-13258817
United States,VivsCloud Inc,Ready,650-366-6457,info@vivscloud.com,http://www.vivscloud.com,2819 Hopkins Ave,https://www.odoo.com/partners/vivscloud-inc-13071103
United States,VentorTech LLC,Ready,+1 305 404 28 43,sales-usa@ventor.tech,https://ventor.tech/,1032 E BRANDON BLVD #4141,https://www.odoo.com/partners/ventortech-llc-14748258
United States,Zehntech Technologies Inc.,Ready,,odoo-support@zehntech.com,,,https://www.odoo.com/partners/zehntech-technologies-inc-11967421
United States,Zen Business Services,Ready,,,,,https://www.odoo.com/partners/zen-business-services-24165482
Uruguay,DESBA SAS,Ready,,,,,https://www.odoo.com/partners/desba-sas-12771090
Uruguay,DATATRES SAS,Ready,,,,,https://www.odoo.com/partners/datatres-sas-20506853
Uruguay,Consultores del Este,Ready,+598 92 311 015,info@consultoresdeleste.com.uy,,Av. Roosevelt 20100 (Parada 7),https://www.odoo.com/partners/consultores-del-este-25520579
Uruguay,ATEL S.A.,Silver,+598 29022118,luis.santamarina@quanam.com,http://www.quanam.com/home/index.php,"Canelones 1370 Piso 5, CP: 11400",https://www.odoo.com/partners/atel-s-a-196602
Uruguay,CBT S.A.S,Ready,+598 99 680 538,info@cbt.uy,http://cbt.uy,Puntas de Santiago 1694,https://www.odoo.com/partners/cbt-s-a-s-22782891
Uruguay,Acceleanation,Ready,+598 98 543 819,info@acln.it,http://acln.it,Berro 803 ap 501,https://www.odoo.com/partners/acceleanation-6190096
Uruguay,Adhoc - Smart Business Solutions ✅,Ready,+5493415122208,contacto@adhoc.inc,https://www.uy.somosadhoc.com/r/2ol,Av. Luis Alberto de Herrera 1290,https://www.odoo.com/partners/adhoc-smart-business-solutions-10532523
Uruguay,Altos Global,Ready,+598 97 859 788,contact@altos.global,https://altos.global,Camino de los Horneros 237,https://www.odoo.com/partners/altos-global-15807526
Uruguay,Epik,Ready,+598 95 635 051,info@epik.uy,,"Valdivia 1818, 11400 Barra de Carrasco, Canelones, Uruguay",https://www.odoo.com/partners/epik-8493124
Uruguay,Gecos Transformación Digital,Ready,+598 92 898 699,consultoria@gecos.com.uy,http://gecos.com.uy,Bulevar Artigas 581 Ap. 202,https://www.odoo.com/partners/gecos-transformacion-digital-5644385
Uruguay,ITECH COM SAS,Ready,+54 353 417-1679,itechlegales@gmail.com,https://itechcomsas.com/,CIRCUNVALACION DURANGO Puerta 303 Ap: 101,https://www.odoo.com/partners/itech-com-sas-20073633
Uruguay,LOGISMICO SAS,Ready,,,,,https://www.odoo.com/partners/logismico-sas-24996178
Uruguay,Lagom Asesores S.R.L,Ready,+59899557545,nmoran@lagomasesores.com,https://lagomasesores.com/,Tenerife 0,https://www.odoo.com/partners/lagom-asesores-s-r-l-27687069
Uruguay,KPI+,Ready,+598 96 832 228,info@kpimas.com,https://www.kpimas.com/en,Gregorio Suarez 2712,https://www.odoo.com/partners/kpi-13573517
Uruguay,hubIT,Ready,+598 95 801 351,rafael@hubitsystems.com,https://hubit.odoo.com/,"Av. Uruguay 1575, Piso 4, 401",https://www.odoo.com/partners/hubit-25276404
Uruguay,KreiLabs SAS,Silver,+598 99 711 412,contacto@kreilabs.com,https://kreilabs.com,Samuel Blixen 4375 Torre A ap 1405 - Distrito M,https://www.odoo.com/partners/kreilabs-sas-3573908
Uruguay,Montevideo Comm,Ready,+598 2402 2516,odoo@m.uy,,Br. Artigas 1129,https://www.odoo.com/partners/montevideo-comm-25195431
Uruguay,Arnaldo C. Castro S.A.,Silver,+59829027000,snyc_comercial@arnaldocastro.com.uy,http://arnaldocastro.com.uy,Julio Herrera y Obes 1626,https://www.odoo.com/partners/arnaldo-c-castro-s-a-1738830
Uruguay,OPEN TECH SAS,Ready,+598 92 902 060,marcelo@opentech.uy,https://www.opentech.uy/,Mones Roses 6655,https://www.odoo.com/partners/open-tech-sas-12923710
Uruguay,Pablo Suárez,Ready,+598 94292150,d.suarez@elfaro.com.uy,,Sanabria 926 Piriapolis,https://www.odoo.com/partners/pablo-suarez-7223072
Uruguay,NEXIT,Gold,+598 97 476 466,info@nexit.com.uy,http://www.nexit.com.uy,Patria 530,https://www.odoo.com/partners/nexit-1269723
Uruguay,OpenSur,Ready,+598 99 619181,info@opensur.com,http://www.opensur.com,Edil Hugo Prato 2153 oficina 301,https://www.odoo.com/partners/opensur-692315
Uruguay,Pócima Digital SAS,Ready,+598 95 020 444,marcos@pocimadigital.com,https://www.pocimadigital.com/en/,Bvar. España 2253,https://www.odoo.com/partners/pocima-digital-sas-26627975
Uruguay,Primate,Ready,,,,,https://www.odoo.com/partners/primate-5113606
Uruguay,Proyecta,Ready,+598 96 771 640,info@proyectasoft.com,,Av Sarmiento 2260,https://www.odoo.com/partners/proyecta-2194162
Uruguay,Softmerc Ltda.,Ready,+598 96 163 092,palbieni@softmerc.com.uy,https://www.softmerc.com/,La Gaceta 1274,https://www.odoo.com/partners/softmerc-ltda-4016237
Uruguay,Sisinfo - Sistemas Informáticos SRL,Ready,(+598) 2409 9095,odoo@sisinfo.com.uy,http://www.sisinfo.com.uy,Cnel Brandsen 1961 Of. 807,https://www.odoo.com/partners/sisinfo-sistemas-informaticos-srl-884562
Uruguay,OdooMas,Ready,,,,,https://www.odoo.com/partners/odoomas-24920157
Uruguay,Kanban Consultores,Ready,+598 29020662,hola@kanban.uy,https://www.kanbanconsultores.com/,Galicia 1126,https://www.odoo.com/partners/kanban-consultores-9666786
Uzbekistan,1OO Levelix,Ready,,,,,https://www.odoo.com/partners/1oo-levelix-28992827
Uzbekistan,DIGITAL MANAGEMENT SOLUTIONS LLC,Silver,+998 94 636 19 19,shirin.alijonova@dmspro.uz,http://dmspro.uz,"13A, 13, Amira Temur str, Mingorik, Mirabad area",https://www.odoo.com/partners/digital-management-solutions-llc-13616311
Uzbekistan,"""ABASYS"" LLC",Ready,+998 90 318 12 68,ayga@anabasys.com,https://anabasys.com/,Okibat MFY - Mustakillik str. 7,https://www.odoo.com/partners/abasys-llc-11225044
Uzbekistan,Sfera IT Solutions,Ready,+998 90 326 93 90,sferaitsolutions@gmail.com,http://sfera-solutions.uz,Mukimi 158,https://www.odoo.com/partners/sfera-it-solutions-24785897
Uzbekistan,"""BW DEV GROUP"" LLC",Ready,+998 97 707 11 44,bozorcomasia@gmail.com,http://hisobot.com/odoo,"Mumtoz MFY, Mumtoz Street, House 5, Yashnobod District",https://www.odoo.com/partners/bw-dev-group-llc-30103853
Uzbekistan,LLC TODOO,Silver,+998 78 113 66 02,info@todoo.uz,https://www.todoo.uz/,"dis. Shayxontohur, Suzuk ota 20",https://www.odoo.com/partners/llc-todoo-15312414
Uzbekistan,A-rise,Ready,+998 71 203 00 00,ayubxon.nigmonxojayev@a-rise.uz,http://a-rise.uz,"Shayhantahursky rayon, Bogkucha MFY",https://www.odoo.com/partners/a-rise-23976263
Uzbekistan,Deep Vision,Gold,+998-90-973-56-45; +998-77-093-0007;,info@deepvision.uz,https://deepvision.uz/,"Shakhrisabz Street, 25, Mirabad district",https://www.odoo.com/partners/deep-vision-20968544
Uzbekistan,APKO-D,Ready,+998903580004,alexander.em@apko-d.uz,http://apko-d.uz,"City of Tashkent, Mirzo-Ulugbek District, Ulugbek, Darkhan MFY, Salor Buya Street, House 35A",https://www.odoo.com/partners/apko-d-16164060
Uzbekistan,UIC Group,Silver,+998 94 273 62 02,info@uic.group,https://uic.group/,"улица Осиё, 6, махаллинский сход граждан Буюк Туран, Юнусабадский район, Ташкент, Тошкент, Uzbekistan",https://www.odoo.com/partners/uic-group-23071130
Uzbekistan,Celion,Ready,+998 90 993 42 28,ceo@celion.io,http://celion.io,"City of Tashkent, Yunusabad District, Mulugʻbek MFY (Neighborhood Citizens' Assembly), Kichik Halqa Automobile Road Street, House 34/36",https://www.odoo.com/partners/celion-24623350
Venezuela,"Anser Asesores, c.a",Ready,,sergiosequera@asesoresanser.com,,,https://www.odoo.com/partners/anser-asesores-c-a-21501092
Venezuela,ALTIX Corp.,Ready,,,,,https://www.odoo.com/partners/altix-corp-27022751
Venezuela,"AGUILAR, GODOY Y ASOCIADOS (SAGRA)",Ready,+58424-4923663,juan.godoy@sagra.com.ve,http://sagra.com.ve,CALLE 139 NRO. 100-96 EDIF CONJUNTO ARQUITECTÓNICO TORRE H PISO 1 OF OFICINA 1-4 URB EL VIÑEDO,https://www.odoo.com/partners/aguilar-godoy-y-asociados-sagra-6685234
Venezuela,Amador Espinoza,Ready,,,,,https://www.odoo.com/partners/amador-espinoza-15405848
Venezuela,AJS Solutions SpA,Ready,,,,,https://www.odoo.com/partners/ajs-solutions-spa-17979085
Venezuela,Alianza POS,Ready,+584242307929,info@alianzapos.com,https://alianzapos.com/,"Final 2a Calle Ruperto Lugo Edif. 21, Catia",https://www.odoo.com/partners/alianza-pos-20140410
Venezuela,"3D VISION, C.A.",Ready,+584143861465,sergiorhm@gmail.com,https://www.3dvisionve.com,"CARRERA NEKUIMA, PLANTA BAJA LOCAL I, ALTA VISTA PUERTO ORDAZ",https://www.odoo.com/partners/3d-vision-c-a-1024213
Venezuela,Almus Dev,Ready,+58 414-2240569,info@almus.dev,,"Av principal del Bosque, Chacaito.",https://www.odoo.com/partners/almus-dev-9766419
Venezuela,"ARKISOFT Soluciones de Software C,A",Silver,+58 424-2730928,oamaponte@gmail.com,,"Av. Diego Cisneros, Edif. Oficentro Los Ruices, Piso 3, Oficina L1, Los Ruices",https://www.odoo.com/partners/arkisoft-soluciones-de-software-c-a-3738605
Venezuela,3MIT,Gold,+58 412-7262561,ventas@3mit.net,https://www.3mit.net,Oficentro los Ruices,https://www.odoo.com/partners/3mit-2898423
Venezuela,Auditores Internos Outsourcing,Ready,,,,,https://www.odoo.com/partners/auditores-internos-outsourcing-21956907
Venezuela,B&R TECH,Ready,+58 414-2981472,odoo@brtech.pro,http://www.brtech.pro,"Calle Llano Verde, Urb. Cerro Verde, El Cafetal",https://www.odoo.com/partners/b-r-tech-20865704
Venezuela,Castejon Capital Group LLC,Ready,+1 786-450-3809,Castejoncapital@gmail.com,,"La Rubiera 3, Loc 5",https://www.odoo.com/partners/castejon-capital-group-llc-20801878
Venezuela,"Clover Internacional, C.A.",Ready,,,,,https://www.odoo.com/partners/clover-internacional-c-a-14058442
Venezuela,3PAR1 VENEZUELA C.A.,Silver,+584241352443,ninrod@3par1.com,http://www.3par1.com,Urb. Bella Vista Vereda 5,https://www.odoo.com/partners/3par1-venezuela-c-a-6055499
Venezuela,"CIMAS Proyectos, C.A.",Ready,+58 212-7937367,info@cimasproyectos.com,https://www.cimasproyectos.com,"Av Buenos Aires, Suites Profesionales Los Caobos, Piso 4",https://www.odoo.com/partners/cimas-proyectos-c-a-5482361
Venezuela,"COMPU CENTER, C.A.",Ready,+5804265524057,riverofranklin@gmail.com,,AV 34 CON CALLE 29 EDIF DON REMO LOCAL 2 SECTOR CENTRO,https://www.odoo.com/partners/compu-center-c-a-6274021
Venezuela,Binaural Compañía Anónima.,Gold,+584125079424,contacto@binauraldev.com,http://www.binauraldev.com/,Carrera 21 esquina calle 11,https://www.odoo.com/partners/binaural-compania-anonima-4251998
Venezuela,CHILL UC C.A.,Ready,+51 920 708 237,horacio@chill-uc.com,https://chill-uc.com/,Avenida Principal de Prados del Este,https://www.odoo.com/partners/chill-uc-c-a-30998209
Venezuela,CODING4U TECHNOLOGICAL SOLUTIONS C.A.,Ready,+58 4124726330,info@coding4utech.com,https://www.coding4utech.com/,"Avenida Chorros de Milla, Centro Comercial Villa Los Chorros, Piso 5, oficina 5-1",https://www.odoo.com/partners/coding4u-technological-solutions-c-a-438998
Venezuela,Athanor C.A,Ready,+58 414-1164319,athanorve@gmail.com,,"Calle Los Caciques, Edif El Cacique, Urb. El Llanito",https://www.odoo.com/partners/athanor-c-a-31939585
Venezuela,Consultores y firmas asociadas C.A,Ready,+58 414-6224741,confiacapresidente@gmail.com,https://www.instagram.com/confiacavzla/?hl=en,Avenida 4 bella vista con calle 76 edificio don matia piso 2 oficina 2A,https://www.odoo.com/partners/consultores-y-firmas-asociadas-c-a-15894848
Venezuela,Business Technology Development,Ready,+58 412-4094851,info@btdsistemas.com,https://btdsistemas.com/,"Torre Millenium, Barquisimeto 3001, Lara",https://www.odoo.com/partners/business-technology-development-15516800
Venezuela,Conceptual Dynamic,Ready,+58 414-2756760,odoo@conceptualdynamic.com,http://www.conceptualdynamic.com,Calle Boulevard de Sabana Grande con Calle Negrin Edif. Pasaje el Recreo Piso 4 Oficina 42,https://www.odoo.com/partners/conceptual-dynamic-7032178
Venezuela,Consultoria TiEG,Silver,+56 9 9549 3075,hola@ctieg.com,https://www.ctieg.com,Av. El Parque Plaza Guaica 382,https://www.odoo.com/partners/consultoria-tieg-18627740
Venezuela,"CORPORACION EL PORTAL DE COLINAS, C.A",Ready,+584241875444,jperezdollder@gmail.com,,AV MIGUEL ANGEL CON CALLE ALEJANDRIA,https://www.odoo.com/partners/corporacion-el-portal-de-colinas-c-a-12269869
Venezuela,Corporación KMG C.A.,Ready,+58 412-6277000,contacto.odoo@kmg.com.ve,http://www.kmg.com.ve,"AV JOSÉ ANTONIO PÁEZ DE EL PARAÍSO CC MULTIPLAZA, PARAÍSO NIVEL E1 OF E1-30 URB EL PARAÍSO",https://www.odoo.com/partners/corporacion-kmg-c-a-12142397
Venezuela,"Contables Boyer, Leon & Asociados",Gold,+58 414-6511919,francisco.boyer@contablesag.com,https://www.contablesag.com/en,"Calle 70 entre av. 12 y av. 13 Edificio Ana María, Planta Baja Local 1 y 2",https://www.odoo.com/partners/contables-boyer-leon-asociados-4288558
Venezuela,"Corporacion PC, C.A",Ready,+58 414-7138044,corporacionpcoficial@gmail.com,,"Calle 13, esquina con Carrera 16",https://www.odoo.com/partners/corporacion-pc-c-a-25779217
Venezuela,CRAZY IMAGINE SOFTWARE C.A.,Ready,+58 414-7079236,angel.nino@crazyimagine.com,,CALLE 1 CASA NRO 2-123 SECTOR AMBROSIO PLAZA PUEBLO NUEVO,https://www.odoo.com/partners/crazy-imagine-software-c-a-25188999
Venezuela,Cubix Solutions,Ready,,,,,https://www.odoo.com/partners/cubix-solutions-16289914
Venezuela,"Corporacion STYSA 1968, CA",Ready,+58 414-2575033,info@c-stysa.com,https://www.corporacion-stysa.com/,"Av. Casanova, Edificio Banco Plaza Piso 6. Ofic. 6-A . Urb. El Recreo",https://www.odoo.com/partners/corporacion-stysa-1968-ca-10384948
Venezuela,Deltoid,Ready,+58 424-7746306,odoo.partner@deltoid.com,https://deltoid.co,"Avenida 3 Independencia con Calle 21 Lasso, Centro Comercial La Rosalera.",https://www.odoo.com/partners/deltoid-24971987
Venezuela,De Jongh Computing Systems C.A.,Ready,,info@djcs.com.ve,,,https://www.odoo.com/partners/de-jongh-computing-systems-c-a-25426162
Venezuela,CSS Consultores 1010 C.A.,Silver,+584241343300,info@consultores1010.com,https://www.consultores1010.com/,"C.C. Concresa piso P2, oficina 413 Gran Caracas",https://www.odoo.com/partners/css-consultores-1010-c-a-14798177
Venezuela,DCS Empresarial,Ready,+58 414-8364192,fabreu@dcsempresarial.com,,Vigía,https://www.odoo.com/partners/dcs-empresarial-21680178
Venezuela,Edooit,Ready,+584124171238,valero.jose@edooit.com,,CALLE 1 CASA NRO 1-10,https://www.odoo.com/partners/edooit-27738949
Venezuela,EQUINOCCIO AGENCY C.A,Ready,+58 424-9404685,cesar.ramirez@grupoleiros.com,http://www.grupoleiros.com,AV JOSE ASUNCION RODRIGUEZ,https://www.odoo.com/partners/equinoccio-agency-c-a-11549166
Venezuela,CORPOEUREKA - EUREKA SERVICES,Gold,+58 412-3038811,ventas@corporacioneureka.com,https://corpoeureka.com/,"Av. 13 de Junio entre Av. 26 y 27, Centro Empresarial ACC, Local PB 2",https://www.odoo.com/partners/corpoeureka-eureka-services-5189050
Venezuela,"EVOLSYS, C.A.",Ready,+58 412-0264720,marnais.molina@evolsys.net,,"Avenida 1, Sector Manantial,",https://www.odoo.com/partners/evolsys-c-a-17563439
Venezuela,GEM TECHNOLOGY,Ready,+584129188937,mrequena@gemtechnology.net,http://gemtechnology.net,"Av. Francisco de Miranda, Torre Edicampo, Mezzanina, Ofic. 5, Mun. Chacao",https://www.odoo.com/partners/gem-technology-5465104
Venezuela,"Global Technology and Systems Consulting, C.A.",Ready,+58 412-0844064,ncarreno@gtsconsultingca.com,https://www.gtsconsultingca.com,"Av. San Jose de Tarbes con Av. Paseo Los Cabriales, Torre Platinum BOD",https://www.odoo.com/partners/global-technology-and-systems-consulting-c-a-15321243
Venezuela,Faiser Soft,Ready,+58 412-3737943,faiser.dev@gmail.com,https://faisersoft.com,"Calle 25, entre carreras 17 y 18.",https://www.odoo.com/partners/faiser-soft-20637329
Venezuela,"G3C CONSULTORES, C.A.",Ready,+58 412 302.7128,ventas@g3cconsultores.com,http://www.consultoresg3c.com,"Av. Luis Beltrán Prieto Figueroa, CC Judineca, Nivel II, Locales 20 y 21. Sector Caja de Agua, Punto Fijo, Estado Falcón",https://www.odoo.com/partners/g3c-consultores-c-a-5826797
Venezuela,EASY SOLUTIONS SERVICE,Silver,+58 412-2178045,info@easysolutionsservice.com,https://easysolutionsservice.com/,"Calle 136, Entre Av 60 y 63",https://www.odoo.com/partners/easy-solutions-service-14688295
Venezuela,Emprendimiento Franklin González 17,Ready,,,,,https://www.odoo.com/partners/emprendimiento-franklin-gonzalez-17-23202851
Venezuela,"GRUPO BIOS, C,A",Silver,+58 424-4922707,Grupobiosca@gmail.com,,"AV HENRY FORD CC HENRY FORD EDIFICIO 3B, ZONA INDUSTRIAL NORTE.",https://www.odoo.com/partners/grupo-bios-c-a-13124878
Venezuela,"Help-Des 2023, C.A",Ready,+58 414-2967661,dtorrealba@help-des.com,https://www.help-des.com,"Carrera 18 con calle 23 Edificion Industrial, Oficina 2-3.",https://www.odoo.com/partners/help-des-2023-c-a-16858272
Venezuela,GRUPO SOLUCIONES 360 C.A.,Ready,+58 4122341896,info@gruposoluciones360.com,,Calle zona rental de la universidad metropolitana centromet edif Andres German otro piso 2 oficina 1 urb terrazas del Ávila,https://www.odoo.com/partners/grupo-soluciones-360-c-a-14611007
Venezuela,INGEDACA C.A.,Ready,,,,,https://www.odoo.com/partners/ingedaca-c-a-11579998
Venezuela,"ICIVA TECHNOLOGY, C. A.",Ready,+58 412-4248220,info@icivatechnology.com,https://www.icivatechnology.com/,"Av Abraham Lincoln con Av Las Acacias, Torre Lincoln, piso 9, Oficina M. Sabana Grande, Parroquia el Recreo, Municipio Libertador. Distrito Capital.",https://www.odoo.com/partners/iciva-technology-c-a-5962766
Venezuela,Gallery Computer CA,Ready,,,,,https://www.odoo.com/partners/gallery-computer-ca-20331025
Venezuela,"Indexa IT Solutions, C.A.",Ready,+58 424-4142515 / +58 414-4397120,ventas@indexa.com.ve,https://indexa.com.ve/,"🌐Valencia: Centro Comercial Concepto La Viña, Piso 2, Ofc. 16 a 19. 🌐Caracas: Centro Empresarial Galipan, Torre C, Piso 4. El Rosal.",https://www.odoo.com/partners/indexa-it-solutions-c-a-8731931
Venezuela,Hi Technology C.A.,Ready,+58 412-2387136,info@somoshitech.com,https://www.somoshitech.com,"Calle Ticoporo, Edif Alessandra. Piso 6, Apto 6A",https://www.odoo.com/partners/hi-technology-c-a-17882472
Venezuela,Grupo Faster C.A.,Ready,+58 212-7719364,ventas@faster.com.ve,https://www.grupofaster.com,AV VENEZUELA EDF TORRE AMERICA PISO 3 OF 302 URB,https://www.odoo.com/partners/grupo-faster-c-a-12728101
Venezuela,Inversiones Bluecore 2021 C.A,Silver,+58 412-3976223,javier.gutierrez@bluecore-solutions.com,http://www.bluecorenetworks.io,Av Nueva York Centro Empresarial HTO,https://www.odoo.com/partners/inversiones-bluecore-2021-c-a-20331144
Venezuela,Jesús Rodríguez Digital,Ready,+58 424-3632033,jeadrr@gmail.com,,"Uranización El Paseo, Avenida 101, Casa 291",https://www.odoo.com/partners/jesus-rodriguez-digital-25476152
Venezuela,"IT SOLUTIONS & SERVICES, C.A.",Ready,+584123006815,maguilera@itss.com.ve,https://itss.com.ve/,Urb. Prados la Encrucijada,https://www.odoo.com/partners/it-solutions-services-c-a-9003194
Venezuela,"ITBC de Venezuela, C.A",Ready,+58 412-2009550,moraima.mendez@itbcgroup.com,,"Calle Los Laboratorio, Edf. Beta Piso 3 oficina 311. Los Cortijos de Lourdes",https://www.odoo.com/partners/itbc-de-venezuela-c-a-13178526
Venezuela,It Sales,Ready,+584142886118,contacto@itsalescorp.com,https://www.itsalescorp.com,"Calle 101/139, Torre H, Mezzanina A",https://www.odoo.com/partners/it-sales-2881955
Venezuela,Kode AI Solutions,Ready,,,,,https://www.odoo.com/partners/kode-ai-solutions-19685838
Venezuela,"INNOVATECH SOLUCIONES,C.A.",Ready,+58 414-3231910,jorgearraiz@gmail.com,https://www.somosinnovatech.com/,CALLE 12 EDIF VISTA AVILA PISO 6 APT 6-A URB LOMAS DEL AVILA CARACAS (PETARE),https://www.odoo.com/partners/innovatech-soluciones-c-a-14070510
Venezuela,Lex Nova Consultores C.A.,Ready,+58 424-2304537,lexnova.consultores.ccs@gmail.com,,"Calle Narváez, Local Lex Nova Consultores",https://www.odoo.com/partners/lex-nova-consultores-c-a-32074956
Venezuela,"KLIKUX LATAM, C.A",Ready,+58 412-5594001,ventas@klikux.com,https://klikux.com/,"AVENIDA PRINCIPAL DIEGO CISNEROS, SECTOR LOS RUICES, EDIFICIO CENTRO EMPRESARIAL LOS RUICES, PISO 2, OFICINA 212, LOS RUICES,",https://www.odoo.com/partners/klikux-latam-c-a-28634829
Venezuela,"LIFE TECH 1441, C. A.",Ready,,,,,https://www.odoo.com/partners/life-tech-1441-c-a-27483595
Venezuela,LIDA,Ready,+58 412-4229984,equipo@lidalabs.com,https://www.iutepal.edu.ve/sedes/2,Urb. Yuma II Calle 3,https://www.odoo.com/partners/lida-20179894
Venezuela,"Jidush System, C.A",Ready,+58 412-9892393,rivaserick18@gmail.com,http://www.jidushsystem.com,"Montalban III, Calle 2, Res. San Antonio, Caracas, Distrito Capital",https://www.odoo.com/partners/jidush-system-c-a-27780746
Venezuela,INGEINT CA,Ready,+58 412-7254747,orlando.curieles@ingeint.com,https://odoo.ingeint.com/,"Avenida Los Comuneros, Edificio El Impulso del este",https://www.odoo.com/partners/ingeint-ca-7454037
Venezuela,Logiciel,Silver,+58 412-6383471,nacarid.silva@logiciel.com.ve,http://www.logiciel.com.ve,"Centro Empresarial Don Bosco, MZ Ofic 22, Los Cortijos, Avda. Francisco de Miranda",https://www.odoo.com/partners/logiciel-4844365
Venezuela,Mia.services,Ready,+58 424-5899292,correo@mia.services,,BARQUISIMETO ESTADO LARA,https://www.odoo.com/partners/mia-services-27278746
Venezuela,Maquinas Fiscales C.A.,Ready,+1 786-600-5749,alexander@maquinasfiscales.com,https://maquinasfiscales.com/,"Av. Boulevard, C. C. Plaza Las Américas, Nivel Mirador, Local V-62,",https://www.odoo.com/partners/maquinas-fiscales-c-a-17288435
Venezuela,"NEXO SOLUCIONES INTEGRALES, C.A.",Ready,+5804221358570,estupinan.luis.1@gmail.com,,AV LA ESTANCIA CON CALLE ERNESTO BLOHM CC,https://www.odoo.com/partners/nexo-soluciones-integrales-c-a-31382986
Venezuela,MORNIX,Gold,+58 414-2937277,marketing@mornix.tech,https://mornix.tech/,AV PRINCIPAL FRANCISCO DE MIRANDA EDIF ILSE PISO MEZZANINA,https://www.odoo.com/partners/mornix-28246729
Venezuela,Mastercore Sinapsys Global Venezuela,Gold,+58 424-6255479,rhe@sinapsys.global,https://www.mastercore.us/en,"Av. Los Jabillos, Torre Tepuy Piso 3m Ofic. 3-A",https://www.odoo.com/partners/mastercore-sinapsys-global-venezuela-7830258
Venezuela,Nvision Consulting C.A.,Ready,,,,,https://www.odoo.com/partners/nvision-consulting-c-a-27778087
Venezuela,"Nimetrix, C.A.",Ready,+58 424-5720626,costarica@nimetrix.com,http://www.nimetrix.com,Ave Francisco Fajardo,https://www.odoo.com/partners/nimetrix-c-a-9786068
Venezuela,Lixie Studio Digital,Gold,+58 (412) 5494383,hola@lixie.io,https://lixie.io/,"Multicentro Empresarial del Este, Torre Libertador. Chacao - Caracas",https://www.odoo.com/partners/lixie-studio-digital-7987439
Venezuela,Nikkosoft,Silver,+58 412-2860437,eulises.galindo@nikkosoft.net,,"Av. Principal de Macaracuay, Multicentro Macaracuay, Piso 8, Oficina 08, Urb Macaracuay",https://www.odoo.com/partners/nikkosoft-14337473
Venezuela,NEXXUS CA,Ready,,,,,https://www.odoo.com/partners/nexxus-ca-13654852
Venezuela,Panda ID Soluciones C.A.,Ready,+584143668288,agonzalez@pandaid.com,https://pandaid.com/,Av san Felipe de la Castellana Torre Centro Coinasa Piso 3 ofic 36,https://www.odoo.com/partners/panda-id-soluciones-c-a-10969672
Venezuela,P&G CONSULTORES CA,Ready,+58 414-1458641,ronaldgutierrezpg@gmail.com,http://pgconsultores.com.ve,AV PASEO CABRIALES TORRE MOVILNET PISO 8 OFIC 07 VALENCIA CARABOBO,https://www.odoo.com/partners/p-g-consultores-ca-14572586
Venezuela,"NEXTTI SOLUTIONS, C.A",Ready,+58 244-3868448,contacto@nexttisolutions.com,,Calle Paez Casa Nro 24,https://www.odoo.com/partners/nextti-solutions-c-a-19749621
Venezuela,Pasion y Estrategia CA,Ready,+58 424-5158099,info@pasionyestrategia.com,,"Calle Los Comuneros Edif. El Impulso, Piso 2 Of 2-1",https://www.odoo.com/partners/pasion-y-estrategia-ca-14484655
Venezuela,Pleni Tech,Ready,+58 412-2233709,lms@pleni.app,https://www.pleni.app,"Transversal 9, Av 4. Quinta Altamira",https://www.odoo.com/partners/pleni-tech-17495378
Venezuela,NEXprint,Ready,,,,,https://www.odoo.com/partners/nexprint-8716950
Venezuela,Plus IT,Ready,+58 412-3230019,info@plus-it-projects.odoo.com,https://www.plusitprojects.com/,"Av.Veracruz con Orinoco, Torre Orinoco, Piso 6, Of 6E. Las Mercedes",https://www.odoo.com/partners/plus-it-15770180
Venezuela,PMA,Ready,+58 412-4541164,pozzomirezagency@gmail.com,,Avenida Las Delicias,https://www.odoo.com/partners/pma-26807625
Venezuela,PlusTeam C.A.,Ready,+584125347030,finances@plusteam.tech,https://www.plusteam.tech/en,"AV OCCIDENTAL CALLE SANJOSE,EDIF MURACHI",https://www.odoo.com/partners/plusteam-c-a-5429860
Venezuela,Point Technology,Ready,+58 412-7702930,Manager@pointtechnologyve.com,,Venezuela,https://www.odoo.com/partners/point-technology-15727018
Venezuela,"Qinepro Medical, C.A",Ready,,,,,https://www.odoo.com/partners/qinepro-medical-c-a-20375109
Venezuela,Project by Deskon,Ready,+584245397371,eliaschakra6@gmail.com,https://www.project.deskon.com.ve/,C. 41 & Carrera 21,https://www.odoo.com/partners/project-by-deskon-15176623
Venezuela,"SAKARA IA SOLUTIONS, C.A",Ready,+58 426-5366483,sakaraiasolutions@gmail.com,https://sakara-ia.com/,"URB SAN LUIS, BARUTA CARACAS MIRANDA",https://www.odoo.com/partners/sakara-ia-solutions-c-a-25167660
Venezuela,SCS BMS Venezuela CA,Ready,+52 55 4823 8644,egodylam@gruposcs.com,,"Av. La Estancia, Centro Ciudad Comercial Tamanaco, Primera Etapa, Piso 6, Ofc. 612",https://www.odoo.com/partners/scs-bms-venezuela-ca-8480216
Venezuela,SGC Consultores C.A.,Ready,+584244178584,soluciones2000@gmail.com,https://www.sgc-consultores.com.ve,Parroquia San Blas avenida Uslar,https://www.odoo.com/partners/sgc-consultores-c-a-7440596
Venezuela,Senkusa Tech C.A,Ready,+58 414-3225474,contacto@senkusatech.com,,San Martin,https://www.odoo.com/partners/senkusa-tech-c-a-23297135
Venezuela,SINCA Soluciones Integrales S.A.,Silver,+58 212-9537744,info@sinca.com,http://www.sinca.com,El Rosal Libertador Edifica Piso 3,https://www.odoo.com/partners/sinca-soluciones-integrales-s-a-22398727
Venezuela,Silicon Valley LATAM,Ready,+58 414-2094996,odoo@siliconvalleyve.com,https://www.siliconvalleyve.com/index.html,"Edificio Parque Cristal, Torre Oeste",https://www.odoo.com/partners/silicon-valley-latam-22247896
Venezuela,Sisvase Consulting Solutions C.A.,Ready,+58 4127144649,omar.veronese@sisvase.net,https://www.sisvase.net,"CALLE ORINOCO, EDIF ORINOCO PISO 6 OFIC 6E LAS MERCEDES CARACAS VENEZUELA",https://www.odoo.com/partners/sisvase-consulting-solutions-c-a-14391331
Venezuela,Smarketics,Ready,+13023650461,"smarketics@smarketics.com, amujica@smarketics.com",https://smarketics.com,Av Principal del Hatillo la Boyera,https://www.odoo.com/partners/smarketics-3861087
Venezuela,SMART AUTOMATA C.A.,Silver,+52 1 55 3191 5832,soporte@smartautomatai.com,https://www.smartautomatai.com/,"Av. 111 Edif. Brisas Style Piso PH, Apto. B, Urb. Los Mangos",https://www.odoo.com/partners/smart-automata-c-a-14146522
Venezuela,"PROTOKOl GRUPO DE INFORMATICA Y TELECOMUNICACIONES, C.A",Ready,+58 412-6240331,info@protokolgroup.com,,"CCCT piramide invertida, piso, of. 130",https://www.odoo.com/partners/protokol-grupo-de-informatica-y-telecomunicaciones-c-a-15334940
Venezuela,PROTECSOFT C.A,Ready,+58 414-9529039,rubenandrespradodiaz@gmail.com,,"Oficina Principal: en Chacao, Calle Sucre, Centro Comercial Galerias Miranda, / Direccion Fiscal: Final Av Baralt con Av Boyaca, Calle El Retiro, Sector Terraza B, Local 38.",https://www.odoo.com/partners/protecsoft-c-a-9551932
Venezuela,"Smart Systems, C.A.",Silver,+584144005759,admon@smartsystems.com.ve,https://smartsystems.com.ve,"Av. Paseo Cabriales, Torre Movilnet, Piso PB, Local PB-6 Valencia Edo. Carabobo",https://www.odoo.com/partners/smart-systems-c-a-9608358
Venezuela,Softdigital Consulting C.A.,Ready,+1 754-364-6237,softdigital.consulting@gmail.com,,"Entre Avenida Venezuela y Avenida Pichincha , Centro Comercial Rosal Plaza, Local 31, El Rosal.",https://www.odoo.com/partners/softdigital-consulting-c-a-19387677
Venezuela,RX2DEVS C.A.,Ready,+58 422-6712439,odoo@rx2devs.com,,"CALLE 15, FUNDACION MENDOZA",https://www.odoo.com/partners/rx2devs-c-a-22290951
Venezuela,S2C TECHNOLOGY C.A,Ready,,,,,https://www.odoo.com/partners/s2c-technology-c-a-147410
Venezuela,"RicardoTeran.Net., C.A.",Ready,+58 412-9933321,genecastillo@ricardoteran.net,https://www.ricardoteran.net,"Carrera 25 entre Calles 19 y 20, Edif Lenke, Piso 1",https://www.odoo.com/partners/ricardoteran-net-c-a-20792434
Venezuela,RADIX,Ready,,,,,https://www.odoo.com/partners/radix-17270902
Venezuela,"Quicktek, S.A",Ready,+58 412-8358717,ventas@quick-tek.com,,Av principal Urbina Edificio Duri,https://www.odoo.com/partners/quicktek-s-a-24925820
Venezuela,RAOD System C.A,Ready,+1 786-212-3480,ceo@raodsystem.com,https://raodsystem.com/,Ubr. La Floresta Av. Principal Nro: 298,https://www.odoo.com/partners/raod-system-c-a-14547998
Venezuela,SoftnetCorp Venezuela,Ready,+58.412.012.0936,info@softnetcorp.net,,Calle Madrid Centro Financiero Madrid Piso 1 Oficina E,https://www.odoo.com/partners/softnetcorp-venezuela-1979702
Venezuela,"SOLSGE, S.A.",Ready,+58 412-1681775,rafael.vivas@solsge.com,,"Av 13-A con Calles 75 y 76, No 75.17, Edif. First, Ofic. 1B,",https://www.odoo.com/partners/solsge-s-a-16005042
Venezuela,Somos tu apoyo gerencial,Ready,+58 424-5608003,atcclientes@somostuapoyogerencial.com,https://somostuapoyogerencial.com/,calle 39 entre carreras 20 y 21 edificio la princesa piso 3 oficina 19,https://www.odoo.com/partners/somos-tu-apoyo-gerencial-22158178
Venezuela,Solve IT LLC,Ready,+58 414-9214245,ventas@solveitvzla.com,,Caracas Venezuela,https://www.odoo.com/partners/solve-it-llc-30941160
Venezuela,Soluciones Dimac 21 C.A.,Ready,+584243185270,gfiguera@dimac21.com,https://soluciones-dimac-21-ca.odoo.com/,"Calle Loma Azul, Quinta Ini Iti",https://www.odoo.com/partners/soluciones-dimac-21-c-a-5823048
Venezuela,"Soltevic 2602, C.A.",Ready,+58 414-9264641,ventas@soltevic.com,,"Caracas, Guatire y San Antonio de los Altos",https://www.odoo.com/partners/soltevic-2602-c-a-15539709
Venezuela,"SOLUCIONES SOFTHARD, C.A.",Gold,+58 412-6026392,jmancilla@solucionesofthard.com.ve,http://www.solucionesofthard.com.ve/,AV LIBERTADR CON CALLE PANTIN EDIFICIO GALERIAS PANTIN LOCAL 2,https://www.odoo.com/partners/soluciones-softhard-c-a-3680287
